personId|accountId|createTime
729|4614219293217785425|2020-01-10 06:22:20.222
467|4619004367821865972|2020-01-27 17:55:09.206
601|4625196817309500703|2020-02-18 05:44:20.655
51|4628855992006738013|2020-03-02 12:47:18.726
630|4640677941028586840|2020-04-13 17:53:48.932
2199023255634|4640959416005296287|2020-04-14 20:08:15.427
632|4644055640749114719|2020-04-25 17:12:17.773
433|4645744490609378224|2020-05-01 12:42:05.751
668|4647433340469642673|2020-05-07 09:31:24.731
263|4648840715353195055|2020-05-12 02:54:39.38
580|4648840715353195760|2020-05-12 07:20:33.922
2199023255900|4650248090236748534|2020-05-17 23:48:13.525
2199023255844|4651655465120301686|2020-05-22 13:25:24.547
307|4652499890050433685|2020-05-25 13:28:18.687
2199023256322|4652781365027145381|2020-05-26 08:20:41.462
775|4652781365027145396|2020-05-26 21:45:21.362
264|4654751689864118832|2020-06-02 23:51:28.653
2199023256322|4657003489677805220|2020-06-10 23:13:28.056
2199023255783|4661507089305174497|2020-06-27 03:53:28.622
2199023255836|4664040364095570531|2020-07-05 22:59:05.522
648|4664321839072281992|2020-07-06 16:40:38.026
535|4664603314048992395|2020-07-07 22:50:08.234
2199023255790|4664603314048991734|2020-07-08 02:44:39.09
173|4666573638885966169|2020-07-14 10:52:04.924
4|4667136588839387145|2020-07-17 02:39:41.539
2199023255634|4667699538792808605|2020-07-18 13:55:27.536
30|4670232813583204413|2020-07-27 12:05:32.638
4398046511104|4671921663443468288|2020-08-02 11:50:21.996
2199023256128|4673047563350312168|2020-08-06 05:31:50.574
24|4673610513303732271|2020-08-08 19:05:07.512
2199023255790|4673891988280443381|2020-08-09 22:53:40.287
4398046511622|4674173463257154662|2020-08-10 07:35:44.962
4398046511111|4674173463257153549|2020-08-10 09:44:04.774
2199023256133|4674173463257154804|2020-08-11 03:40:41.045
2199023256322|4674454938233865894|2020-08-11 07:31:33.655
4398046511888|4674736413210576584|2020-08-12 19:49:11.684
675|4674736413210576320|2020-08-12 21:26:22.15
363|4675580838140707611|2020-08-15 16:01:36.985
2199023255836|4678114112931103330|2020-08-24 06:00:08.942
632|4679521487814657374|2020-08-29 16:24:18.633
2199023255662|4680928862698209493|2020-09-03 21:45:38.601
4398046511553|4681491812651631567|2020-09-06 02:58:04.078
2199023255742|4682617712558473604|2020-09-09 20:20:39.17
51|4683462137488605278|2020-09-12 22:03:48.188
2199023256266|4685150987348870694|2020-09-18 23:43:57.301
4398046511407|4685432462325580433|2020-09-20 01:00:25.7
2199023255560|4686276887255711760|2020-09-22 06:55:49.873
4398046511890|4687121312185845452|2020-09-25 11:14:17.006
2199023255742|4687121312185844101|2020-09-25 17:42:44.351
6597069767083|4687121312185844640|2020-09-25 20:02:14.781
775|4687965737115977395|2020-09-28 19:51:20.008
4398046511412|4687965737115976345|2020-09-29 00:13:01.697
646|4688528687069398403|2020-09-30 17:41:16.516
2199023256248|4689373111999530488|2020-10-03 19:42:27.803
4398046511829|4690217536929662533|2020-10-06 14:35:38.915
6597069766753|4691061961859793080|2020-10-09 11:11:21.638
6597069767323|4694721136557032880|2020-10-22 23:54:54.151
433|4695565561487164334|2020-10-25 09:04:14.056
4398046511407|4695847036463874703|2020-10-26 12:39:53.181
4398046511816|4695847036463875613|2020-10-27 05:01:26.297
2199023255599|4696128511440584791|2020-10-27 16:24:27.232
363|4696128511440585500|2020-10-27 17:10:11.181
4398046511741|4697817361300850030|2020-11-02 16:50:16.48
4398046511890|4698098836277561035|2020-11-03 07:28:44.64
2199023255808|4700069161114534427|2020-11-10 22:05:49.841
636|4700350636091245930|2020-11-11 18:44:24.021
2199023255998|4701195061021377480|2020-11-15 01:57:12.581
2199023255611|4701195061021376616|2020-11-15 05:50:51.532
4398046511703|4703165385858352412|2020-11-21 15:35:07.655
2199023255611|4703165385858351210|2020-11-21 20:00:29.833
4398046511240|4703728335811772683|2020-11-23 13:01:34.724
2199023255607|4703728335811772514|2020-11-24 04:01:26.715
2199023256185|4704009810788484452|2020-11-24 14:18:40.05
6597069766721|4704291285765193844|2020-11-26 02:18:04.433
646|4705417185672037765|2020-11-29 17:40:40.327
6597069767450|4705698660648748763|2020-11-30 19:45:49.875
4398046511519|4706261610602169223|2020-12-03 00:34:33.183
8796093022481|4706543085578879558|2020-12-03 09:43:30.472
4398046511258|4706543085578879279|2020-12-03 17:18:25.016
2199023255634|4709076360369275038|2020-12-12 08:42:03.791
2199023256249|4709076360369276410|2020-12-13 03:34:15.105
8796093022401|4709357835345985933|2020-12-13 11:23:00.803
8796093022410|4709357835345985949|2020-12-14 05:16:10.572
668|4709920785299408307|2020-12-15 08:33:18.515
8796093022687|4709920785299407891|2020-12-15 19:09:35.512
8796093022559|4710202260276118272|2020-12-16 08:36:23.124
6597069767003|4711328160182960885|2020-12-20 19:50:44.173
2199023256040|4711609635159671845|2020-12-22 01:44:50.711
8796093022370|4711891110136381763|2020-12-23 02:31:46.849
315|4712172585113092774|2020-12-23 10:07:28.308
4398046511149|4712172585113092179|2020-12-23 23:06:04.601
8796093022574|4712172585113092900|2020-12-24 01:27:15.123
6597069766951|4712454060089803388|2020-12-24 23:57:34.334
8796093022479|4712454060089803328|2020-12-25 05:47:40.479
8796093022698|4713298485019935787|2020-12-27 23:42:26.114
6597069767428|4713579959996647084|2020-12-28 17:26:15.005
187|4713579959996645756|2020-12-29 07:23:26.859
2199023255611|4713861434973356137|2020-12-29 17:45:00.686
4398046511518|4713861434973356934|2020-12-30 05:19:17.833
433|4714142909950067631|2020-12-30 08:35:00.131
8796093022388|4714142909950067055|2020-12-30 14:53:41.636
601|4714142909950067998|2020-12-31 03:02:15.119
6597069767060|4714424384926778224|2020-12-31 10:47:52.4
6597069766775|4714424384926777576|2020-12-31 12:33:49.457
6597069767219|4714705859903489232|2021-01-01 19:32:16.681
6597069767043|4714987334880199507|2021-01-02 10:38:47.288
6597069766847|4715268809856909703|2021-01-03 16:55:19.952
6597069767131|4715550284833620998|2021-01-05 01:56:38.675
8796093022940|4715831759810332247|2021-01-06 06:31:43.275
6597069767323|4716957659717174703|2021-01-09 09:13:31.088
2199023256212|4717239134693885342|2021-01-10 16:34:10.588
4398046511208|4717802084647305419|2021-01-12 23:06:15.22
431|4718365034600727466|2021-01-14 11:49:16.404
4398046511258|4718646509577437485|2021-01-15 12:32:10.173
6597069767055|4719209459530859365|2021-01-18 04:16:58.326
2199023256025|4720335359437702147|2021-01-21 15:02:01.15
8796093022218|4720335359437701140|2021-01-22 04:57:00.671
4398046511226|4720898309391122670|2021-01-24 05:32:17.593
24|4721179784367833137|2021-01-24 19:32:00.247
8796093022236|4721742734321254459|2021-01-26 18:31:53.951
4398046511738|4722024209297966437|2021-01-27 22:33:15.477
257|4722587159251386908|2021-01-30 06:33:45.39
8796093022481|4722587159251386951|2021-01-30 07:36:06.476
8796093022326|4723713059158229222|2021-02-02 13:46:52.353
2199023256258|4723994534134941194|2021-02-03 18:55:55.195
8796093022309|4723994534134939840|2021-02-04 06:56:02.986
10995116277884|4724276009111650544|2021-02-05 06:17:02.707
8796093022409|4724557484088361370|2021-02-05 13:04:09.81
6597069766847|4724557484088361353|2021-02-05 14:13:31.608
6597069767294|4725964858971915631|2021-02-10 22:48:02.719
6597069767446|4725964858971915986|2021-02-10 22:59:35.501
2199023255634|4727372233855467680|2021-02-15 15:21:43.322
4398046511689|4727372233855468797|2021-02-16 02:24:40.074
8796093022752|4727935183808890020|2021-02-17 21:25:29.33
6597069766923|4728498133762310711|2021-02-19 20:23:46.787
6597069766687|4729342558692442175|2021-02-22 23:04:38.626
8796093022774|4729342558692443350|2021-02-23 05:24:16.917
6597069767142|4730749933575996446|2021-02-27 14:09:00.531
372|4730749933575996214|2021-02-28 04:52:36.434
4398046511738|4730749933575996774|2021-02-28 08:14:00.877
10995116277834|4731031408552706182|2021-02-28 11:48:23.742
775|4731875833482839733|2021-03-03 09:41:42.134
6597069767021|4731875833482838816|2021-03-03 22:59:15.126
315|4732438783436260009|2021-03-06 04:59:16.484
4398046511116|4733846158319812635|2021-03-10 11:26:43.322
8796093022700|4734409108273234993|2021-03-12 12:25:23.832
420|4734409108273234833|2021-03-13 03:00:58.196
4398046511208|4735253533203366089|2021-03-15 12:26:08.919
6597069767294|4735253533203367281|2021-03-15 18:47:36.307
6597069767323|4736379433110209966|2021-03-19 23:00:40.408
6597069767069|4737505333017052032|2021-03-23 14:16:43.953
684|4737505333017052634|2021-03-24 09:14:59.63
580|4738068282970473711|2021-03-26 08:58:57.355
10995116278112|4739194182877315844|2021-03-29 10:33:09.227
4398046511120|4739194182877315106|2021-03-30 00:15:57.581
10995116278005|4739475657854026245|2021-03-31 03:57:40.983
6597069767243|4740038607807448321|2021-04-01 13:07:22.86
6597069766911|4740038607807447578|2021-04-01 15:07:36.398
4|4740320082784157703|2021-04-03 02:46:52.96
2199023255879|4740320082784158405|2021-04-03 06:33:32.944
4398046511741|4740601557760869741|2021-04-04 09:04:49.895
2199023255836|4740883032737579617|2021-04-04 20:22:07.698
8796093022693|4741164507714290715|2021-04-05 23:40:33.547
10995116278363|4741445982691001638|2021-04-06 16:33:02.653
636|4741727457667712363|2021-04-07 14:49:29.838
10995116278183|4742290407621133210|2021-04-09 11:51:25.257
8796093022896|4742290407621133791|2021-04-10 09:05:57.805
10995116278230|4742571882597843964|2021-04-10 13:04:34.882
8796093022799|4742853357574554894|2021-04-11 18:53:18.539
6597069766822|4743697782504685898|2021-04-14 23:32:51.918
4398046511393|4743697782504686189|2021-04-15 10:00:44.941
13194139533795|4743979257481397272|2021-04-15 16:40:43.414
8796093022417|4743979257481396653|2021-04-15 23:40:09.084
4398046511622|4745105157388239975|2021-04-20 06:32:45.034
8796093022352|4745949582318371102|2021-04-22 15:21:20.241
10995116278005|4746794007248503300|2021-04-25 19:36:03.337
640|4747075482225214838|2021-04-27 01:15:27.105
2199023256174|4747356957201925447|2021-04-28 01:22:35.472
93|4747638432178634930|2021-04-28 14:18:25.883
4398046511629|4747919907155346551|2021-04-29 11:52:59.401
6597069767393|4747919907155347041|2021-04-29 15:58:09.425
13194139534080|4748482857108768417|2021-05-01 20:17:14.688
2199023256040|4748482857108767780|2021-05-01 21:55:07.001
4398046511663|4749045807062189257|2021-05-03 16:53:53.452
2199023255662|4749045807062188244|2021-05-03 18:32:50.53
8796093022359|4749045807062188328|2021-05-04 05:36:23.316
8796093022326|4749045807062188261|2021-05-04 08:26:08.569
8796093022226|4749045807062188072|2021-05-04 08:49:54.38
8796093022538|4749890231992320716|2021-05-06 23:14:30.822
13194139533542|4750171706969031133|2021-05-08 07:45:26.749
10995116277833|4750453181945741445|2021-05-09 10:28:24.204
4398046511724|4750734656922453317|2021-05-09 17:17:14.352
263|4750734656922452525|2021-05-09 20:49:16.443
4398046511240|4751016131899162894|2021-05-10 18:24:16.056
13194139533432|4751016131899162860|2021-05-11 07:33:26.555
2199023256301|4751579081852585600|2021-05-13 10:51:06.111
10995116278272|4752142031806006366|2021-05-15 01:24:23.015
13194139533470|4752423506782716218|2021-05-15 16:36:37.578
13194139533817|4752423506782717011|2021-05-15 22:12:06.165
4398046511733|4752423506782717267|2021-05-16 07:47:11.315
642|4752704981759427962|2021-05-17 00:00:21.365
2199023256011|4752704981759427556|2021-05-17 03:31:44.954
8796093022417|4752986456736137646|2021-05-17 19:19:37.234
125|4753267931712848113|2021-05-19 05:39:17.709
4|4753830881666269192|2021-05-21 01:34:04.577
4398046511733|4754112356642981202|2021-05-22 03:49:59.418
8796093023003|4754393831619692255|2021-05-23 10:49:47.709
4398046511111|4755519731526533134|2021-05-27 10:27:46.963
8796093022698|4755801206503244845|2021-05-27 21:22:57.312
10995116278272|4755801206503244895|2021-05-28 01:31:44.064
363|4755801206503244573|2021-05-28 09:45:52.396
4398046511249|4756082681479954719|2021-05-28 17:27:25.315
372|4757208581386797877|2021-06-01 16:45:19.022
13194139533489|4757771531340218724|2021-06-03 12:05:39.216
4398046511113|4758897431247061010|2021-06-07 21:46:54.906
8796093022546|4758897431247061729|2021-06-07 22:05:35.477
4398046511629|4759741856177194105|2021-06-11 10:29:59.782
426|4760867756084036511|2021-06-15 10:20:29.631
307|4761149231060746903|2021-06-16 03:18:44.675
8796093022799|4761149231060747533|2021-06-16 06:07:51.439
8796093022687|4761712181014168593|2021-06-18 03:03:48.958
8796093022416|4762275130967589290|2021-06-20 00:18:24.129
13194139533553|4762556605944300026|2021-06-20 14:52:04.162
6597069767021|4762838080921010977|2021-06-22 01:08:32.543
13194139533470|4762838080921010491|2021-06-22 07:32:00.999
15393162789365|4764245455804564552|2021-06-26 17:43:22.196
668|4764245455804564916|2021-06-26 20:41:09.07
6597069766852|4764245455804563859|2021-06-26 22:49:54.234
6597069766839|4764245455804563826|2021-06-27 06:25:17.742
13194139533426|4764245455804563675|2021-06-27 11:01:34.911
6597069767069|4764526930781275010|2021-06-27 23:25:17.565
2199023255783|4764526930781274595|2021-06-28 04:07:15.629
10995116278106|4764526930781274868|2021-06-28 04:42:08.086
13194139534013|4764808405757986306|2021-06-29 09:50:51.252
8796093022782|4765652830688117988|2021-07-02 03:44:03.368
13194139534056|4765652830688118386|2021-07-02 03:58:11.419
10995116278290|4765652830688117891|2021-07-02 04:18:45.064
15393162789080|4765934305664827832|2021-07-03 10:34:26.22
8796093022409|4768186105478513052|2021-07-10 18:40:56.634
6597069766957|4768186105478513291|2021-07-11 03:33:40.133
10995116278112|4768467580455224066|2021-07-11 13:48:20.119
10995116278271|4769030530408645725|2021-07-14 03:37:52.783
6597069767376|4769312005385356856|2021-07-15 09:12:31.955
13194139533468|4769593480362066231|2021-07-15 18:07:28.628
125|4769874955338776819|2021-07-17 08:55:21.503
10995116277915|4770437905292198193|2021-07-18 13:26:10.831
13194139534021|4770437905292199446|2021-07-18 22:00:41.852
13194139534054|4770437905292199535|2021-07-19 01:11:29.807
15393162789298|4770719380268909490|2021-07-19 20:59:56.572
8796093022388|4771282330222330222|2021-07-21 14:14:56.605
2199023255844|4771845280175751795|2021-07-24 00:29:30.024
13194139533843|4772408230129173636|2021-07-26 04:59:00.752
13194139533690|4772689705105883970|2021-07-27 04:39:34.114
6597069766877|4772971180082594242|2021-07-28 12:07:38.931
6597069766847|4773252655059304840|2021-07-28 13:10:07.095
6597069767450|4773534130036016861|2021-07-29 19:17:14.53
6597069766941|4773534130036015716|2021-07-29 19:46:34.809
8796093022538|4773534130036015819|2021-07-29 21:37:43.965
8796093022352|4773815605012726045|2021-07-31 09:47:05.183
10995116278112|4773815605012726531|2021-07-31 10:32:44.979
6597069766911|4773815605012726297|2021-07-31 12:30:27.787
10995116277978|4774097079989436861|2021-08-01 00:53:41.415
10995116278204|4774378554966148035|2021-08-01 18:46:33.332
8796093022747|4774660029942858901|2021-08-02 16:04:57.077
10995116277974|4774660029942858165|2021-08-02 19:01:41.322
10995116277854|4774941504919568564|2021-08-03 23:24:24.796
6597069766903|4774941504919568903|2021-08-03 23:58:49.784
4398046511113|4774941504919568403|2021-08-04 05:12:23.592
24|4774941504919568432|2021-08-04 08:18:27.172
535|4775222979896280204|2021-08-05 05:26:49.704
8796093022546|4775504454872990434|2021-08-05 19:34:30.727
10995116277985|4776630354779832784|2021-08-09 13:39:21.085
8796093022629|4776630354779833236|2021-08-10 06:48:26.089
4398046511829|4776630354779833924|2021-08-10 10:39:25.183
13194139533901|4776911829756544260|2021-08-11 09:27:04.192
8796093022387|4777193304733253994|2021-08-11 13:49:20.969
15393162789544|4777193304733255119|2021-08-11 15:11:23.806
4398046511208|4777193304733253832|2021-08-11 18:11:05.677
10995116278363|4777193304733254952|2021-08-12 08:52:25.891
354|4777474779709965062|2021-08-12 19:13:56.468
13194139533432|4777756254686675179|2021-08-13 22:18:34.135
2199023255746|4777756254686675343|2021-08-14 07:42:33.417
8796093022559|4778319204640097023|2021-08-15 19:42:11.791
8796093022629|4778319204640097173|2021-08-16 04:23:45.083
15393162788943|4779163629570228373|2021-08-18 21:16:13.033
187|4779163629570228603|2021-08-19 11:33:56.487
50|4779445104546938971|2021-08-19 18:01:33.245
15393162789107|4779445104546939389|2021-08-20 05:05:31.193
4398046511553|4779445104546939854|2021-08-20 08:15:02.188
6597069766721|4779726579523649651|2021-08-21 11:35:52.88
6597069767428|4780008054500361899|2021-08-22 11:55:39.827
6597069767315|4780289529477072283|2021-08-23 08:11:42.938
13194139533389|4780571004453781647|2021-08-23 17:26:51.002
6597069767446|4780571004453783249|2021-08-24 08:32:55.653
6597069766820|4780852479430492486|2021-08-24 14:00:37.265
477|4780852479430493197|2021-08-25 12:58:11.535
8796093022218|4781133954407202837|2021-08-26 01:56:40.606
13194139533765|4781415429383914453|2021-08-26 18:34:48.839
13194139533549|4781415429383913970|2021-08-27 11:29:28.726
13194139533426|4781696904360624348|2021-08-27 23:14:22.846
6597069767043|4781696904360624977|2021-08-28 00:44:06.205
15393162789157|4781978379337335417|2021-08-28 17:20:10.097
4398046511816|4782259854314047006|2021-08-30 01:28:18.141
2199023256185|4782822804267468130|2021-09-01 05:44:48.549
15393162789164|4782822804267467400|2021-09-01 09:31:09.225
6597069766712|4783104279244177508|2021-09-01 19:49:38.907
10995116278498|4783104279244179042|2021-09-01 23:12:51.091
10995116277985|4783667229197599183|2021-09-03 17:30:44.623
497|4783667229197599805|2021-09-03 19:03:50.031
8796093022574|4783948704174310179|2021-09-04 15:00:36.809
51|4783948704174309468|2021-09-04 19:23:20.96
8796093022526|4784230179151020724|2021-09-05 19:13:29.383
15393162789435|4784793129104442590|2021-09-08 09:44:23.846
2199023255682|4784793129104441598|2021-09-08 11:29:40.991
8796093022710|4785074604081153098|2021-09-09 03:52:20.863
13194139533350|4785074604081152073|2021-09-09 13:30:38.79
10995116278346|4785356079057863935|2021-09-10 05:18:29.867
15393162789296|4785637554034574253|2021-09-10 19:01:33.738
8796093022401|4785919029011284366|2021-09-12 12:02:34.67
13194139534059|4786200503987996281|2021-09-12 17:41:39.398
2199023255895|4786200503987995377|2021-09-12 17:58:15.462
13194139533860|4786200503987995820|2021-09-13 00:43:42.043
6597069767083|4786200503987995554|2021-09-13 01:15:42.469
8796093022702|4786481978964706358|2021-09-14 01:24:12.071
2199023256258|4786763453941417485|2021-09-15 02:34:33.459
4398046511409|4787326403894837907|2021-09-16 22:32:05.158
13194139533522|4787607878871548337|2021-09-17 17:56:16.125
642|4787607878871549307|2021-09-17 22:34:38.949
13194139533662|4787607878871548667|2021-09-18 00:34:55.673
8796093022496|4787607878871548521|2021-09-18 04:04:52.604
2199023256212|4788452303801681311|2021-09-20 18:29:35.838
17592186045069|4789015253755102609|2021-09-22 20:01:32.111
8796093022496|4789296728731812456|2021-09-23 14:05:06.406
6597069767000|4789296728731812594|2021-09-23 18:38:28.621
2199023256131|4789296728731813101|2021-09-23 20:32:35.024
13194139533765|4789578203708523479|2021-09-25 03:50:05.652
2199023255836|4789578203708523104|2021-09-25 11:39:22.487
743|4789859678685234800|2021-09-26 00:16:02.808
15393162788995|4790422628638654720|2021-09-27 17:54:11.463
2199023256266|4791267053568788004|2021-09-30 18:21:37.821
580|4791267053568787698|2021-10-01 01:33:57.509
13194139533860|4791267053568787629|2021-10-01 04:14:04.608
15393162789098|4791830003522208234|2021-10-02 14:58:36.362
13194139533398|4792392953475629222|2021-10-04 15:31:01.266
13194139533860|4792392953475630255|2021-10-05 02:36:15.847
17592186044959|4792674428452340896|2021-10-06 07:24:49.65
17592186044575|4792955903429050686|2021-10-07 02:39:19.742
13194139533426|4793237378405761242|2021-10-07 18:21:48.903
15393162789435|4793518853382472927|2021-10-08 16:47:49.383
17592186044592|4793518853382472033|2021-10-08 18:56:42.394
13194139533556|4793800328359182848|2021-10-09 23:15:40.614
15393162789225|4793800328359183126|2021-10-10 06:53:04.976
2199023255851|4793800328359182982|2021-10-10 11:57:08.212
8796093022352|4794081803335893276|2021-10-11 10:57:37.888
17592186044959|4794363278312604833|2021-10-12 01:31:34.641
15393162789480|4794644753289315647|2021-10-12 19:18:10.594
15393162789436|4794644753289315552|2021-10-13 10:35:53.53
125|4794926228266025204|2021-10-14 08:19:51.154
8796093022559|4795489178219447038|2021-10-15 15:37:12.71
8796093023003|4795489178219448030|2021-10-16 02:04:23.017
2199023256228|4795489178219447746|2021-10-16 05:51:02.796
13194139534013|4796052128172869123|2021-10-18 03:20:55.3
17592186045014|4796052128172868891|2021-10-18 04:17:29.21
13194139534039|4796052128172869194|2021-10-18 10:09:18.003
10995116278188|4796333603149579172|2021-10-19 05:12:48.642
8796093022225|4796333603149578275|2021-10-19 06:10:52.328
13194139534021|4796333603149579799|2021-10-19 10:54:46.64
125|4796615078126289138|2021-10-20 01:02:37.087
2199023255992|4796615078126289852|2021-10-20 01:54:45.652
10995116277851|4796896553102999728|2021-10-21 10:51:05.688
15393162789436|4797178028079711457|2021-10-22 04:12:41.856
2199023255805|4797459503056421395|2021-10-23 01:25:02.601
4398046511393|4797740978033132139|2021-10-24 00:34:31.014
8796093022354|4797740978033131808|2021-10-24 12:48:47.181
15393162789327|4798022453009843181|2021-10-24 23:00:49.239
15393162789435|4798303927986554076|2021-10-26 02:14:12.43
17592186045187|4798303927986554536|2021-10-26 13:33:22.042
8796093022737|4798585402963264641|2021-10-27 13:07:48.534
17592186044823|4798866877939975030|2021-10-28 02:43:31.717
8796093022698|4798866877939975212|2021-10-28 12:07:07.52
646|4799429827893396870|2021-10-29 16:51:08.166
17592186045140|4799711302870107712|2021-10-31 02:58:07.023
17592186044455|4800555727800238154|2021-11-02 20:28:28.306
17592186044714|4800555727800238725|2021-11-03 09:43:01.258
17592186044575|4801118677753659709|2021-11-05 05:19:38.869
15393162789590|4801400152730371655|2021-11-05 19:31:51.029
6597069766773|4801400152730370274|2021-11-06 01:04:57.477
17592186045187|4803370477567346345|2021-11-12 23:45:20.39
15393162789129|4803651952544055859|2021-11-14 01:16:17.474
4398046511888|4803651952544057030|2021-11-14 06:14:49.557
8796093022387|4803651952544055659|2021-11-14 08:28:07.739
13194139533515|4803651952544055714|2021-11-14 09:48:32.316
630|4803933427520767317|2021-11-15 03:11:26.988
17592186044486|4804214902497476734|2021-11-16 02:20:26.415
13194139533556|4804496377474187777|2021-11-16 22:57:21.331
4398046511663|4804496377474188490|2021-11-17 01:35:48.374
4398046511865|4804777852450899602|2021-11-18 04:45:28.682
10995116278165|4804777852450898802|2021-11-18 09:36:28.524
13194139533372|4805340802404319341|2021-11-20 04:17:11.782
2199023256258|4805622277381031436|2021-11-20 19:03:57.642
15393162788939|4805622277381030023|2021-11-21 10:57:40.381
2199023255844|4805903752357741173|2021-11-21 18:33:02.458
17592186044615|4806466702311162263|2021-11-24 04:03:34.042
17592186044516|4806748177287872701|2021-11-24 19:44:25.602
6597069766687|4806748177287872576|2021-11-25 04:21:18.592
15393162788925|4807311127241293934|2021-11-26 18:00:20.421
4398046511885|4807311127241295552|2021-11-27 09:11:27.749
15393162789118|4807592602218005014|2021-11-27 17:05:06.769
15393162789580|4807874077194716715|2021-11-28 18:12:22.912
10995116277848|4807874077194715308|2021-11-29 13:10:11.389
15393162789580|4808155552171427372|2021-11-30 00:27:52.677
15393162789144|4808437027148137049|2021-11-30 19:23:51.339
8796093022218|4808437027148136470|2021-11-30 23:00:11.593
19791209300659|4808437027148137957|2021-12-01 03:03:57.89
4398046511274|4808718502124847446|2021-12-02 12:16:24.595
17592186044846|4809281452078269353|2021-12-04 03:38:23.679
8796093022387|4809844402031690093|2021-12-05 17:46:04.473
13194139533686|4810407351985111865|2021-12-08 00:07:40.025
8796093022526|4810407351985111730|2021-12-08 09:31:13.863
17592186045137|4810970301938533946|2021-12-10 13:56:59.485
32|4811251776915243073|2021-12-11 03:00:09.974
8796093022566|4811251776915243792|2021-12-11 11:42:35.885
10995116277915|4811533251891953970|2021-12-12 05:49:52.407
684|4811533251891955161|2021-12-12 07:33:33.656
13194139534019|4811814726868665872|2021-12-13 00:56:53.921
8796093022940|4811814726868665941|2021-12-13 11:15:49.118
13194139533662|4812377676822086393|2021-12-14 16:05:35.904
19791209300660|4812377676822087147|2021-12-15 07:08:22.1
13194139533522|4812377676822086064|2021-12-15 09:11:40.264
8796093022538|4812940626775507662|2021-12-16 16:04:35.528
13194139533432|4812940626775507177|2021-12-16 20:14:31.276
2199023256185|4813222101752218979|2021-12-18 01:39:30.114
13194139533549|4813503576728928755|2021-12-19 07:27:28.869
6597069766923|4813785051705639481|2021-12-20 07:14:37.514
15393162789643|4814066526682351294|2021-12-20 18:20:20.01
13194139533468|4814348001659060534|2021-12-21 20:59:03.749
4398046511412|4814629476635771544|2021-12-23 09:44:09.304
372|4814910951612482356|2021-12-23 22:51:59.864
17592186044583|4815192426589192524|2021-12-24 22:08:31.153
19791209300428|4815755376542614502|2021-12-27 14:45:28.663
19791209300194|4816036851519324627|2021-12-27 19:37:05.468
10995116278547|4816318326496036557|2021-12-28 17:13:06.473
13194139533863|4816318326496036024|2021-12-28 19:11:00.685
19791209300374|4816318326496035700|2021-12-29 06:50:32.429
13194139533470|4816318326496035129|2021-12-29 12:04:38.041
10995116278292|4816599801472746629|2021-12-30 01:42:42.211
4398046511878|4816599801472747186|2021-12-30 06:06:48.739
8796093022546|4817162751426167523|2021-12-31 17:08:36.685
8796093022359|4817162751426167082|2021-12-31 22:15:50.479
13194139533468|4817162751426167093|2021-12-31 23:30:35.723
6597069767428|4817162751426168493|2022-01-01 02:24:56.825
535|4817162751426167949|2022-01-01 06:22:22.292
19791209300660|4817162751426168298|2022-01-01 07:43:05.026
15393162788890|4817725701379588150|2022-01-03 08:07:06.234
8796093022401|4818007176356299148|2022-01-03 20:47:14.619
19791209300552|4818007176356300028|2022-01-04 15:41:54.029
10995116277827|4818288651333009528|2022-01-05 00:13:55.72
13194139533594|4818288651333010013|2022-01-05 03:45:11.049
19791209300691|4818288651333011007|2022-01-05 13:28:15.406
13194139534039|4818570126309721675|2022-01-06 07:17:24.745
6597069767198|4818570126309721244|2022-01-06 14:17:20.057
8796093022225|4818851601286430757|2022-01-06 20:49:47.223
8796093022820|4818851601286432056|2022-01-07 10:41:46.219
6597069766775|4818851601286430951|2022-01-07 11:24:10.655
15393162789144|4819414551239852632|2022-01-08 19:21:00.989
19791209300634|4819414551239853483|2022-01-08 20:57:58.773
185|4819414551239852406|2022-01-09 02:35:56.002
15393162789154|4819414551239852656|2022-01-09 11:27:34.683
8796093022778|4819696026216563931|2022-01-09 23:07:46.77
15393162789505|4819696026216564088|2022-01-10 05:28:20.257
6597069767178|4819977501193274479|2022-01-11 02:11:16.725
15393162789283|4820258976169984910|2022-01-11 21:09:43.732
13194139533558|4820258976169984518|2022-01-12 02:38:46.971
420|4820540451146695568|2022-01-12 20:27:25.062
10995116278277|4821103401100117093|2022-01-14 18:20:25.485
6597069766847|4821103401100116362|2022-01-14 18:51:26.62
4398046511722|4821103401100117314|2022-01-15 06:20:37.539
19791209300634|4821947826030249388|2022-01-17 19:49:10.824
8796093022799|4821947826030249228|2022-01-18 01:08:25.273
8796093022226|4821947826030247975|2022-01-18 07:18:49.701
4398046511731|4821947826030249295|2022-01-18 09:17:39.324
10995116278168|4822229301006959479|2022-01-18 20:09:48.884
6597069766679|4822792250960379950|2022-01-20 19:17:19.467
19791209300685|4823073725937092143|2022-01-21 17:27:04.834
19791209300091|4823073725937090799|2022-01-22 14:38:31.66
8796093022702|4823355200913802297|2022-01-23 13:51:48.028
15393162789558|4824481100820645360|2022-01-26 21:53:46.37
467|4824762575797355509|2022-01-27 17:32:51.748
4398046511393|4824762575797355114|2022-01-28 07:02:22.377
8796093022416|4825044050774065580|2022-01-28 16:38:58.095
10995116278421|4825044050774066592|2022-01-29 01:38:06.818
13194139533863|4825044050774066358|2022-01-29 13:10:36.7
8796093022409|4825325525750776217|2022-01-29 20:28:52.408
8796093022538|4825325525750776525|2022-01-30 00:37:47.806
19791209300020|4825325525750775903|2022-01-30 14:54:25.134
2199023256185|4825607000727487841|2022-01-31 08:02:17.317
17592186044583|4825888475704197453|2022-01-31 20:07:07.237
19791209300696|4826169950680909391|2022-02-01 18:15:08.638
15393162789617|4826169950680909446|2022-02-01 21:12:17.304
8796093022482|4826169950680908361|2022-02-02 06:10:27.099
2199023256343|4826169950680909526|2022-02-02 11:43:11.561
17592186044418|4826169950680907779|2022-02-02 14:54:45.595
6597069767060|4826451425657619313|2022-02-02 20:57:07.625
13194139533549|4826451425657618932|2022-02-03 13:15:44.407
10995116278131|4826451425657619251|2022-02-03 13:22:17.433
15393162789643|4826732900634330812|2022-02-04 02:12:14.668
17592186044431|4826732900634329120|2022-02-04 07:52:50.723
8796093022687|4827014375611040784|2022-02-05 07:20:20.493
17592186044598|4827014375611040113|2022-02-05 13:23:16.738
17592186044478|4827295850587750511|2022-02-05 20:43:58.927
21990232556302|4827295850587752130|2022-02-06 10:52:43.686
17592186044488|4827577325564461186|2022-02-07 15:51:32.456
21990232556302|4827858800541173444|2022-02-07 20:15:24.152
15393162789590|4827858800541173320|2022-02-07 22:17:35.578
19791209300374|4827858800541172595|2022-02-08 10:19:17.134
19791209300513|4828140275517883558|2022-02-09 03:22:42.874
19791209300634|4828140275517883818|2022-02-09 13:32:47.557
19791209300533|4828140275517883602|2022-02-09 15:44:56.99
19791209300428|4828421750494594021|2022-02-10 11:51:55.885
4398046511504|4828703225471304551|2022-02-10 21:32:56.382
17592186045013|4828703225471304986|2022-02-11 03:28:36.758
10995116278498|4828984700448015971|2022-02-11 22:29:51.88
17592186044998|4829266175424726263|2022-02-12 20:51:06.904
4398046511629|4829266175424726136|2022-02-12 21:54:17.155
8796093022482|4829266175424725578|2022-02-13 04:28:23.821
2199023256040|4829547650401436707|2022-02-14 16:03:10.998
2199023255805|4829829125378146837|2022-02-15 02:17:04.834
13194139533860|4829829125378147502|2022-02-15 04:05:25.541
10995116278272|4829829125378147424|2022-02-15 16:49:43.887
15393162789200|4830392075331568348|2022-02-16 22:37:43.192
13194139533468|4830673550308278580|2022-02-17 23:02:10.161
13194139533907|4830673550308279575|2022-02-18 07:46:48.433
15393162789643|4830955025284990653|2022-02-19 10:09:25.206
2199023255805|4830955025284989460|2022-02-19 10:43:32.849
6597069767391|4830955025284990556|2022-02-19 15:21:13.927
10995116278131|4831799450215121714|2022-02-22 02:04:49.504
13194139533445|4832080925191831812|2022-02-23 02:49:13.159
2199023255585|4832080925191831620|2022-02-23 04:58:57.789
10995116277833|4832080925191831684|2022-02-23 16:26:14.731
21990232556126|4832362400168543532|2022-02-24 09:43:03.611
21990232556061|4832362400168543386|2022-02-24 11:44:43.875
19791209300337|4832362400168543021|2022-02-24 15:51:07.677
15393162789505|4832643875145254263|2022-02-24 19:13:56.912
13194139533768|4832643875145253854|2022-02-25 01:25:48.74
13194139533475|4832643875145253189|2022-02-25 10:05:49.706
8796093022587|4833206825098675011|2022-02-27 09:40:32.337
107|4833488300075385041|2022-02-27 23:20:48.764
19791209300194|4833488300075385298|2022-02-28 08:26:16.565
15393162789183|4833488300075385527|2022-02-28 09:41:40.628
19791209300379|4833769775052096379|2022-02-28 18:11:21.33
6597069767229|4833769775052096738|2022-03-01 02:17:38.389
19791209300528|4833769775052096715|2022-03-01 07:14:48.478
8796093022416|4833769775052095915|2022-03-01 07:25:25.212
8796093022643|4833769775052096435|2022-03-01 11:56:12.484
10995116278153|4833769775052096348|2022-03-01 12:59:50.333
15393162789021|4834051250028806456|2022-03-01 23:30:48.103
2199023255746|4834051250028806545|2022-03-02 15:09:04.637
8796093022409|4834332725005517211|2022-03-03 12:28:47.498
2199023256131|4834332725005518062|2022-03-03 12:48:43.769
15393162789080|4834614199982227895|2022-03-03 21:30:15.869
21990232556316|4834614199982229217|2022-03-04 06:14:30.26
13194139533398|4834614199982227624|2022-03-04 07:22:21.244
17592186044431|4834614199982227489|2022-03-04 07:44:00.592
10995116278183|4834895674958939033|2022-03-04 18:19:32.567
21990232556265|4834895674958939764|2022-03-05 03:04:59.059
19791209300522|4834895674958939326|2022-03-05 14:33:54.847
19791209300657|4835177149935650273|2022-03-06 06:24:32.383
13194139533389|4835177149935648913|2022-03-06 07:24:45.396
2199023256025|4835177149935649794|2022-03-06 07:45:36.536
15393162788939|4835177149935648905|2022-03-06 16:28:00.718
15393162789311|4835458624912360395|2022-03-06 21:22:40.612
187|4835458624912359805|2022-03-07 13:05:02.001
19791209300651|4835458624912360920|2022-03-07 15:03:17.497
13194139533542|4835740099889070559|2022-03-07 20:48:57.464
6597069767021|4835740099889070879|2022-03-07 21:13:38.562
15393162789558|4836021574865782255|2022-03-09 16:28:00.006
13194139533426|4836303049842491613|2022-03-10 10:16:39.135
2199023255846|4836303049842492026|2022-03-10 12:35:12.044
13194139534019|4836303049842492942|2022-03-10 14:37:12.787
8796093022546|4836584524819202784|2022-03-10 21:29:13.07
13194139533389|4836584524819202192|2022-03-11 01:02:46.353
15393162789333|4836584524819203066|2022-03-11 04:03:20.208
21990232555996|4836865999795913736|2022-03-12 02:57:16.356
642|4836865999795914108|2022-03-12 08:14:40.471
10995116278385|4836865999795914058|2022-03-12 17:24:54.877
4398046511878|4837147474772625073|2022-03-12 22:07:08.884
8796093022643|4837428949749334964|2022-03-13 20:09:25.126
6597069766722|4837428949749334135|2022-03-14 04:55:34.54
15393162789372|4837428949749335126|2022-03-14 16:05:54.156
10995116278362|4837710424726045987|2022-03-14 21:49:01.147
21990232555796|4837991899702755919|2022-03-16 00:47:12.102
21990232555616|4838273374679466166|2022-03-16 23:48:13.802
8796093022226|4838554849656176678|2022-03-18 14:47:26.337
19791209300686|4838836324632888881|2022-03-18 22:23:21.509
10995116278183|4838836324632888216|2022-03-19 10:49:50.445
433|4838836324632888241|2022-03-19 14:14:42.195
6597069767450|4839399274586310362|2022-03-21 01:39:50.84
8796093022526|4839399274586309299|2022-03-21 08:55:29.672
8796093022643|4839680749563020213|2022-03-22 03:48:15.148
8796093022387|4840243699516440940|2022-03-23 23:41:57.09
6597069767446|4840243699516442324|2022-03-24 03:05:21.136
6597069766911|4840525174493151768|2022-03-24 20:19:08.016
2199023255955|4840525174493152111|2022-03-24 20:22:50
6597069766957|4840525174493151882|2022-03-25 00:52:36.387
13194139533901|4840525174493152518|2022-03-25 10:44:13.57
2199023256309|4840525174493152909|2022-03-25 13:40:53.194
21990232556135|4841088124446573885|2022-03-27 00:13:30.507
21990232556110|4841088124446573834|2022-03-27 15:00:48.592
17592186044438|4841088124446572589|2022-03-27 17:20:37.535
6597069766710|4841369599423283297|2022-03-28 13:11:19.387
15393162789563|4841651074399995390|2022-03-28 20:36:13.145
755|4841651074399995531|2022-03-29 09:01:22.794
19791209300070|4841651074399994050|2022-03-29 17:11:42.493
21990232556268|4841932549376706175|2022-03-29 22:24:10.474
21990232555534|4841932549376704541|2022-03-30 01:06:48.575
21990232555890|4842214024353415984|2022-03-31 00:21:19.56
21990232555743|4842214024353415624|2022-03-31 09:46:07.335
15393162788943|4842214024353415316|2022-03-31 16:28:05.404
21990232555623|4842495499330126023|2022-03-31 23:42:52.729
8796093022782|4842495499330127075|2022-04-01 16:09:53.718
8796093022346|4842495499330126097|2022-04-01 17:20:06.019
15393162789579|4842495499330127400|2022-04-01 17:44:21.436
19791209300622|4842776974306837906|2022-04-02 04:41:21.554
21990232555660|4842776974306836758|2022-04-02 10:02:08.149
17592186044998|4843058449283548406|2022-04-02 20:46:15.751
21990232556151|4843058449283548505|2022-04-02 21:24:21.812
17592186044812|4843058449283548001|2022-04-03 08:44:47.963
17592186045187|4843058449283548842|2022-04-03 09:07:51.934
17592186044592|4843339924260258146|2022-04-03 23:14:30.24
8796093022820|4843339924260259127|2022-04-04 03:38:58.846
13194139533901|4843339924260259079|2022-04-04 08:43:49.528
8796093022940|4843339924260259414|2022-04-04 09:55:50.313
2199023256258|4843339924260259339|2022-04-04 14:22:09.032
648|4843621399236969865|2022-04-04 18:39:02.973
21990232556020|4843621399236969543|2022-04-04 19:46:46.991
17592186044846|4843621399236969384|2022-04-05 04:02:29.07
21990232555607|4843621399236968618|2022-04-05 07:17:38.748
19791209300008|4843902874213679182|2022-04-06 09:13:54.514
15393162789580|4843902874213680682|2022-04-06 17:48:51.557
21990232555896|4844184349190390590|2022-04-07 06:24:17.853
21990232555688|4844465824167100753|2022-04-08 09:18:27.453
19791209300374|4844465824167101301|2022-04-08 11:56:15.043
13194139533348|4844465824167100487|2022-04-08 13:24:42.05
4398046511316|4844465824167100851|2022-04-08 17:22:22.244
21990232555962|4844747299143812033|2022-04-08 20:19:35.343
13194139533380|4844747299143811193|2022-04-09 01:27:07.398
21990232556287|4845028774120523422|2022-04-09 21:27:42.488
8796093022370|4845310249097232708|2022-04-11 02:05:14.237
21990232556190|4845310249097233848|2022-04-11 03:26:15.8
19791209300551|4845310249097233657|2022-04-11 15:54:08.39
15393162789157|4845591724073943672|2022-04-11 20:20:07.346
19791209300533|4845591724073944275|2022-04-12 08:59:51.705
2199023256133|4845591724073944307|2022-04-12 17:19:52.015
507|4845873199050654805|2022-04-13 03:55:20.223
13194139533947|4846154674027365736|2022-04-14 05:37:45.069
15393162789600|4846154674027365983|2022-04-14 15:04:45.97
4398046511749|4846436149004076416|2022-04-14 20:39:56.601
10995116277985|4846436149004075473|2022-04-15 13:43:42.684
8796093022354|4846717623980785955|2022-04-16 01:54:29.505
15393162789296|4846717623980786603|2022-04-16 02:08:09.496
13194139533693|4846717623980786501|2022-04-16 04:05:48.189
19791209300226|4846717623980786208|2022-04-16 10:38:01.648
2199023256114|4846999098957497549|2022-04-16 23:09:03.634
19791209300285|4846999098957497005|2022-04-17 06:18:58.273
648|4847280573934208394|2022-04-17 20:56:52.04
2199023255900|4847280573934207735|2022-04-18 02:11:17.417
13194139533780|4847280573934207991|2022-04-18 11:55:27.372
13194139533696|4847562048910918475|2022-04-19 03:41:51.253
15393162789225|4847562048910918421|2022-04-19 18:15:40.401
10995116278182|4847843523887629206|2022-04-20 15:07:42.169
6597069767130|4848124998864339973|2022-04-21 02:48:59.274
24189255811665|4848124998864340242|2022-04-21 17:56:14.31
6597069766951|4848406473841050237|2022-04-21 20:10:57.094
19791209300350|4848406473841050439|2022-04-21 22:18:40.133
4398046511393|4848969423794471532|2022-04-24 16:38:47.923
769|4849532373747893923|2022-04-25 21:26:50.279
8796093023003|4849532373747893984|2022-04-26 00:18:13.049
8796093022574|4849532373747893030|2022-04-26 15:12:34.529
24189255811527|4849532373747893210|2022-04-26 16:35:19.322
19791209300686|4849813848724604467|2022-04-27 03:17:17.276
21990232555848|4849813848724603590|2022-04-27 05:59:34.073
19791209300685|4849813848724604461|2022-04-27 12:42:53.75
24189255811576|4849813848724603983|2022-04-27 18:03:58.955
21990232555698|4850095323701313895|2022-04-28 01:02:37.345
6597069766739|4850376798678024353|2022-04-28 20:49:55.759
21990232555688|4850376798678024526|2022-04-29 03:22:01.765
6597069767337|4850376798678025680|2022-04-29 14:42:30.39
19791209300413|4850658273654735815|2022-04-29 20:35:02.744
19791209300537|4850658273654736090|2022-04-29 23:01:34.254
8796093022702|4850658273654735928|2022-04-30 05:05:38.972
13194139534015|4850658273654736389|2022-04-30 05:55:13.831
8796093022214|4850939748631445516|2022-05-01 00:43:12.199
21990232555796|4850939748631446094|2022-05-01 06:20:10.018
13194139533765|4850939748631446486|2022-05-01 09:24:00.595
13194139533481|4850939748631445843|2022-05-01 18:39:02.073
17592186045180|4851221223608157848|2022-05-02 00:34:31.916
19791209300350|4851221223608156998|2022-05-02 09:56:19.521
13194139534059|4851221223608157819|2022-05-02 10:10:39.294
21990232555601|4851502698584866971|2022-05-02 19:46:17.96
19791209300109|4851502698584867095|2022-05-03 08:34:01.85
24189255811749|4851502698584868295|2022-05-03 18:33:20.511
24189255811749|4851784173561578949|2022-05-04 10:23:13.783
2199023255803|4852065648538288655|2022-05-05 07:52:44.066
4398046511722|4852065648538289475|2022-05-05 08:23:47.292
19791209300622|4852347123515000212|2022-05-06 05:30:52.682
17592186044846|4852347123514999718|2022-05-06 17:18:42.933
13194139533662|4852628598491710204|2022-05-07 13:36:55.122
2199023256343|4852628598491711189|2022-05-07 16:00:34.092
19791209300691|4852910073468421693|2022-05-07 23:55:24.034
15393162789200|4852910073468420830|2022-05-08 01:22:09.178
19791209300622|4853191548445132179|2022-05-08 20:40:09.016
10995116278421|4853191548445132193|2022-05-08 21:59:35.818
10995116278363|4853191548445132069|2022-05-09 15:29:19.362
17592186044418|4853191548445130754|2022-05-09 16:42:52.933
15393162789372|4853191548445131863|2022-05-09 17:29:00.263
15393162789600|4853473023421843038|2022-05-10 06:52:11.159
17592186044694|4853754498398552661|2022-05-10 21:37:06.579
21990232555685|4853754498398552391|2022-05-11 06:55:00.068
21990232556274|4854035973375264392|2022-05-11 22:48:18.772
236|4854035973375263217|2022-05-12 13:32:26.219
15393162789657|4854035973375264473|2022-05-12 18:05:34.438
21990232555607|4854317448351973547|2022-05-13 07:59:41.871
10995116278362|4854317448351974692|2022-05-13 09:18:26.577
44|4854598923328684114|2022-05-13 23:15:56.841
15393162788943|4854598923328684179|2022-05-14 04:14:00.058
13194139533481|4854598923328684372|2022-05-14 09:23:01.822
15393162789333|4854880398305395704|2022-05-15 04:01:25.26
13194139534080|4854880398305396383|2022-05-15 13:13:18.64
13194139533845|4855161873282106502|2022-05-15 23:23:37.305
2199023255742|4855443348258816387|2022-05-17 13:44:46.641
21990232555725|4855724823235527077|2022-05-17 20:02:01.103
17592186045178|4855724823235528341|2022-05-18 01:23:03.26
19791209300109|4856006298212237592|2022-05-18 20:15:39.695
17592186045180|4856006298212239001|2022-05-19 02:51:45.111
6597069766721|4856006298212237430|2022-05-19 16:02:22.892
24189255811686|4856287773188949306|2022-05-20 04:58:00.176
729|4856287773188949586|2022-05-20 17:38:55.085
4398046511208|4856569248165658826|2022-05-20 20:47:56.545
8796093022702|4856569248165659703|2022-05-20 22:19:23.853
13194139533481|4856850723142369618|2022-05-21 19:20:59.584
21990232556298|4856850723142371001|2022-05-21 21:34:26.886
21990232555796|4856850723142369872|2022-05-21 22:54:57.822
13194139534088|4856850723142370998|2022-05-22 04:59:10.904
24189255811394|4856850723142369980|2022-05-22 18:06:09.461
24189255811368|4857132198119080575|2022-05-23 14:19:08.15
17592186045087|4857413673095792059|2022-05-24 11:19:15.32
19791209300413|4857976623049212869|2022-05-26 01:29:42.881
21990232556108|4857976623049213187|2022-05-26 08:21:49.725
21990232555944|4858258098025923483|2022-05-26 20:16:48.067
24189255811412|4858258098025923306|2022-05-26 22:27:22.825
8796093022774|4858258098025923797|2022-05-27 09:45:29.896
13194139533750|4858258098025923513|2022-05-27 15:12:54.382
21990232556316|4858258098025924322|2022-05-27 18:48:55.558
2199023256131|4858539573002634476|2022-05-28 04:32:41.369
13194139534054|4858539573002634862|2022-05-28 07:59:13.338
19791209300478|4858539573002634332|2022-05-28 12:10:53.16
15393162789080|4858539573002633657|2022-05-28 12:26:19.017
21990232556261|4858821047979345516|2022-05-28 20:33:12.847
2199023255812|4858821047979344420|2022-05-28 22:19:58.518
21990232556135|4858821047979345214|2022-05-29 15:25:56.104
785|4859102522956056265|2022-05-29 21:09:18.767
15393162789168|4859102522956055186|2022-05-30 09:20:50.943
10995116278540|4859102522956056255|2022-05-30 09:41:39.261
17592186045162|4859383997932766838|2022-05-31 00:10:57.25
24189255811125|4859383997932765280|2022-05-31 03:58:00.41
21990232555660|4859383997932765461|2022-05-31 17:04:41.845
17592186044441|4859665472909475891|2022-05-31 23:11:27.932
13194139533662|4859665472909476602|2022-06-01 02:54:42.256
24189255811770|4859946947886188028|2022-06-02 06:31:11.948
17592186044935|4860228422862898282|2022-06-02 20:02:11.284
6597069766951|4860228422862897790|2022-06-03 00:36:17.571
21990232555996|4860509897839608841|2022-06-03 21:10:25.468
24189255811501|4860791372816319397|2022-06-05 03:41:53.667
13194139533389|4861354322769739918|2022-06-06 22:51:38.856
24189255811412|4861635797746451177|2022-06-07 22:24:50.435
21990232555740|4861635797746450880|2022-06-08 05:45:31.501
8796093022474|4861635797746450998|2022-06-08 17:11:43.564
8796093022225|4861917272723161124|2022-06-08 22:08:23.454
21990232556268|4861917272723162750|2022-06-09 06:36:09.245
2199023255866|4862480222676583077|2022-06-10 19:48:43.691
668|4862480222676583858|2022-06-10 20:33:20.872
17592186045087|4862480222676583866|2022-06-11 08:32:34.394
10995116277854|4862761697653293235|2022-06-11 21:27:04.416
24189255811177|4862761697653293261|2022-06-12 02:27:49.691
21990232555853|4862761697653293779|2022-06-12 05:54:08.132
8796093022693|4862761697653294109|2022-06-12 06:18:33.721
21990232556193|4862761697653294526|2022-06-12 10:12:07.001
21990232556061|4862761697653294232|2022-06-12 12:23:16.409
17592186044441|4862761697653293109|2022-06-12 13:43:04.519
2199023255682|4863043172630003964|2022-06-13 00:12:33.555
24189255811388|4863043172630004394|2022-06-13 04:02:13.31
21990232555539|4863043172630003753|2022-06-13 04:50:34.158
19791209300070|4863324647606714563|2022-06-13 22:35:23.768
8796093022425|4863324647606714811|2022-06-14 00:35:32.646
675|4863606122583426497|2022-06-15 07:23:55.083
17592186044853|4863606122583425975|2022-06-15 07:30:30.483
21990232555566|4863606122583425110|2022-06-15 08:02:57.955
21990232556151|4863606122583426396|2022-06-15 12:49:16.943
21990232556110|4863606122583426313|2022-06-15 18:14:59.381
19791209300533|4863887597560136916|2022-06-15 21:43:00.882
21990232555831|4863887597560136349|2022-06-15 23:39:12.21
21990232556274|4864169072536848009|2022-06-17 19:17:19.955
15393162789164|4864450547513557641|2022-06-18 02:32:40.193
6597069767069|4864450547513557887|2022-06-18 12:56:39.246
19791209300522|4864450547513558207|2022-06-18 15:08:02.035
15393162789579|4864450547513558567|2022-06-18 16:12:21.892
6597069767300|4864732022490269055|2022-06-18 22:49:56.552
19791209300726|4864732022490269326|2022-06-19 10:38:47.656
15393162789579|4865013497466979881|2022-06-20 15:14:01.213
17592186044853|4865294972443689912|2022-06-20 22:08:22.601
2199023255767|4865294972443689398|2022-06-21 00:07:37.715
21990232556298|4865294972443690680|2022-06-21 13:00:08.378
21990232555698|4865576447420399976|2022-06-22 12:10:43.486
24189255811749|4865576447420401096|2022-06-22 14:50:40.128
19791209300572|4865857922397111593|2022-06-23 04:56:00.387
19791209300163|4865857922397110674|2022-06-23 19:21:52.387
21990232555657|4866139397373821199|2022-06-24 00:22:45.429
13194139533765|4866139397373821912|2022-06-24 03:09:33.206
15393162789417|4866139397373822141|2022-06-24 10:58:45.029
24189255811396|4866139397373821631|2022-06-24 18:52:53.8
13194139534013|4866420872350533121|2022-06-25 13:13:53.596
21990232556274|4866702347327243911|2022-06-25 23:44:08.64
4|4866702347327242246|2022-06-26 16:52:56.876
19791209300379|4866702347327243133|2022-06-26 16:59:17.454
4398046511829|4866983822303954502|2022-06-26 21:27:13.862
24189255811177|4866983822303953102|2022-06-27 07:48:34.082
21990232556268|4866983822303954556|2022-06-27 09:39:37.772
19791209300393|4866983822303953822|2022-06-27 17:33:28.684
13194139533398|4867265297280663719|2022-06-28 01:08:55.492
24189255811621|4867265297280664752|2022-06-28 14:16:54.334
6597069767234|4867546772257375467|2022-06-28 20:56:24.834
13194139533515|4867546772257374625|2022-06-28 22:25:25.429
21990232556110|4867546772257375499|2022-06-29 02:23:18.114
24189255811445|4867546772257375032|2022-06-29 19:43:11.208
24189255811214|4867828247234085146|2022-06-30 03:00:58.348
24189255811812|4867828247234086504|2022-06-30 09:54:49.21
636|4868109722210796905|2022-07-01 06:54:00.825
19791209300080|4868109722210795735|2022-07-01 07:12:25.016
13194139533556|4868109722210796035|2022-07-01 10:26:56.478
8796093022585|4868109722210796353|2022-07-01 18:13:43.61
4398046511816|4868391197187507740|2022-07-02 05:21:05.473
24189255811305|4868391197187506662|2022-07-02 16:29:31.138
21990232555822|4868672672164217485|2022-07-03 19:02:16.621
17592186045087|4868954147140928953|2022-07-03 22:09:24.265
24189255811565|4868954147140928564|2022-07-03 23:00:37.889
13194139533489|4868954147140927846|2022-07-04 01:41:07.79
10995116278450|4868954147140928996|2022-07-04 18:12:38.945
19791209300413|4869235622117639110|2022-07-04 20:22:36.943
15393162789392|4869235622117639294|2022-07-04 20:23:08.669
4398046511308|4869235622117638563|2022-07-05 06:35:46.863
10995116277894|4869235622117638406|2022-07-05 09:28:47.235
19791209300285|4869798572071060144|2022-07-07 05:39:43.186
15393162789550|4870080047047771613|2022-07-08 09:44:52.758
21990232555896|4870080047047770943|2022-07-08 09:49:09.249
13194139533380|4870361522024480892|2022-07-09 06:58:55.165
6597069767198|4870361522024481950|2022-07-09 16:17:43.971
21990232555896|4870642997001192253|2022-07-10 00:18:57.545
10995116278255|4870642997001192506|2022-07-10 18:31:58.423
24189255811232|4870642997001191743|2022-07-10 18:42:22.874
19791209300300|4870924471977902802|2022-07-11 02:01:37.776
15393162789333|4870924471977903099|2022-07-11 02:11:32.523
13194139533863|4870924471977903287|2022-07-11 06:17:03.939
24189255811621|4871205946954613939|2022-07-12 00:04:15.595
19791209300175|4871205946954613161|2022-07-12 17:52:46.085
2199023256025|4871487421931324420|2022-07-12 22:07:43.643
21990232555831|4871487421931324062|2022-07-13 09:43:13.791
19791209300660|4871487421931324905|2022-07-13 11:29:57.123
19791209300008|4871487421931323467|2022-07-13 16:39:20.427
24189255811368|4871768896908034689|2022-07-13 22:57:53.087
15393162789154|4871768896908034670|2022-07-14 04:50:00.14
4398046511696|4872050371884745999|2022-07-15 03:07:49.697
19791209300691|4872050371884746300|2022-07-15 07:50:50.515
21990232555822|4872050371884745358|2022-07-15 09:40:24.492
15393162789200|4872050371884745435|2022-07-15 15:50:29.637
24189255811533|4872050371884745705|2022-07-15 18:49:53.521
8796093022629|4872331846861456274|2022-07-16 00:05:02.775
24189255811530|4872331846861456354|2022-07-16 03:13:57.737
24189255811683|4872331846861456694|2022-07-16 10:26:03.869
24189255811101|4872331846861455420|2022-07-16 10:38:23.455
24189255811222|4872331846861455655|2022-07-16 12:27:37.76
24189255811083|4872331846861455386|2022-07-16 14:44:20.544
4398046511296|4872331846861455755|2022-07-16 16:53:46.002
17592186044500|4872613321838166178|2022-07-16 22:13:00.332
26388279067115|4872613321838167088|2022-07-17 08:35:46.642
24189255811083|4872613321838166039|2022-07-17 10:57:28
24189255811482|4872613321838166905|2022-07-17 17:13:33.287
24189255811394|4872894796814877373|2022-07-18 02:56:11.653
15393162789107|4872894796814877182|2022-07-18 06:44:34.549
2199023256119|4872894796814877912|2022-07-18 07:45:22.079
19791209300657|4872894796814878178|2022-07-18 12:58:59.436
349|4872894796814877432|2022-07-18 18:34:40.251
21990232556018|4872894796814877759|2022-07-18 19:48:22.187
15393162789129|4873176271791587889|2022-07-19 05:40:54.764
24189255811388|4873176271791588011|2022-07-19 16:10:38.149
420|4873176271791588239|2022-07-19 20:14:15.968
2199023255682|4873457746768298239|2022-07-20 11:57:48.807
24189255811152|4873457746768298137|2022-07-20 12:50:20.403
19791209300194|4873739221745009108|2022-07-20 21:01:12.133
24189255811261|4873739221745009025|2022-07-20 21:22:01.91
10995116278204|4873739221745009604|2022-07-21 03:08:52.919
21990232556146|4873739221745009998|2022-07-21 07:48:08.192
307|4873739221745009302|2022-07-21 15:15:20.099
8796093022410|4873739221745009054|2022-07-21 17:07:27.359
15393162789629|4874020696721720987|2022-07-22 06:58:13.332
24189255811414|4874302171698430701|2022-07-22 23:54:45.801
2199023256114|4874302171698431182|2022-07-23 00:16:50.053
10995116278101|4874302171698430700|2022-07-23 01:10:22.573
21990232555743|4874302171698430407|2022-07-23 03:15:11.875
24189255811466|4874302171698430815|2022-07-23 05:07:58.195
30|4874302171698430014|2022-07-23 07:05:31.614
4398046511407|4874302171698430608|2022-07-23 08:45:49.144
19791209300651|4874865121651852757|2022-07-25 06:32:13.022
24189255811135|4874865121651851376|2022-07-25 11:14:02.211
17592186044817|4875146596628562794|2022-07-26 05:57:39.315
8796093022752|4875146596628563107|2022-07-26 11:21:57.935
26388279067274|4875146596628563340|2022-07-26 16:11:27.537
26388279066852|4875146596628562394|2022-07-26 19:50:54.031
24189255811466|4875428071605273437|2022-07-27 05:12:23.366
21990232556067|4875428071605273771|2022-07-27 09:28:51.858
21990232555744|4875428071605273037|2022-07-27 16:14:11.327
21990232555659|4875709546581983508|2022-07-28 00:15:21.17
8796093022629|4875709546581984147|2022-07-28 02:56:22.505
19791209300506|4875709546581984403|2022-07-28 06:38:41.389
26388279067009|4875991021558694735|2022-07-29 11:51:30.015
17592186044615|4876272496535404950|2022-07-29 23:13:43.672
17592186044488|4876272496535404672|2022-07-30 07:23:32.948
13194139534080|4876553971512116898|2022-07-31 07:06:11.496
24189255811812|4876553971512116839|2022-07-31 14:10:33.537
24189255811152|4876553971512115350|2022-07-31 18:01:04.277
26388279066796|4876835446488826200|2022-08-01 06:56:53.871
26388279066709|4876835446488826021|2022-08-01 10:35:05.95
24189255811767|4876835446488827382|2022-08-01 17:28:32.06
19791209300632|4877116921465537959|2022-08-02 00:27:59.278
6597069766877|4877116921465536965|2022-08-02 09:59:14.511
6597069767450|4877116921465538268|2022-08-02 19:39:47.435
21990232555822|4877398396442247820|2022-08-02 22:46:38.163
13194139533370|4877398396442247270|2022-08-03 02:32:51.861
8796093022782|4877398396442248422|2022-08-03 07:30:02.986
24189255811824|4877398396442248836|2022-08-03 07:37:48.707
24189255811527|4877398396442248156|2022-08-03 12:02:42.82
15393162789154|4877398396442247793|2022-08-03 14:16:49.62
24189255811490|4877679871418958732|2022-08-04 02:08:06.098
2199023256209|4877679871418959256|2022-08-04 04:49:51.016
24189255811305|4877679871418958311|2022-08-04 06:58:31.67
24189255811460|4877679871418958676|2022-08-04 07:24:34.507
19791209300238|4877679871418958399|2022-08-04 09:18:00.219
4398046511733|4877679871418959188|2022-08-04 11:39:58.853
24189255811565|4877679871418958901|2022-08-04 17:32:35.16
499|4877961346395669571|2022-08-05 02:27:46.795
21990232556151|4877961346395669851|2022-08-05 06:36:57.879
19791209300686|4878242821372380722|2022-08-06 10:14:31.531
21990232555944|4878524296349090717|2022-08-06 22:47:22.217
2199023255803|4878805771325800976|2022-08-08 02:14:22.658
26388279066730|4878805771325800655|2022-08-08 04:13:14.634
24189255811305|4878805771325800936|2022-08-08 08:30:23.605
24189255811333|4878805771325800998|2022-08-08 15:53:48.376
21990232555887|4879087246302511912|2022-08-09 08:22:06.625
26388279067293|4879087246302512566|2022-08-09 19:29:00.929
17592186045178|4879368721279223446|2022-08-10 18:04:03.158
15393162789155|4879368721279222386|2022-08-10 19:56:15.775
15393162789183|4879650196255933110|2022-08-11 12:21:14.005
17592186045024|4879650196255933745|2022-08-11 16:01:15.24
15393162789261|4879650196255933283|2022-08-11 16:05:56.075
24189255811482|4879650196255933306|2022-08-11 19:49:12.332
26388279066773|4879931671232643366|2022-08-12 02:21:45.75
26388279067041|4879931671232643977|2022-08-12 03:35:36.085
21990232555623|4879931671232643269|2022-08-12 04:01:58.144
8796093022481|4879931671232643652|2022-08-12 13:33:34.507
19791209300659|4879931671232644584|2022-08-12 15:09:30.74
13194139533696|4880494621186065228|2022-08-14 04:30:56.14
24189255811695|4880494621186065736|2022-08-14 19:25:33.296
21990232556298|4880776096162776762|2022-08-15 16:38:58.67
19791209300707|4880776096162776677|2022-08-15 18:45:56.541
15393162789505|4881057571139487097|2022-08-16 03:31:07.792
17592186044645|4881057571139486172|2022-08-16 07:22:22.767
185|4881057571139486069|2022-08-16 07:28:07.691
19791209300327|4881057571139486481|2022-08-16 13:40:00.186
10995116277958|4881057571139486101|2022-08-16 20:55:12.241
8796093022326|4881339046116196579|2022-08-16 21:37:20.042
15393162789107|4881339046116196860|2022-08-17 13:19:20.661
13194139533780|4881620521092908022|2022-08-18 09:07:57.648
26388279067115|4881620521092908078|2022-08-18 10:02:34.741
4398046511738|4881620521092908391|2022-08-18 17:19:27.002
26388279067231|4881620521092908336|2022-08-18 18:23:00.146
24189255811723|4881620521092908429|2022-08-18 20:19:46.499
21990232556061|4881901996069618841|2022-08-19 19:12:43.252
17592186045140|4882183471046329923|2022-08-19 22:03:07.379
21990232555688|4882183471046328655|2022-08-20 10:34:07.989
26388279066799|4882464946023039325|2022-08-20 23:31:02.577
15393162788995|4882464946023039233|2022-08-21 03:13:21.61
13194139533817|4882464946023040082|2022-08-21 05:48:13.114
19791209300330|4882746420999750424|2022-08-21 23:26:20.543
17592186045044|4882746420999750992|2022-08-22 12:22:28.38
26388279066799|4883027895976460638|2022-08-23 00:40:31.876
21990232555566|4883027895976460372|2022-08-23 12:55:46.275
19791209300632|4883027895976461736|2022-08-23 19:17:05.871
21990232556110|4883027895976461576|2022-08-23 19:57:04.609
21990232556159|4883309370953172340|2022-08-24 19:50:32.894
26388279066709|4883590845929881763|2022-08-25 05:56:37.316
2199023256266|4883590845929883171|2022-08-25 18:05:52.78
17592186045187|4883872320906593959|2022-08-25 21:53:50.546
26388279066810|4883872320906592634|2022-08-26 03:29:59.852
21990232555831|4883872320906592927|2022-08-26 07:07:19.742
17592186044431|4883872320906592286|2022-08-26 19:14:50.971
24189255811824|4883872320906593925|2022-08-26 21:02:28.598
8796093022326|4884153795883303140|2022-08-27 15:09:48.702
21990232555584|4884435270860013681|2022-08-27 23:53:27.437
24189255811260|4884435270860013950|2022-08-28 05:16:22.073
24189255811737|4884716745836725673|2022-08-29 05:05:20.387
21990232556268|4884716745836725885|2022-08-29 10:15:51.528
13194139533901|4884716745836725509|2022-08-29 16:26:57.694
743|4884998220813436529|2022-08-30 14:46:05.484
24189255811414|4885279695790146288|2022-08-31 19:57:39.216
24189255811170|4885561170766856377|2022-09-01 06:35:12.156
24189255811412|4885842645743567591|2022-09-01 21:48:07.64
8796093022700|4885842645743567922|2022-09-02 05:35:18.451
19791209300572|4885842645743568170|2022-09-02 08:24:16.57
21990232556070|4885842645743568052|2022-09-02 09:33:35.463
6597069767047|4886124120720278361|2022-09-03 00:27:14.319
10995116278493|4886124120720279129|2022-09-03 05:16:07.138
8796093022714|4886405595696989268|2022-09-04 01:48:49.624
26388279066886|4886405595696988716|2022-09-04 20:21:51.046
15393162789164|4886687070673699463|2022-09-05 10:12:00.314
17592186044935|4886968545650410603|2022-09-05 23:19:38.22
17592186045180|4886968545650411162|2022-09-06 01:10:31.121
17592186044516|4886968545650409659|2022-09-06 09:03:39.177
26388279067287|4886968545650410916|2022-09-06 11:23:40.911
19791209300330|4886968545650410266|2022-09-06 12:21:23.038
21990232556159|4886968545650410869|2022-09-06 18:36:17.57
4398046511518|4886968545650410373|2022-09-06 20:48:46.956
8796093022752|4887250020627121314|2022-09-07 03:11:57.957
2199023255607|4887250020627120227|2022-09-07 11:33:12.747
8796093022698|4887250020627121194|2022-09-07 13:03:55.495
17592186045140|4887250020627121729|2022-09-07 18:22:37.087
24189255811490|4887531495603831691|2022-09-08 07:10:25.298
4398046511518|4887531495603831684|2022-09-08 09:03:19.531
21990232555909|4887531495603831638|2022-09-08 10:19:51.296
6597069766895|4887531495603831287|2022-09-08 17:44:47.133
13194139533361|4887531495603830874|2022-09-08 19:05:46.328
26388279067231|4887812970580542766|2022-09-08 22:04:28.414
26388279067234|4887812970580542773|2022-09-09 18:52:16.636
10995116277850|4888094445557252271|2022-09-09 22:39:40.774
13194139533515|4888094445557252511|2022-09-09 23:39:14.012
26388279066886|4888094445557252651|2022-09-10 06:32:36.676
24189255811665|4888094445557253392|2022-09-10 21:22:07.724
6597069767198|4888375920533963933|2022-09-11 19:28:47.049
24189255811812|4888657395510675050|2022-09-12 18:18:58.27
19791209300350|4888938870487384904|2022-09-13 05:50:40.325
26388279067231|4888938870487385391|2022-09-13 06:18:26.825
26388279067421|4889220345464096483|2022-09-13 22:53:33.691
24189255811333|4889220345464095272|2022-09-14 05:58:03.594
26388279066799|4889220345464095067|2022-09-14 07:10:17.118
19791209300238|4889220345464095294|2022-09-14 12:35:04.382
21990232555959|4889501820440806330|2022-09-14 22:59:06.046
24189255811464|4889501820440806235|2022-09-15 03:09:52.397
21990232556067|4889783295417517226|2022-09-16 03:31:24.234
13194139533398|4889783295417516201|2022-09-16 14:55:28.374
4398046511504|4889783295417516905|2022-09-16 18:39:41.638
2199023255992|4890064770394227643|2022-09-16 21:46:35.262
26388279067233|4890064770394228018|2022-09-17 17:02:15.678
17592186044935|4890064770394227817|2022-09-17 17:27:59.09
19791209300285|4890346245370938031|2022-09-17 23:40:52.835
24189255811621|4890346245370938546|2022-09-18 12:34:35.998
24189255811530|4890346245370938337|2022-09-18 17:54:51.117
6597069766809|4890627720347648300|2022-09-19 02:23:11.811
15393162789643|4890627720347649723|2022-09-19 03:59:52.831
19791209300632|4890627720347649446|2022-09-19 19:48:34.635
26388279067233|4890909195324359988|2022-09-20 03:33:00.075
28587302322219|4890909195324358737|2022-09-20 07:49:20.778
17592186045162|4890909195324360309|2022-09-20 08:15:51.056
17592186044464|4890909195324358745|2022-09-20 16:31:10.425
24189255811358|4891190670301069925|2022-09-21 02:25:52.978
24189255811530|4891190670301070307|2022-09-21 06:23:11.404
19791209300659|4891190670301070822|2022-09-21 13:44:15.549
24189255811414|4891190670301070062|2022-09-21 16:50:54.064
15393162789261|4891190670301070178|2022-09-21 18:11:11.512
8796093022495|4891472145277780582|2022-09-22 05:13:00.145
8796093022729|4891472145277781102|2022-09-22 05:41:34.738
13194139533489|4891472145277780325|2022-09-22 07:28:17.253
17592186045172|4891472145277781644|2022-09-22 07:41:55.095
19791209300070|4891472145277780161|2022-09-22 08:04:24.213
26388279067287|4891472145277781411|2022-09-22 16:03:46.985
24189255811588|4891472145277781092|2022-09-22 21:16:56.939
26388279066752|4891753620254490874|2022-09-22 22:04:32.043
19791209300285|4891753620254491310|2022-09-23 04:20:11.079
2199023255803|4891753620254491150|2022-09-23 11:15:29.391
17592186044488|4892035095231201409|2022-09-23 22:41:29.117
19791209300651|4892035095231202775|2022-09-24 04:39:25.488
13194139533795|4892035095231202327|2022-09-24 21:07:02.064
21990232555962|4892316570207912895|2022-09-24 22:23:19.723
17592186044882|4892316570207912946|2022-09-25 13:49:39.94
28587302322302|4892598045184622837|2022-09-26 01:42:32.818
2199023255783|4892598045184623072|2022-09-26 02:02:00.96
28587302322855|4892598045184624074|2022-09-26 07:51:43.675
24189255811305|4892598045184623081|2022-09-26 10:39:45.771
26388279067065|4892598045184623549|2022-09-26 11:28:32.279
26388279067127|4892598045184623691|2022-09-26 16:58:10.809
24189255811333|4892879520161333797|2022-09-27 01:12:52.576
2199023255585|4892879520161333314|2022-09-27 04:53:44.665
6597069766822|4892879520161333579|2022-09-27 09:00:49.126
19791209300634|4892879520161334701|2022-09-27 15:48:02.167
26388279066737|4892879520161333465|2022-09-27 16:30:30.354
21990232556261|4892879520161334891|2022-09-27 17:18:20.439
6597069766753|4892879520161333431|2022-09-27 19:12:18.182
26388279067407|4893160995138045637|2022-09-27 22:05:16.843
21990232555635|4893160995138044126|2022-09-28 06:10:18.961
19791209300324|4893160995138044683|2022-09-28 09:59:00.996
15393162789311|4893442470114755529|2022-09-29 08:04:01.734
26388279067160|4893442470114755727|2022-09-29 16:42:07.142
4398046511439|4893442470114755290|2022-09-29 17:51:58.514
28587302322685|4893723945091466328|2022-09-30 18:53:07.107
19791209300707|4893723945091466852|2022-09-30 20:23:36.836
21990232556151|4894005420068177242|2022-10-01 00:41:32.176
8796093022354|4894005420068176162|2022-10-01 02:24:46.71
21990232555962|4894005420068176832|2022-10-01 03:25:33.586
10995116277957|4894005420068176276|2022-10-01 03:45:22.147
2199023255765|4894005420068176308|2022-10-01 17:48:00.559
26388279067293|4894286895044887991|2022-10-02 02:23:47.01
21990232555533|4894286895044886556|2022-10-02 15:12:44.138
13194139533649|4894286895044887263|2022-10-02 17:18:44.371
26388279066866|4894568370021597691|2022-10-02 22:44:09.995
21990232555698|4894568370021597545|2022-10-03 00:05:56.037
26388279067416|4894568370021598935|2022-10-03 02:52:58.575
26388279067072|4894568370021598157|2022-10-03 05:55:43.903
19791209300330|4894568370021597977|2022-10-03 12:58:30.208
28587302322855|4894568370021598667|2022-10-03 15:21:18.392
15393162789154|4894568370021597807|2022-10-03 20:10:47.863
28587302322247|4894849844998307967|2022-10-03 23:21:38.845
19791209300109|4894849844998308121|2022-10-04 01:13:25.535
497|4894849844998308924|2022-10-04 08:48:17.894
21990232555932|4894849844998308734|2022-10-04 09:40:31.587
2199023256114|4894849844998309071|2022-10-04 14:10:29.437
354|4895131319975019272|2022-10-05 03:14:13.508
10995116277915|4895131319975018803|2022-10-05 05:27:04.903
13194139533380|4895131319975018619|2022-10-05 19:53:16.03
15393162789544|4895412794951730638|2022-10-06 15:53:56.882
24189255811395|4895412794951729854|2022-10-06 20:06:38.256
21990232556146|4895694269928441165|2022-10-07 02:16:46.809
26388279067075|4895694269928440787|2022-10-07 04:34:54.535
19791209300327|4895694269928440594|2022-10-07 11:07:11.826
24189255811204|4895694269928440067|2022-10-07 17:41:48.502
2199023255682|4895694269928440061|2022-10-07 19:28:58.691
17592186044545|4895975744905150715|2022-10-07 22:09:52.793
4398046511258|4895975744905150766|2022-10-08 01:24:08.297
26388279066851|4895975744905150935|2022-10-08 03:28:39.705
21990232555647|4895975744905150713|2022-10-08 06:34:29.683
19791209300063|4895975744905150645|2022-10-08 16:52:16.444
15393162789435|4896257219881862365|2022-10-08 22:53:53.497
26388279066810|4896257219881861496|2022-10-09 04:30:13.534
2199023256210|4896257219881862554|2022-10-09 10:33:56.753
19791209300226|4896538694858572317|2022-10-10 06:54:08.949
26388279067423|4896538694858573544|2022-10-10 18:01:35.732
24189255811870|4896820169835284198|2022-10-11 15:13:45.358
26388279066896|4897101644811993666|2022-10-12 00:31:13.575
19791209300508|4897101644811994263|2022-10-12 01:24:09.111
24189255811533|4897101644811994091|2022-10-12 02:32:29.301
21990232555647|4897101644811993336|2022-10-12 05:36:03.004
24189255811204|4897101644811993346|2022-10-12 07:13:28.496
17592186044935|4897101644811994216|2022-10-12 13:55:07.484
13194139533372|4897383119788703852|2022-10-12 23:42:15.994
26388279067160|4897383119788704913|2022-10-13 05:55:19.755
19791209300432|4897383119788704750|2022-10-13 16:22:56.911
13194139533762|4897664594765415378|2022-10-14 00:00:28.716
646|4897664594765415812|2022-10-14 08:45:56.199
21990232556067|4897664594765415592|2022-10-14 10:14:16.521
2199023256210|4897664594765415833|2022-10-14 20:03:28.902
28587302322685|4897946069742126170|2022-10-15 02:51:29.079
26388279066896|4897946069742125633|2022-10-15 03:23:27.084
21990232555853|4897946069742125780|2022-10-15 06:25:25.433
19791209300696|4897946069742126670|2022-10-15 13:08:27.272
28587302322855|4897946069742126540|2022-10-15 17:23:23.92
26388279067072|4898227544718836684|2022-10-16 12:32:45.745
26388279067181|4898227544718836934|2022-10-16 14:14:00.38
15393162788906|4898227544718835792|2022-10-16 17:18:28.553
21990232555701|4898227544718836080|2022-10-16 18:39:37.573
28587302322699|4898509019695547504|2022-10-16 23:09:45.072
26388279066700|4898509019695546509|2022-10-17 05:06:49.435
19791209300008|4898509019695546445|2022-10-17 12:35:48.688
19791209300008|4898790494672257100|2022-10-17 23:19:49.895
26388279067086|4898790494672258028|2022-10-18 18:50:29.59
26388279066681|4899071969648967781|2022-10-19 04:22:12.175
13194139534021|4899071969648969241|2022-10-19 04:52:53.439
13194139534017|4899071969648969224|2022-10-19 13:46:06.884
10995116278131|4899353444625679153|2022-10-20 00:26:48.589
15393162789283|4899353444625679245|2022-10-20 02:13:47.129
28587302322699|4899353444625679474|2022-10-20 03:27:56.351
10995116278510|4899353444625680001|2022-10-20 08:53:02.858
729|4899353444625679952|2022-10-20 09:59:44.749
24189255811543|4899353444625679357|2022-10-20 21:47:29.609
26388279067233|4899634919602390323|2022-10-21 06:58:51.971
10995116278183|4899634919602389911|2022-10-21 11:19:26.378
28587302322889|4899634919602390560|2022-10-21 14:59:48.43
21990232555623|4899634919602389190|2022-10-21 18:19:28.223
28587302322700|4899634919602390132|2022-10-21 20:18:01.601
19791209300226|4899916394579100190|2022-10-22 03:39:50.009
13194139533515|4899916394579100064|2022-10-22 04:37:06.578
19791209300685|4900197869555811886|2022-10-22 23:09:54.179
26388279066958|4900197869555811031|2022-10-23 00:24:44.419
28587302322889|4900197869555811874|2022-10-23 01:21:53.404
4398046511504|4900197869555811176|2022-10-23 01:36:09.544
24189255811083|4900197869555810328|2022-10-23 03:32:32.394
26388279066737|4900197869555810520|2022-10-23 06:26:35.569
6597069767083|4900197869555811233|2022-10-23 09:27:58.116
19791209300324|4900479344532521738|2022-10-24 06:57:09.019
6597069766803|4900760819509231908|2022-10-25 01:50:20.422
6597069767083|4900760819509232547|2022-10-25 10:06:47.138
17592186045162|4900760819509233272|2022-10-25 10:13:19.594
19791209300337|4900760819509232430|2022-10-25 12:07:11.331
26388279066981|4901042294485943054|2022-10-26 01:42:04.19
21990232555659|4901042294485942546|2022-10-26 16:58:14.107
24189255811177|4901042294485942476|2022-10-26 21:57:11.807
26388279066949|4901323769462653633|2022-10-27 05:20:35.658
2199023255742|4901323769462653318|2022-10-27 10:30:22.097
6597069767043|4901323769462653778|2022-10-27 12:22:37.295
13194139534017|4901323769462654473|2022-10-27 22:33:59.761
19791209300630|4901605244439365026|2022-10-28 06:19:34.118
19791209300226|4901605244439364127|2022-10-28 06:46:23.417
28587302322657|4901605244439364629|2022-10-28 11:30:04.654
24189255811152|4901605244439363736|2022-10-28 14:22:16.447
15393162789558|4901886719416075761|2022-10-29 13:13:36.783
26388279067065|4901886719416075198|2022-10-29 15:56:20.054
26388279066955|4901886719416074961|2022-10-29 17:41:04.939
15393162789107|4902168194392785407|2022-10-30 00:01:46.138
26388279067127|4902168194392785996|2022-10-30 03:34:47.32
28587302322203|4902168194392784951|2022-10-30 04:44:33.123
28587302322699|4902168194392786035|2022-10-30 07:11:40.355
28587302322592|4902168194392785800|2022-10-30 08:48:42.724
24189255811466|4902168194392785758|2022-10-30 09:57:38.96
26388279066852|4902168194392785368|2022-10-30 10:47:17.123
15393162789311|4902449669369496522|2022-10-31 05:30:46.244
28587302322936|4902449669369497232|2022-10-31 19:08:23.667
24189255811803|4902731144346207828|2022-10-31 23:16:26.278
21990232555601|4902731144346206362|2022-11-01 06:33:26.859
28587302322451|4902731144346206797|2022-11-01 08:47:54.356
6597069766721|4902731144346206325|2022-11-01 09:23:20.412
28587302322425|4902731144346206731|2022-11-01 14:35:08.258
10995116278112|4902731144346206977|2022-11-01 16:21:29.254
28587302322858|4903012619322918354|2022-11-02 05:23:15.011
21990232555635|4903012619322917087|2022-11-02 09:29:22.797
24189255811414|4903012619322917615|2022-11-02 12:03:50.008
21990232556135|4903012619322918204|2022-11-02 12:51:55.578
28587302322496|4903294094299628217|2022-11-03 01:31:07.555
28587302322578|4903294094299628396|2022-11-03 16:09:12.859
28587302322855|4903575569276339661|2022-11-04 00:32:17.772
26388279067138|4903575569276339298|2022-11-04 10:08:08.141
28587302322700|4903857044253049974|2022-11-04 22:49:45.071
28587302322292|4903857044253049057|2022-11-05 06:41:51.166
13194139533486|4903857044253049178|2022-11-05 07:11:33.371
24189255811283|4903857044253049266|2022-11-05 13:35:43.933
2199023256030|4904138519229760526|2022-11-06 02:55:35.991
21990232556205|4904138519229760988|2022-11-06 07:52:36.61
28587302322858|4904138519229760979|2022-11-06 08:22:52.499
21990232555744|4904138519229759947|2022-11-06 10:53:15.746
28587302322203|4904138519229759545|2022-11-06 17:10:00.586
24189255811554|4904419994206471190|2022-11-07 03:24:54.164
28587302322445|4904419994206470717|2022-11-07 05:11:20.985
19791209300508|4904419994206471318|2022-11-07 17:53:48.221
24189255811256|4904701469183181172|2022-11-08 06:27:12.869
28587302322770|4904701469183182101|2022-11-08 14:44:13.06
26388279066627|4904982944159891460|2022-11-09 00:21:31.786
28587302322772|4904982944159892761|2022-11-09 03:37:46.465
26388279066958|4904982944159892184|2022-11-09 05:56:13.534
21990232556205|4904982944159892955|2022-11-09 07:35:44.128
21990232555944|4904982944159892380|2022-11-09 11:54:25.978
28587302322665|4904982944159892521|2022-11-09 14:20:17.008
28587302322770|4904982944159892755|2022-11-09 14:33:26.114
15393162789183|4904982944159892149|2022-11-09 18:23:38.431
24189255811261|4905264419136602496|2022-11-09 23:13:17.282
28587302322665|4905264419136603175|2022-11-09 23:58:59.49
26388279066730|4905264419136602320|2022-11-10 01:18:38.097
26388279067287|4905545894113314213|2022-11-10 23:59:29.36
2199023256249|4905545894113314297|2022-11-11 04:28:15.255
17592186044488|4905545894113312899|2022-11-11 13:56:37.776
21990232556020|4905545894113313861|2022-11-11 14:54:39.499
26388279066958|4905545894113313497|2022-11-11 16:51:21.165
28587302322515|4905545894113313508|2022-11-11 17:11:45.761
26388279067279|4905545894113314197|2022-11-11 18:55:43.214
4398046511672|4905545894113314009|2022-11-11 19:08:17.986
28587302322203|4905545894113312824|2022-11-11 20:39:28.214
28587302322284|4905827369090023634|2022-11-12 12:51:06.423
24189255811527|4905827369090024411|2022-11-12 18:13:42.067
26388279066810|4905827369090023799|2022-11-12 19:32:59.709
8796093022827|4906108844066735428|2022-11-13 00:00:13.842
10995116277978|4906108844066734524|2022-11-13 00:01:38.348
26388279067010|4906108844066734928|2022-11-13 08:00:30.956
17592186044431|4906108844066734111|2022-11-13 11:57:53.724
28587302322505|4906108844066734794|2022-11-13 14:29:26.076
21990232555744|4906108844066734540|2022-11-13 18:15:09.216
8796093022359|4906108844066734377|2022-11-13 20:37:33.151
19791209300651|4906108844066735574|2022-11-13 22:12:23.868
8796093022734|4906390319043445882|2022-11-14 00:29:42.194
26388279066767|4906390319043445019|2022-11-14 00:38:30.309
19791209300686|4906390319043446320|2022-11-14 01:25:32.112
15393162789558|4906390319043446258|2022-11-14 09:40:58.126
13194139533542|4906390319043445214|2022-11-14 10:25:31.625
24189255811686|4906390319043446075|2022-11-14 10:56:25.521
4398046511733|4906390319043446097|2022-11-14 14:55:53.958
28587302322515|4906390319043445478|2022-11-14 16:25:21.17
28587302322505|4906390319043445448|2022-11-14 18:33:18.593
28587302322505|4906390319043445449|2022-11-14 20:11:55.67
15393162789615|4906390319043446403|2022-11-14 20:26:53.379
8796093022693|4906671794020156444|2022-11-15 11:47:12.777
4398046511588|4906671794020156442|2022-11-15 19:03:07.164
24189255811870|4906671794020157159|2022-11-15 19:59:55.61
2199023256266|4906671794020156965|2022-11-15 22:12:45.184
19791209300428|4906671794020156391|2022-11-15 22:50:04.223
28587302322203|4906953268996866106|2022-11-16 00:43:34.391
10995116278101|4906953268996866795|2022-11-16 09:32:26.356
19791209300691|4906953268996867646|2022-11-16 12:59:48.937
24189255811767|4906953268996867573|2022-11-16 22:19:06.689
26388279066759|4907234743973576967|2022-11-17 12:05:57.898
28587302322457|4907234743973577306|2022-11-17 21:29:25.904
15393162789183|4907234743973577400|2022-11-17 22:42:54.49
28587302322578|4907516218950288237|2022-11-18 05:24:07.719
28587302322731|4907516218950288579|2022-11-18 19:27:24.617
2199023255560|4907516218950287375|2022-11-18 23:02:26.903
24189255811665|4907797693926999313|2022-11-19 00:42:29.042
28587302322425|4907797693926998538|2022-11-19 04:01:59.831
13194139533817|4907797693926999121|2022-11-19 09:31:43.819
28587302322411|4907797693926998510|2022-11-19 18:35:16.774
10995116278346|4907797693926999296|2022-11-19 19:57:34.038
28587302322689|4908079168903709793|2022-11-19 23:22:32.251
28587302322848|4908079168903710141|2022-11-20 00:08:58.334
10995116278547|4908079168903710414|2022-11-20 10:36:34.51
28587302322858|4908079168903710161|2022-11-20 11:06:34.538
21990232556018|4908079168903709762|2022-11-20 14:07:41.234
24189255811609|4908360643880420498|2022-11-21 00:37:00.576
24189255811767|4908360643880420851|2022-11-21 02:24:15.669
15393162789615|4908360643880420994|2022-11-21 07:55:06.249
26388279066851|4908360643880419798|2022-11-21 09:27:22.797
4398046511838|4908360643880420954|2022-11-21 09:48:12.807
13194139533907|4908360643880420632|2022-11-21 10:17:44.873
21990232555647|4908360643880419575|2022-11-21 11:57:28.162
8796093022526|4908360643880420017|2022-11-21 13:13:40.948
26388279066759|4908360643880419592|2022-11-21 13:34:44.19
2199023256262|4908360643880420890|2022-11-21 14:34:44.347
19791209300532|4908360643880420561|2022-11-21 17:24:42.598
21990232555688|4908360643880419664|2022-11-21 19:38:30.053
26388279067115|4908642118857131055|2022-11-21 23:08:13.385
17592186044441|4908642118857130034|2022-11-22 00:19:29.245
28587302322245|4908642118857130109|2022-11-22 01:59:36.833
28587302322489|4908642118857130659|2022-11-22 05:10:25.852
21990232556067|4908642118857131177|2022-11-22 05:37:20.707
28587302322731|4908642118857131202|2022-11-22 07:43:38.376
28587302322578|4908642118857130859|2022-11-22 09:32:07.706
26388279067421|4908642118857131749|2022-11-22 11:11:26.285
24189255811333|4908642118857130535|2022-11-22 21:16:08.257
28587302322936|4908923593833842321|2022-11-23 02:08:37.818
28587302322566|4908923593833841495|2022-11-23 02:28:04.895
4398046511240|4908923593833840909|2022-11-23 10:38:08.408
2199023255783|4908923593833841122|2022-11-23 13:02:33.396
17592186044441|4908923593833840692|2022-11-23 17:28:38.943
13194139533863|4908923593833841849|2022-11-23 18:44:17.313
26388279066709|4908923593833840804|2022-11-23 20:55:50.602
26388279067078|4908923593833841625|2022-11-23 21:16:13.687
28587302322445|4909205068810551867|2022-11-24 00:26:08.829
17592186044714|4909205068810551940|2022-11-24 03:08:53.269
26388279066981|4909205068810552077|2022-11-24 03:19:32.421
26388279066700|4909205068810551436|2022-11-24 04:02:20.948
28587302322663|4909205068810552354|2022-11-24 10:35:04.89
19791209300657|4909205068810552803|2022-11-24 13:01:36.08
28587302322889|4909205068810552865|2022-11-24 15:31:36.488
28587302322408|4909205068810551781|2022-11-24 21:27:43.719
21990232555796|4909486543787262545|2022-11-25 03:02:44.876
28587302322722|4909486543787263143|2022-11-25 09:45:53.945
28587302322181|4909486543787261963|2022-11-25 10:57:47.881
26388279066981|4909486543787262732|2022-11-25 13:42:38.747
13194139533489|4909486543787262307|2022-11-25 16:36:52.109
28587302322425|4909768018763973132|2022-11-26 04:20:43.449
28587302322275|4909768018763972794|2022-11-26 05:52:18.688
26388279066886|4909768018763973161|2022-11-26 09:42:53.007
21990232555555|4909768018763972678|2022-11-26 20:18:53.518
21990232556302|4910049493740684993|2022-11-27 04:25:16.536
28587302322505|4910049493740683975|2022-11-27 05:37:41.248
26388279067144|4910049493740684397|2022-11-27 07:11:28.63
28587302322451|4910049493740683851|2022-11-27 15:03:03.637
13194139534059|4910049493740684922|2022-11-27 21:07:10.447
19791209300175|4910049493740683688|2022-11-27 22:13:17.167
2199023256040|4910330968717394982|2022-11-28 00:38:41.936
19791209300379|4910330968717394812|2022-11-28 06:51:18.202
26388279066625|4910330968717393921|2022-11-28 13:34:36.703
30786325578421|4910330968717395437|2022-11-28 15:18:00.198
26388279066700|4910330968717394058|2022-11-28 21:46:21.543
21990232555740|4910612443694105025|2022-11-29 01:00:22.142
