fromId|toId|createTime|relation
1099511627905|23|2020-09-12 01:25:53.715|business associate
2199023255578|3298534883452|2021-03-02 19:58:57.112|business associate
4398046511399|3298534883429|2021-03-21 19:10:43.708|business associate
4398046511210|180|2021-04-10 12:27:25.938|business associate
3298534883393|2199023255568|2021-04-15 07:15:23.713|business associate
1099511628000|353|2021-04-23 22:00:09.744|business associate
3298534883523|3298534883614|2021-04-25 14:38:07.835|business associate
2199023255941|2199023255737|2021-05-06 15:53:08.095|business associate
2199023255711|4398046511309|2021-05-19 01:00:46.211|business associate
4398046511451|1099511628050|2021-06-01 11:48:42.183|business associate
6597069766890|1099511627870|2021-06-19 06:02:02.193|business associate
4398046511208|5497558139031|2021-06-25 05:05:22.894|business associate
1099511627828|2199023255950|2021-07-06 15:08:19.705|business associate
1099511627831|1099511627838|2021-07-09 02:00:24.264|business associate
4398046511111|5497558139133|2021-07-09 18:13:38.332|business associate
3298534883629|6597069766916|2021-07-13 09:06:24.981|business associate
5497558138886|29|2021-07-14 00:05:17.768|business associate
3298534883649|6597069767004|2021-07-28 14:26:50.863|business associate
5497558139002|3298534883645|2021-08-02 15:04:36.73|business associate
192|7696581394829|2021-08-12 15:53:58.164|business associate
2199023255944|1099511627995|2021-08-14 07:23:13.395|business associate
6597069766681|7696581394775|2021-08-14 16:38:22.109|business associate
4398046511122|6597069766929|2021-08-18 08:47:12.025|business associate
4398046511482|4398046511249|2021-08-28 06:30:05.489|business associate
7696581394549|6597069766723|2021-08-31 10:33:57.353|business associate
180|5497558139243|2021-09-07 06:07:47.597|business associate
7696581394829|6597069766906|2021-09-10 12:16:39.318|business associate
4398046511309|5497558139031|2021-10-04 05:15:27.484|business associate
6597069766919|5497558139096|2021-10-18 04:10:08.117|business associate
4398046511208|8796093022534|2021-10-22 14:26:30.12|business associate
7696581394565|314|2021-10-24 11:30:00.225|business associate
2199023255578|4398046511192|2021-10-25 19:06:03.351|business associate
2199023255862|4398046511219|2021-11-06 02:41:41.438|business associate
7696581394479|8796093022546|2021-11-07 14:49:54.72|business associate
3298534883429|8796093022546|2021-11-24 17:08:49.695|business associate
3298534883649|3298534883597|2021-11-25 12:29:18.775|business associate
5497558139265|8796093022510|2021-12-03 13:32:57.892|business associate
3298534883592|1099511628134|2021-12-11 15:16:40.966|business associate
8796093022370|3298534883699|2021-12-19 00:53:58.306|business associate
7696581394479|4398046511157|2021-12-25 06:55:49.623|business associate
3298534883451|8796093022277|2022-01-03 22:07:08.189|business associate
8796093022466|1099511627969|2022-01-05 16:20:31.883|business associate
8796093022381|5497558139133|2022-01-16 11:28:05.69|business associate
9895604650302|178|2022-01-23 07:11:41.363|business associate
6597069766983|7696581394748|2022-02-03 01:05:09.484|business associate
6597069766847|9895604650082|2022-02-06 17:39:33.804|business associate
3298534883645|8796093022242|2022-02-08 15:22:37.708|business associate
6597069766832|4398046511371|2022-02-10 14:45:47.246|business associate
2199023255833|2199023255630|2022-02-13 16:02:34.991|business associate
8796093022276|7696581394775|2022-02-13 23:56:21.659|business associate
6597069766890|7696581394694|2022-02-17 02:01:16.735|business associate
29|10995116278012|2022-02-18 10:50:28.398|business associate
8796093022227|4398046511399|2022-03-11 04:56:42.753|business associate
5497558138886|7696581394479|2022-03-13 05:32:26.94|business associate
9895604650255|5497558139109|2022-03-19 09:22:36.985|business associate
10995116277885|6597069766845|2022-03-22 01:55:10.881|business associate
4398046511309|1099511627847|2022-03-25 19:01:55.111|business associate
10995116278137|9895604650136|2022-03-30 22:06:51.993|business associate
9895604650262|7696581394664|2022-04-03 03:31:50.652|business associate
6597069766919|2199023255630|2022-04-03 13:03:40.358|business associate
8796093022381|6597069766723|2022-04-07 01:02:26.32|business associate
3298534883678|1099511627969|2022-04-07 05:30:18.943|business associate
6597069766850|9895604650341|2022-04-10 18:55:50.492|business associate
8796093022466|1099511627889|2022-04-10 19:08:52.141|business associate
354|7696581394549|2022-04-13 12:41:10.026|business associate
2199023255936|7696581394552|2022-04-22 21:57:14.305|business associate
1099511628148|10995116277960|2022-04-22 22:41:51.762|business associate
2199023255637|6597069766864|2022-04-24 21:57:28.729|business associate
7696581394539|9895604650281|2022-05-05 02:07:04.454|business associate
1099511627828|3298534883458|2022-05-09 21:29:42.782|business associate
100|9895604650302|2022-05-10 05:48:28.436|business associate
8796093022419|7696581394436|2022-05-12 01:38:05.848|business associate
6597069766681|7696581394552|2022-05-15 09:59:40.286|business associate
4398046511495|2199023255578|2022-05-15 11:46:49.97|business associate
9895604650272|5497558139219|2022-05-22 06:01:17.599|business associate
344|2199023255711|2022-05-22 12:55:59.161|business associate
8796093022276|4398046511241|2022-05-23 12:16:03.453|business associate
8796093022242|5497558139103|2022-05-24 08:05:41.776|business associate
6597069766832|9895604650315|2022-05-25 13:19:04.394|business associate
10995116278119|8796093022480|2022-05-25 15:55:14.211|business associate
2199023255889|2199023255941|2022-05-27 15:57:56.168|business associate
2199023255588|12094627905538|2022-05-30 19:15:29.423|business associate
7696581394467|2199023255597|2022-06-01 10:21:59.834|business associate
7696581394467|7696581394469|2022-06-03 02:36:52.15|business associate
6597069766871|2199023255944|2022-06-03 12:59:49.13|business associate
12094627905797|2199023255710|2022-06-07 18:43:14.862|business associate
9895604650341|3298534883678|2022-06-08 20:30:33.94|business associate
8796093022528|4398046511219|2022-06-08 21:25:04.372|business associate
1099511628050|7696581394622|2022-06-17 09:56:18.616|business associate
6597069766864|8796093022473|2022-06-17 18:26:44.599|business associate
5497558139109|12094627905677|2022-06-18 08:32:18.487|business associate
12094627905617|8796093022313|2022-06-24 10:50:19.734|business associate
10995116277925|365|2022-06-28 17:12:41.877|business associate
4398046511194|7696581394549|2022-06-29 01:49:03.629|business associate
10995116278119|7696581394664|2022-06-29 17:24:20.887|business associate
1099511628070|4398046511482|2022-06-30 21:51:01.527|business associate
12094627905931|10995116277817|2022-07-02 20:19:54.989|business associate
1099511628098|7696581394670|2022-07-06 16:25:14.058|business associate
12094627905834|5497558139243|2022-07-09 23:23:55.776|business associate
3298534883452|4398046511456|2022-07-12 03:20:22.756|business associate
5497558139243|43|2022-07-12 22:17:57.705|business associate
9895604650015|10995116278052|2022-07-14 20:26:57.325|business associate
354|6597069766916|2022-07-16 02:58:40.61|business associate
7696581394815|3298534883405|2022-07-18 12:46:42.279|business associate
6597069766929|9895604650059|2022-07-20 15:07:47.952|business associate
8796093022439|12094627905646|2022-07-20 15:46:51.701|business associate
5497558139002|8796093022381|2022-07-21 05:23:34.736|business associate
4398046511337|10995116277885|2022-07-21 16:06:15.636|business associate
6597069766983|8796093022381|2022-07-26 10:54:56.718|business associate
9895604650272|6597069766847|2022-07-28 10:42:32.875|business associate
1099511627918|13194139533635|2022-07-29 09:21:09.868|business associate
5497558139120|1099511627887|2022-07-29 10:22:38.635|business associate
5497558139265|3298534883474|2022-08-01 13:30:56.446|business associate
9895604650059|2199023255940|2022-08-07 08:40:10.981|business associate
12094627905606|7696581394819|2022-08-08 07:27:59.291|business associate
1099511627777|12094627905696|2022-08-13 14:23:20.842|business associate
4398046511157|6597069766747|2022-08-14 01:43:12.198|business associate
4398046511113|13194139533631|2022-08-14 10:12:56.215|business associate
2199023255588|7696581394819|2022-08-15 01:34:41.964|business associate
13194139533617|8796093022581|2022-08-15 18:45:58.536|business associate
7696581394748|180|2022-08-16 03:37:10.039|business associate
3298534883537|12094627905722|2022-08-16 18:31:58.333|business associate
3298534883370|10995116277885|2022-08-17 18:47:00.923|business associate
6597069766755|1099511628134|2022-08-21 02:30:31.362|business associate
10995116278005|5497558139103|2022-08-23 00:50:50.794|business associate
10995116277925|13194139533448|2022-08-26 01:27:42.49|business associate
13194139533597|6597069766723|2022-08-27 05:37:15.431|business associate
9895604650255|12094627905851|2022-08-27 21:01:54.898|business associate
12094627905606|13194139533459|2022-08-29 03:14:16.189|business associate
5497558139261|1099511627969|2022-08-29 20:59:13.375|business associate
7696581394631|13194139533602|2022-08-31 13:07:16.454|business associate
13194139533602|3298534883405|2022-09-01 04:18:47.801|business associate
1099511628070|12094627905617|2022-09-02 00:12:17.811|business associate
1099511628050|4398046511137|2022-09-02 06:14:38.434|business associate
10995116277768|6597069766747|2022-09-03 01:53:52.968|business associate
12094627905538|6597069767004|2022-09-04 04:06:25.52|business associate
12094627905553|6597069766933|2022-09-05 01:32:41.4|business associate
7696581394622|5497558139205|2022-09-05 04:47:16.874|business associate
4398046511436|1099511628070|2022-09-06 02:14:12.462|business associate
1099511628148|8796093022510|2022-09-06 07:38:51.881|business associate
12094627905797|9895604650141|2022-09-06 16:57:58.896|business associate
3298534883393|4398046511111|2022-09-08 00:37:14.448|business associate
13194139533448|7696581394748|2022-09-09 15:57:29.055|business associate
8796093022339|8796093022276|2022-09-10 14:00:40.77|business associate
12094627905722|3298534883458|2022-09-11 13:44:53.274|business associate
1099511627942|13194139533631|2022-09-12 07:42:17.333|business associate
13194139533625|12094627905538|2022-09-14 05:51:35.844|business associate
3298534883678|13194139533602|2022-09-16 21:37:59.921|business associate
1099511627831|12094627905655|2022-09-18 13:03:31.391|business associate
3298534883628|8796093022320|2022-09-18 15:34:38.248|business associate
8796093022534|12094627905696|2022-09-19 04:03:22.807|business associate
10995116278005|12094627905713|2022-09-20 08:31:11.657|business associate
9895604650281|3298534883512|2022-09-23 04:56:44.342|business associate
8796093022320|7696581394694|2022-09-27 11:45:10.772|business associate
9895604650034|7696581394807|2022-09-27 17:49:23.678|business associate
12094627905784|7696581394748|2022-09-28 17:05:27.792|business associate
10995116277790|12094627905818|2022-09-29 11:09:12.059|business associate
5497558139243|12094627905750|2022-09-30 19:36:34.674|business associate
12094627905713|4398046511192|2022-10-01 03:46:11.713|business associate
5497558139205|13194139533602|2022-10-05 22:37:40.719|business associate
12094627905834|6597069766845|2022-10-06 02:20:24.627|business associate
4398046511482|13194139533617|2022-10-09 07:04:55.108|business associate
8796093022419|2199023255936|2022-10-10 22:13:18.361|business associate
13194139533567|12094627905722|2022-10-11 04:57:53.28|business associate
4398046511157|13194139533386|2022-10-11 10:15:47.033|business associate
9895604650136|7696581394454|2022-10-12 14:00:37.403|business associate
9895604650180|14293651161329|2022-10-15 17:18:52.696|business associate
93|12094627905787|2022-10-17 13:34:55.397|business associate
14293651161377|8796093022510|2022-10-18 22:27:31.439|business associate
12094627905787|9895604650255|2022-10-20 16:21:10.406|business associate
8796093022242|4398046511249|2022-10-22 23:32:51.224|business associate
14293651161191|257|2022-10-26 15:26:14.087|business associate
29|4398046511164|2022-10-27 12:08:02.388|business associate
10995116278035|14293651161329|2022-10-28 11:03:22.302|business associate
12094627905848|6597069766747|2022-11-01 14:10:38.434|business associate
8796093022235|4398046511451|2022-11-02 12:39:06.152|business associate
10995116277977|14293651161116|2022-11-07 01:07:16.397|business associate
6597069766871|6597069766906|2022-11-07 20:05:54.988|business associate
9895604650262|9895604650082|2022-11-07 23:58:19.135|business associate
12094627905784|4398046511482|2022-11-08 16:47:35.164|business associate
14293651161423|12094627905864|2022-11-10 05:42:32.287|business associate
1099511627905|8796093022588|2022-11-11 17:08:28.441|business associate
14293651161377|2199023255833|2022-11-11 22:00:03.346|business associate
14293651161294|3298534883458|2022-11-12 07:42:20.736|business associate
10995116277817|2199023255568|2022-11-13 08:45:19.46|business associate
4398046511122|7696581394694|2022-11-13 19:31:04.454|business associate
12094627905931|8796093022480|2022-11-14 03:16:25.971|business associate
93|13194139533430|2022-11-14 18:25:26.103|business associate
1099511628000|5497558139129|2022-11-14 21:11:34.657|business associate
4398046511480|10995116277886|2022-11-15 01:21:13.783|business associate
14293651161154|10995116277768|2022-11-15 06:30:05.613|business associate
10995116278026|8796093022248|2022-11-15 09:50:32.42|business associate
3298534883429|13194139533384|2022-11-16 08:38:22.958|business associate
14293651161358|3298534883436|2022-11-16 20:41:18.377|business associate
8796093022528|14293651161270|2022-11-17 00:37:44.946|business associate
4398046511125|14293651161172|2022-11-18 09:13:25.419|business associate
6597069766847|4398046511125|2022-11-21 12:45:38.458|business associate
4398046511111|12094627905851|2022-11-23 12:52:01.836|business associate
13194139533439|14293651161329|2022-11-23 13:31:05.392|business associate
14293651161356|10995116278035|2022-11-24 20:30:47.435|business associate
12094627905787|14293651161323|2022-11-25 13:43:18.863|business associate
3298534883645|13194139533646|2022-11-28 07:47:33.589|business associate
