companyId|accountId|createTime
192|16607023625929101|2020-02-29 08:49:53.902
100|22517998136852699|2020-03-21 15:25:34.327
237|30962247438172666|2020-04-20 06:20:25.717
1099511627995|40532396646334920|2020-05-24 23:04:09.662
1099511627942|41939771529888100|2020-05-29 11:12:33.826
351|46161896180548330|2020-06-13 07:03:04.044
29|47287796087390269|2020-06-18 00:04:22.973
1099511627918|47850746040811837|2020-06-20 02:42:12.633
314|52072870691472021|2020-07-04 05:56:27.958
2199023255687|56294995342131494|2020-07-19 18:34:04.354
2199023255637|56576470318842045|2020-07-20 04:59:56.786
1099511627918|59391220085948731|2020-07-30 04:39:01.645
2199023255777|59672695062659546|2020-07-31 11:38:18.198
2199023255780|60235645016080861|2020-08-02 09:08:22.656
1099511627835|62205969853055109|2020-08-09 21:46:34.8
336|63894819713319622|2020-08-15 08:39:41.839
2199023255724|63894819713319279|2020-08-15 11:15:30.647
64|66709569480425615|2020-08-25 21:45:39.75
2199023255597|68116944363978847|2020-08-30 22:31:59.522
1099511628006|68116944363979237|2020-08-31 01:11:41.554
1099511627828|69242844270821492|2020-09-03 11:10:31.293
1099511627831|73183493944770685|2020-09-18 03:49:33.735
1099511627831|74872343805034622|2020-09-23 14:55:42.597
2199023255630|75435293758455978|2020-09-26 02:11:28.268
3298534883629|75716768735167094|2020-09-26 15:16:16.604
2199023255940|75716768735167298|2020-09-26 23:27:19.193
1099511627789|77968568548851741|2020-10-04 22:54:00.124
3298534883372|78531518502273117|2020-10-06 12:22:20.764
93|78531518502273229|2020-10-06 20:32:54.987
3298534883722|81064793292669775|2020-10-15 16:05:12.846
178|81064793292669306|2020-10-15 20:43:04.559
2199023255759|82753643152933293|2020-10-22 05:03:40.496
2199023255702|84161018036486476|2020-10-26 14:33:29.071
1099511627834|84161018036486274|2020-10-27 04:10:25.385
1099511627847|86694292826882203|2020-11-04 07:40:40.553
1099511628148|88101667710436123|2020-11-10 04:26:17.153
2199023255836|90353467524121172|2020-11-17 12:01:11.565
342|91760842407674579|2020-11-22 08:35:57.964
2199023255710|92886742314516825|2020-11-27 06:17:46.952
4398046511482|93449692267938596|2020-11-29 06:46:12.007
2199023255649|94012642221359317|2020-11-30 08:51:27.372
4398046511249|98797716825440579|2020-12-17 12:07:26.547
1099511628006|99079191802151398|2020-12-18 13:42:59.981
180|99079191802151292|2020-12-19 05:47:14.714
3298534883592|100486566685704752|2020-12-24 03:01:42.112
4398046511164|103301316452810886|2021-01-02 14:59:12.578
3298534883698|103864266406232854|2021-01-05 04:37:32.382
1099511627870|104708691336364238|2021-01-08 02:50:21.882
1099511627789|106397541196627995|2021-01-13 12:55:15.875
3298534883429|106960491150049500|2021-01-15 08:45:39.804
2199023255687|106960491150049575|2021-01-15 21:58:24.792
2199023255630|108367866033602731|2021-01-20 13:13:02.317
3298534883512|108930815987024260|2021-01-22 15:33:06.555
336|109493765940445893|2021-01-24 23:53:26.247
3298534883678|109775240917156585|2021-01-25 11:48:11.678
4398046511436|110901140823999164|2021-01-29 18:06:11.236
1099511628098|111182615800709798|2021-01-30 23:48:38.213
2199023255701|112027040730841418|2021-02-02 14:29:50.138
3298534883512|112589990684262789|2021-02-04 23:52:32.502
5497558139103|113434415614394835|2021-02-07 12:32:56.775
2199023255811|113434415614394918|2021-02-08 07:16:23.551
257|114278840544526880|2021-02-10 23:50:15.916
4398046511210|115404740451369192|2021-02-14 18:05:24.695
5497558138926|116530640358211680|2021-02-18 21:46:18.265
2199023255597|116812115334922334|2021-02-20 01:05:38.321
3298534883451|118500965195186443|2021-02-25 21:52:31.769
2199023255950|119063915148608349|2021-02-27 13:52:29.779
3298534883614|119063915148608087|2021-02-27 16:47:32.224
2199023255936|119063915148608312|2021-02-27 18:24:59.54
1099511628134|121597189939004153|2021-03-09 05:42:14.11
2199023255724|123004564822557041|2021-03-13 14:34:15.992
192|123004564822557070|2021-03-13 14:58:22.924
5497558139109|123567514775978465|2021-03-15 18:02:39.672
4398046511337|124693414682821102|2021-03-19 20:31:33.359
4398046511192|126100789566374080|2021-03-24 20:20:03.015
344|128071114403349207|2021-03-31 18:19:43.885
5497558138885|128071114403348493|2021-04-01 06:49:27.11
5497558139186|128352589380059775|2021-04-01 16:55:13.363
4398046511155|129478489286901872|2021-04-05 16:29:51.688
3298534883537|130041439240323505|2021-04-07 19:51:04.398
2199023255833|131448814123876944|2021-04-13 01:47:52.706
4398046511241|131730289100587309|2021-04-13 10:25:36.749
2199023255724|131730289100587374|2021-04-13 13:21:41.037
2199023255941|132856189007430471|2021-04-17 15:26:15.541
5497558138886|133419138960850960|2021-04-20 05:11:50.323
5497558139261|133982088914273072|2021-04-21 11:25:00.823
1099511627777|133982088914272263|2021-04-21 15:20:31.173
5497558139123|134826513844404740|2021-04-24 13:56:04.153
4398046511451|134826513844404961|2021-04-24 15:29:17.246
1099511627905|136233888727957784|2021-04-29 12:21:21.283
1099511628006|136515363704668647|2021-05-01 01:46:52.195
1099511628070|139330113471775337|2021-05-11 09:49:50.555
2199023255578|139893063425196086|2021-05-13 02:16:35.925
2199023255941|139893063425196870|2021-05-13 10:14:46.832
2199023255912|141300438308750079|2021-05-17 16:57:48.586
1099511628000|141581913285460439|2021-05-18 15:41:33.812
4398046511480|141581913285460768|2021-05-18 20:28:27.51
237|142144863238881787|2021-05-20 15:54:18.018
5497558139019|142144863238881583|2021-05-21 00:57:35.238
4398046511456|145241087982699245|2021-05-31 18:48:08.168
354|146085512912831216|2021-06-04 04:44:16.299
5497558139103|146366987889541586|2021-06-04 23:12:42.751
5497558138926|149463212633358434|2021-06-15 20:30:46.505
4398046511164|150307637563490439|2021-06-18 15:09:08.26
3298534883452|150307637563490574|2021-06-19 07:42:47.119
2199023255936|150589112540201785|2021-06-20 03:06:48.222
314|150870587516912275|2021-06-21 11:14:23.189
192|151152062493622671|2021-06-21 16:17:48.132
2199023255711|151152062493622619|2021-06-22 02:48:32.106
1099511627995|151152062493622727|2021-06-22 10:33:36.725
5497558139219|151996487423754956|2021-06-25 10:31:38.818
5497558139019|152277962400465201|2021-06-25 13:28:56.069
3298534883658|152277962400465593|2021-06-25 18:13:56.385
4398046511451|152559437377176290|2021-06-27 02:33:21.477
3298534883523|152559437377175955|2021-06-27 08:10:20.083
2199023255835|152840912353886802|2021-06-28 05:42:47.751
6597069766747|153685337284018375|2021-07-01 09:19:05.274
5497558139136|154529762214150683|2021-07-03 21:57:36.041
1099511627947|154811237190861165|2021-07-04 18:13:09.285
2199023255649|154811237190861012|2021-07-05 07:00:24.543
3298534883614|155374187144282712|2021-07-06 22:41:39.175
2199023255948|156500087051125588|2021-07-10 17:33:26.371
6597069766947|157625986957967971|2021-07-14 13:17:01.27
5497558139096|157625986957967808|2021-07-15 00:20:24.806
6597069766919|157907461934678575|2021-07-15 16:03:46.404
4398046511113|160159261748363285|2021-07-23 13:35:01.005
5497558138890|161003686678495255|2021-07-27 00:22:17.194
1099511627838|161285161655206025|2021-07-27 15:10:56.452
2199023255912|161285161655206654|2021-07-28 10:51:25.469
2199023255568|161566636631916579|2021-07-28 15:01:59.3
5497558139031|162129586585338190|2021-07-31 09:30:40.869
6597069767042|162411061562049342|2021-08-01 07:20:15.485
5497558138929|162692536538759272|2021-08-01 18:49:41.94
5497558139136|163255486492181018|2021-08-03 19:42:58.161
3298534883537|163536961468891568|2021-08-05 05:40:20.286
5497558139096|163818436445602237|2021-08-05 18:12:13.941
5497558138929|163818436445601898|2021-08-06 04:04:26.234
5497558138895|164099911422312480|2021-08-06 13:42:59.086
180|164662861375734142|2021-08-08 21:29:29.251
6597069766947|165788761282576994|2021-08-12 13:34:20.786
7696581394539|166070236259287276|2021-08-13 20:02:21.069
5497558139120|166070236259287552|2021-08-14 01:21:20.729
3298534883673|166633186212709084|2021-08-15 13:59:49.108
5497558139028|167196136166129991|2021-08-17 13:25:29.617
4398046511192|167477611142840514|2021-08-18 18:22:53.936
4398046511482|167477611142841123|2021-08-19 09:45:03.237
7696581394670|168603511049683453|2021-08-22 20:39:12.136
5497558138895|168884986026393634|2021-08-24 08:29:02.415
4398046511399|169166461003104877|2021-08-24 18:15:48.658
5497558139186|170010885933236865|2021-08-27 18:34:38.204
23|170010885933236272|2021-08-28 08:08:18.528
6597069766864|170010885933236654|2021-08-28 13:10:31.812
6597069766788|170855310863368478|2021-08-31 05:44:00.295
5497558138929|170855310863368297|2021-08-31 09:26:53.266
43|171418260816789596|2021-09-01 17:21:19.3
5497558139133|171418260816790038|2021-09-01 19:09:39.283
5497558139102|171418260816789968|2021-09-02 10:18:40.759
2199023255889|171699735793500874|2021-09-03 08:20:12.821
6597069766755|172262685746921690|2021-09-05 00:10:03.91
344|172825635700343512|2021-09-07 10:17:52.709
7696581394541|173388585653764335|2021-09-08 14:18:03.853
4398046511285|173388585653764481|2021-09-09 10:23:19.023
7696581394664|173670060630475242|2021-09-09 20:45:55.784
4398046511111|173670060630474770|2021-09-09 20:46:11.834
4398046511210|173670060630474985|2021-09-09 23:14:09.341
6597069767004|174233010583896804|2021-09-12 09:31:48.478
342|174514485560607442|2021-09-13 13:25:54.511
2199023255889|175077435514028744|2021-09-15 06:43:14.546
1099511627834|175077435514028164|2021-09-15 09:47:03.382
2199023255889|175358910490739401|2021-09-15 23:29:35.09
8796093022528|175921860444160675|2021-09-18 12:50:30.277
3298534883391|176203335420870797|2021-09-18 18:12:56.345
5497558138895|176203335420870689|2021-09-18 23:58:46.767
7696581394469|176766285374292049|2021-09-21 09:40:56.749
3298534883474|177610710304424261|2021-09-24 00:11:30.806
6597069766890|177892185281135090|2021-09-24 16:22:42.873
5497558139102|178173660257845711|2021-09-26 09:49:44.04
1099511628070|178455135234556523|2021-09-27 05:09:22.065
2199023255811|180143985094820389|2021-10-02 15:21:31.546
5497558139136|180988410024952348|2021-10-06 04:09:45.541
4398046511433|181269885001663159|2021-10-06 17:19:04.132
4398046511155|181551359978373235|2021-10-08 09:55:29.782
4398046511337|182114309931794928|2021-10-10 01:53:48.126
6597069767004|182395784908505830|2021-10-10 23:26:43.565
8796093022510|182677259885216377|2021-10-11 17:30:35.654
8796093022516|182958734861927045|2021-10-13 00:05:10.766
7696581394454|183803159792058415|2021-10-15 22:25:31.732
8796093022313|184084634768769254|2021-10-17 03:44:03.729
2199023255780|185210534675612127|2021-10-20 15:36:45.051
4398046511111|187180859512586259|2021-10-27 17:54:20.195
5497558138885|187743809466007566|2021-10-30 13:53:25.577
7696581394539|188306759419429099|2021-11-01 12:17:10.318
8796093022480|188588234396140096|2021-11-02 08:29:36.643
4398046511125|189432659326271533|2021-11-05 06:56:48.744
2199023255950|189714134302983003|2021-11-06 09:59:59.037
7696581394541|189995609279693038|2021-11-06 16:50:41.729
8796093022242|190558559233114186|2021-11-09 01:23:29.441
1099511627777|190840034209824772|2021-11-10 03:54:50.501
2199023255759|190840034209825196|2021-11-10 13:40:31.159
4398046511157|191402984163246200|2021-11-12 06:27:31.281
8796093022339|191684459139957018|2021-11-12 21:31:41.096
3298534883393|192528884070088849|2021-11-15 20:25:44.871
4398046511183|192528884070088876|2021-11-16 14:33:40.197
6597069766788|193091834023510301|2021-11-17 21:38:04.361
2199023255950|193373309000221532|2021-11-19 00:25:22.17
5497558139067|193373309000221064|2021-11-19 12:10:46.57
336|193654783976932039|2021-11-19 16:31:34.951
3298534883393|194217733930352784|2021-11-22 07:56:41.453
5497558139019|195062158860484914|2021-11-25 14:30:34.258
9895604650141|195343633837195608|2021-11-25 18:53:53.951
1099511627887|195625108813906162|2021-11-26 20:16:59.918
8796093022248|195906583790616663|2021-11-27 20:34:34.754
9895604650341|197032483697459958|2021-12-01 22:32:20.807
5497558139109|197032483697459683|2021-12-02 07:58:52.671
4398046511451|197313958674170595|2021-12-03 11:19:07.399
4398046511208|197595433650880738|2021-12-04 11:39:36.778
7696581394711|197876908627591758|2021-12-05 10:56:46.471
5497558139265|199002808534434621|2021-12-09 03:00:15.026
8796093022313|200128708441276645|2021-12-13 11:42:57.091
8796093022320|200410183417987317|2021-12-13 21:52:26.521
3298534883370|200691658394697819|2021-12-14 22:03:47.742
4398046511309|200973133371408809|2021-12-15 19:29:46.759
7696581394467|201254608348119118|2021-12-17 12:09:23.504
6597069766919|201536083324830252|2021-12-18 05:38:11.086
8796093022242|201536083324829769|2021-12-18 06:55:50.992
8796093022227|201536083324829736|2021-12-18 10:27:10.884
2199023255759|201817558301540779|2021-12-19 14:58:08.088
6597069766947|202661983231672929|2021-12-22 04:03:18.037
5497558139179|202943458208383603|2021-12-23 01:51:38.726
6597069766788|202943458208383263|2021-12-23 14:39:09.766
2199023255940|203224933185094467|2021-12-23 17:12:56.616
2199023255862|203506408161804937|2021-12-24 20:49:20.556
2199023255941|203787883138515781|2021-12-25 20:48:29.081
6597069766947|203787883138515556|2021-12-26 14:44:21.989
5497558138890|204632308068646934|2021-12-28 22:54:27.586
6597069766747|204913783045357768|2021-12-29 23:19:32.133
7696581394831|205476732998779743|2021-12-31 23:53:47.769
9895604650341|205476732998779637|2022-01-01 11:56:22.277
4398046511122|206321157928910885|2022-01-03 20:28:34.928
4398046511456|206602632905622254|2022-01-04 19:07:59.909
1099511628070|207165582859043434|2022-01-07 10:40:49.338
6597069766902|207447057835753991|2022-01-08 07:45:33.981
8796093022564|207728532812464884|2022-01-09 11:24:30.669
6597069766890|208010007789175283|2022-01-09 23:15:52.63
8796093022581|208572957742596892|2022-01-11 21:54:33.225
7696581394829|209417382672728919|2022-01-15 02:24:22.999
8796093022473|209698857649439283|2022-01-16 03:09:00.032
3298534883393|209698857649438867|2022-01-16 05:32:23.698
8796093022588|209980332626150189|2022-01-17 08:49:10.392
3298534883628|210543282579571317|2022-01-18 18:27:50.839
6597069766916|210543282579571240|2022-01-19 05:43:08.191
6597069766723|210824757556281494|2022-01-20 02:07:31.966
8796093022227|211106232532992041|2022-01-21 16:24:00.541
7696581394572|211950657463124278|2022-01-23 23:23:23.519
5497558138969|212795082393256131|2022-01-26 20:07:03.003
4398046511371|212795082393256505|2022-01-27 07:12:45.315
7696581394560|212795082393256215|2022-01-27 15:36:30.327
6597069766850|213076557369966994|2022-01-28 10:50:03.109
4398046511210|213358032346677479|2022-01-29 15:25:55.318
9895604650059|213639507323388069|2022-01-29 18:08:25.902
2199023255637|213639507323388090|2022-01-30 08:46:25.655
6597069766919|214202457276809773|2022-02-01 14:11:45.719
7696581394572|214483932253520181|2022-02-02 04:27:29.937
6597069766788|214765407230230816|2022-02-03 07:17:30.102
9895604650231|214765407230231051|2022-02-03 12:20:50.254
8796093022546|215046882206941899|2022-02-03 19:12:44.564
5497558139226|215609832160363230|2022-02-06 16:22:54.243
6597069766826|216454257090494827|2022-02-09 05:21:34.512
1099511627789|216454257090494492|2022-02-09 12:43:55.812
7696581394815|216735732067205942|2022-02-10 02:38:21.261
8796093022381|217298682020626802|2022-02-11 22:14:11.033
4398046511137|217298682020626503|2022-02-12 00:29:00.495
3298534883597|217580156997337660|2022-02-12 18:59:13.966
8796093022588|217861631974048554|2022-02-14 05:22:15.304
9895604650034|217861631974047854|2022-02-14 15:10:25.524
9895604650151|218424581927469415|2022-02-15 22:02:07.052
4398046511451|218424581927469792|2022-02-16 00:23:12.863
8796093022235|219550481834311735|2022-02-20 04:14:32.538
7696581394479|219831956811022436|2022-02-21 02:31:46.684
8796093022532|219831956811023021|2022-02-21 08:41:57.57
7696581394694|220113431787733547|2022-02-21 19:06:59.153
6597069766890|220113431787733492|2022-02-22 13:15:29.53
7696581394819|220676381741155135|2022-02-24 14:48:11.541
8796093022248|220957856717865046|2022-02-25 00:29:23.966
4398046511125|221239331694575662|2022-02-25 22:18:33.844
4398046511155|221239331694575729|2022-02-26 06:11:05.894
7696581394653|221520806671286733|2022-02-27 10:19:54.725
5497558139103|221520806671286740|2022-02-27 15:20:45.747
180|222646706578129277|2022-03-03 10:32:04.736
10995116278069|222928181554840200|2022-03-04 13:11:51.833
2199023255948|223209656531551062|2022-03-04 18:53:58.539
4398046511337|223491131508261359|2022-03-06 16:13:57.519
9895604650180|224335556438393239|2022-03-08 19:02:13.778
6597069766847|224335556438393228|2022-03-09 12:13:47.284
6597069766929|224617031415104066|2022-03-10 06:36:08.602
365|224617031415104267|2022-03-10 08:16:08.856
1099511627942|224617031415103846|2022-03-10 09:03:45.377
10995116277768|224898506391814164|2022-03-11 11:16:42.487
6597069766681|225179981368524853|2022-03-12 03:52:50.647
9895604650136|225179981368525137|2022-03-12 16:30:03.919
1099511628006|225742931321946596|2022-03-14 16:35:35.418
6597069766983|226024406298657458|2022-03-14 19:56:48.912
3298534883474|226305881275367748|2022-03-15 20:33:10.324
3298534883699|226305881275368216|2022-03-16 03:58:34.616
8796093022519|226587356252078733|2022-03-17 09:05:39.16
2199023255720|226587356252078441|2022-03-17 13:50:06.737
7696581394572|226868831228789044|2022-03-17 22:06:17.718
9895604650281|226868831228789360|2022-03-18 09:14:00.447
9895604650034|227150306205499503|2022-03-19 05:46:35.033
9895604650271|227431781182210650|2022-03-19 21:56:44.955
9895604650034|227713256158920813|2022-03-21 06:19:47.299
9895604650059|227994731135631526|2022-03-22 15:55:01.25
9895604650059|228276206112342179|2022-03-23 09:58:11.621
6597069766747|228557681089052869|2022-03-24 13:08:53.276
3298534883523|229120631042474390|2022-03-26 11:02:27.657
1099511628000|229120631042474454|2022-03-26 16:45:57.829
5497558139031|229402106019184975|2022-03-26 22:11:39.719
365|229402106019185420|2022-03-27 00:09:17.277
7696581394815|229402106019185461|2022-03-27 06:04:54.878
8796093022519|229683580995895947|2022-03-27 20:24:03.79
6597069767004|229683580995896037|2022-03-28 07:37:27.431
4398046511122|229683580995895334|2022-03-28 16:55:45.754
9895604650066|229965055972606132|2022-03-29 03:02:40.802
3298534883391|229965055972606094|2022-03-29 03:11:01.718
8796093022235|230246530949316665|2022-03-30 08:24:34.997
8796093022532|230528005926027947|2022-03-31 07:36:54.126
7696581394534|230528005926027485|2022-03-31 13:58:27.511
9895604650271|231372430856159833|2022-04-03 11:38:06.563
353|231653905832870639|2022-04-04 06:26:03.349
10995116278035|231653905832870470|2022-04-04 08:24:11.348
1099511627831|231935380809580668|2022-04-04 23:55:14.678
2199023255941|232498330763002696|2022-04-07 13:02:33.451
3298534883673|232779805739713243|2022-04-08 05:51:44.507
8796093022439|233061280716423656|2022-04-08 18:12:45.159
1099511628070|233061280716423788|2022-04-09 04:40:53.954
10995116277790|233342755693133887|2022-04-09 19:16:44.058
4398046511371|233905705646555706|2022-04-11 23:00:15.356
9895604650262|233905705646555725|2022-04-12 05:18:30.292
237|233905705646555644|2022-04-12 08:23:57.998
3298534883592|233905705646555697|2022-04-12 12:59:59.027
8796093022581|235031605553398557|2022-04-16 11:04:44.67
2199023255637|235313080530108603|2022-04-17 09:39:18.311
6597069766933|235594555506819657|2022-04-17 20:11:42.795
3298534883649|235876030483530404|2022-04-18 22:27:52.886
1099511627889|235876030483529977|2022-04-19 01:12:07.623
4398046511157|235876030483529847|2022-04-19 02:48:44.757
3298534883699|235876030483530522|2022-04-19 12:53:58.948
6597069766845|236157505460240778|2022-04-20 01:06:31.84
2199023255566|236438980436951070|2022-04-21 10:32:02.93
8796093022564|236720455413662450|2022-04-21 21:11:26.363
8796093022339|236720455413661980|2022-04-22 00:57:10.723
4398046511399|236720455413662318|2022-04-22 02:40:46.151
8796093022235|237564880343793720|2022-04-25 11:28:42.342
6597069766933|237846355320504906|2022-04-26 07:31:22.083
5497558138926|238127830297215073|2022-04-27 07:43:52.743
5497558139102|238127830297215441|2022-04-27 17:55:37.795
9895604650151|238409305273925992|2022-04-28 08:32:50.387
1099511627889|239253730204057848|2022-05-01 03:41:44.42
9895604650302|239253730204058269|2022-05-01 13:42:49.639
10995116277960|239535205180768668|2022-05-02 07:38:18.309
2199023255724|239816680157479280|2022-05-03 00:35:51.439
10995116278026|239816680157479479|2022-05-03 11:42:35.134
9895604650008|239816680157478961|2022-05-03 17:08:15.463
1099511627838|240098155134189706|2022-05-04 12:12:49.042
8796093022519|240098155134190220|2022-05-04 16:14:34.421
8796093022510|240379630110900856|2022-05-05 12:23:13.197
1099511627834|240661105087611009|2022-05-06 04:19:21.286
4398046511115|240661105087610904|2022-05-06 05:04:14.492
10995116278119|241505530017743611|2022-05-09 17:07:38.991
9895604650272|241505530017743453|2022-05-09 18:34:53.537
9895604650231|242349954947875338|2022-05-12 05:28:24.259
3298534883391|242912904901296268|2022-05-14 09:31:13.549
8796093022577|243475854854718229|2022-05-16 03:05:36.465
8796093022242|244883229738270795|2022-05-21 18:48:21.61
6597069766826|245164704714981740|2022-05-22 12:01:22.174
8796093022320|246009129645113587|2022-05-25 10:53:14.783
12094627905851|246290604621824665|2022-05-26 02:14:32.683
8796093022534|246572079598535344|2022-05-26 22:26:12.904
257|246572079598535197|2022-05-27 13:37:11.18
2199023255940|246572079598535489|2022-05-27 16:28:18.505
10995116277874|246572079598534906|2022-05-27 17:13:13.921
8796093022227|247135029551956007|2022-05-28 20:41:57.355
3298534883537|247135029551956402|2022-05-29 01:38:25.46
8796093022516|247135029551956614|2022-05-29 05:38:59.056
9895604650066|247135029551956146|2022-05-29 11:13:07.561
8796093022480|247416504528667201|2022-05-29 19:51:33.154
8796093022284|247416504528666792|2022-05-30 16:43:58.574
9895604650082|247697979505377497|2022-05-31 00:01:48.535
365|247697979505378058|2022-05-31 02:03:57.972
6597069766832|247697979505377654|2022-05-31 10:01:03.353
6597069766809|248823879412220242|2022-06-04 02:08:53.989
12094627905931|249105354388931411|2022-06-05 01:11:26.124
7696581394631|249105354388930971|2022-06-05 02:09:27.623
4398046511433|249105354388931254|2022-06-05 12:42:30.329
12094627905848|250231254295773839|2022-06-09 09:14:03.302
6597069766850|250794204249194897|2022-06-11 14:29:59.376
5497558139205|251075679225905839|2022-06-11 19:38:40.866
6597069766898|251075679225905667|2022-06-11 21:36:51.561
10995116278137|251075679225905953|2022-06-12 05:54:26.216
12094627905646|251075679225905392|2022-06-12 19:08:49.123
12094627905677|251638629179326778|2022-06-13 21:18:51.934
2199023255811|251920104156037668|2022-06-15 09:06:25.813
1099511627996|251920104156037579|2022-06-15 10:16:40.236
12094627905538|252483054109458441|2022-06-17 19:13:24.545
8796093022598|252764529086169931|2022-06-18 05:06:18.27
3298534883699|252764529086169881|2022-06-18 07:41:48.309
9895604650324|252764529086169806|2022-06-18 19:40:34.514
4398046511157|253046004062879862|2022-06-19 08:56:05.815
7696581394807|253327479039591199|2022-06-20 16:24:53.576
10995116278053|253327479039591016|2022-06-20 18:56:21.667
8796093022588|253608954016301868|2022-06-21 03:33:22.411
3298534883369|253890428993011801|2022-06-22 01:42:03.613
12094627905677|253890428993012023|2022-06-22 06:33:01.156
12094627905746|254171903969722805|2022-06-22 21:44:27.794
4398046511456|254453378946433772|2022-06-24 08:49:44.781
3298534883458|254734853923143961|2022-06-25 00:17:25.388
12094627905679|255297803876565310|2022-06-26 22:19:50.232
7696581394534|255579278853275870|2022-06-28 03:17:21.714
257|255579278853276190|2022-06-28 03:21:19.131
9895604650082|255579278853275863|2022-06-28 13:01:34.795
6597069766960|255860753829986941|2022-06-29 19:03:32.02
10995116277925|256142228806697314|2022-06-30 01:26:51.15
9895604650271|256142228806697564|2022-06-30 09:33:42.441
1099511628050|256423703783408196|2022-06-30 20:58:49.148
8796093022320|256423703783407860|2022-07-01 04:44:46.945
1099511627777|256705178760118278|2022-07-02 03:37:12.098
3298534883649|256705178760118949|2022-07-02 19:35:11.433
9895604650008|257268128713539635|2022-07-03 21:31:30.15
4398046511192|257268128713539777|2022-07-03 21:52:38.542
9895604650339|257268128713540337|2022-07-04 04:16:51.653
7696581394815|257268128713540404|2022-07-04 08:37:26.057
12094627905592|257549603690250367|2022-07-04 23:56:31.976
8796093022240|257549603690250305|2022-07-05 10:11:32.718
8796093022228|257549603690250282|2022-07-05 11:45:52.262
9895604650366|257549603690251059|2022-07-05 12:56:02.649
12094627905705|257549603690250602|2022-07-05 19:41:08.328
8796093022439|258394028620382697|2022-07-08 02:46:47.72
12094627905679|258394028620382527|2022-07-08 14:51:01.795
10995116277885|258675503597093135|2022-07-09 13:28:53.522
12094627905722|258956978573803911|2022-07-10 17:47:26.418
9895604650324|259238453550514893|2022-07-11 15:25:49.834
9895604650015|259238453550514240|2022-07-11 18:36:20.732
3298534883523|259801403503935893|2022-07-13 19:56:33.133
257|260082878480646687|2022-07-14 10:48:20.116
9895604650366|260364353457357618|2022-07-15 13:06:23.061
13194139533407|260645828434067663|2022-07-15 20:45:52.744
7696581394565|260645828434067747|2022-07-15 22:56:02.135
29|260645828434067518|2022-07-16 03:14:04.78
4398046511495|260645828434068300|2022-07-16 16:06:50.626
10995116278005|260645828434067974|2022-07-16 19:54:36.846
13194139533625|260927303410778769|2022-07-16 23:26:45.732
4398046511142|260927303410778194|2022-07-17 03:12:48.705
4398046511219|261208778387489020|2022-07-18 07:47:53.783
7696581394436|261771728340910092|2022-07-19 20:35:05.22
1099511627942|261771728340910437|2022-07-20 05:06:18.562
6597069766871|262334678294331835|2022-07-22 03:17:47.68
10995116277939|262334678294331771|2022-07-22 19:51:17.079
13194139533386|262897628247752863|2022-07-24 17:50:07.461
2199023255848|263460578201174639|2022-07-26 10:17:53.087
8796093022339|263742053177884955|2022-07-27 00:06:35.311
9895604650082|264023528154595544|2022-07-28 01:04:38.359
314|264023528154595990|2022-07-28 10:08:17.499
3298534883370|264305003131306074|2022-07-29 11:05:07.286
7696581394775|264586478108017364|2022-07-30 04:14:33.345
8796093022211|264586478108016651|2022-07-30 10:13:59.529
7696581394552|264586478108016903|2022-07-30 14:33:57.244
9895604650255|264586478108017215|2022-07-30 20:30:17.044
10995116277957|265712378014859673|2022-08-02 20:56:51.534
4398046511285|265712378014859648|2022-08-03 13:59:02.671
10995116278012|265993852991570451|2022-08-04 00:45:15.77
12094627905864|265993852991570612|2022-08-04 07:46:24.712
8796093022240|266275327968280644|2022-08-05 10:29:25.395
13194139533430|266275327968280832|2022-08-05 16:42:14.581
6597069766906|266275327968281103|2022-08-05 16:53:25.4
9895604650262|266556802944991819|2022-08-05 22:33:40.549
13194139533510|266556802944991642|2022-08-06 11:58:21.166
4398046511219|266556802944991483|2022-08-06 16:28:06.775
12094627905696|266838277921702237|2022-08-07 00:18:35.502
8796093022519|266838277921702538|2022-08-07 16:47:38.151
12094627905848|267401227875123854|2022-08-09 17:05:54.577
10995116278109|267964177828545255|2022-08-11 11:27:28.333
13194139533646|267964177828545215|2022-08-11 18:37:17.274
12094627905931|268245652805256017|2022-08-12 06:48:02.196
6597069766747|268245652805255366|2022-08-12 15:11:01.619
8796093022510|268808602758677114|2022-08-14 04:56:52.599
8796093022466|268808602758677025|2022-08-14 19:34:53.061
3298534883405|269090077735387305|2022-08-15 10:34:42.219
4398046511208|269371552712098019|2022-08-16 13:43:20.99
7696581394552|269371552712098054|2022-08-16 15:53:37.906
13194139533384|269934502665519261|2022-08-18 02:04:48.712
12094627905903|270215977642230544|2022-08-19 06:09:23.181
2199023255588|270215977642229840|2022-08-19 15:44:29.834
8796093022284|270778927595651239|2022-08-20 21:52:58.931
9895604650315|271060402572362426|2022-08-22 01:39:51.279
12094627905617|271060402572361904|2022-08-22 15:08:27.9
9895604650238|271341877549072920|2022-08-22 21:49:05.289
12094627905851|271341877549073047|2022-08-23 01:43:50.738
6597069766890|271341877549072881|2022-08-23 19:51:45.756
12094627905538|271623352525783048|2022-08-24 04:01:17.731
344|272186302479205078|2022-08-26 15:02:55.697
4398046511208|272467777455915236|2022-08-27 07:53:11.959
4398046511241|272749252432625963|2022-08-28 07:07:51.066
12094627905606|272749252432625817|2022-08-28 08:09:29.897
13194139533588|273030727409336903|2022-08-28 23:53:06.683
12094627905677|273030727409336633|2022-08-29 14:17:16.963
13194139533635|273030727409337002|2022-08-29 18:17:28.306
13194139533312|273312202386046976|2022-08-30 06:23:24.131
6597069766916|273312202386047527|2022-08-30 16:43:58.96
5497558139261|273593677362758446|2022-08-31 17:15:21.383
1099511627889|273875152339468535|2022-09-01 05:50:31.049
10995116278052|273875152339468901|2022-09-01 14:17:03.674
8796093022532|274156627316179630|2022-09-02 03:08:48.051
10995116278119|274156627316179708|2022-09-02 21:06:19.939
10995116277856|274438102292889810|2022-09-02 22:22:23.582
6597069766916|275001052246311465|2022-09-05 04:03:59.583
12094627905677|275001052246311224|2022-09-05 04:55:12.087
7696581394534|275001052246311135|2022-09-05 19:19:35.885
10995116278128|275564002199733009|2022-09-06 22:56:59.39
12094627905646|275564002199732465|2022-09-07 04:33:37.874
13194139533439|275845477176443158|2022-09-08 04:27:35.465
12094627905655|276408427129864452|2022-09-10 16:48:04.868
393|276689902106575694|2022-09-10 23:17:25.851
13194139533386|276971377083285664|2022-09-12 02:07:54.348
10995116278012|276971377083286037|2022-09-12 12:32:19.521
13194139533631|276971377083286174|2022-09-12 14:49:54.462
9895604650066|277252852059996339|2022-09-13 03:18:39.945
13194139533448|277252852059996456|2022-09-13 11:33:06.583
10995116278012|277534327036707348|2022-09-14 00:23:33.296
3298534883523|277534327036707220|2022-09-14 07:05:44.419
10995116278119|277815802013418234|2022-09-15 04:45:25.533
9895604650341|278097276990128887|2022-09-16 05:08:41.321
7696581394467|278378751966838861|2022-09-17 01:27:09.864
7696581394467|278378751966838860|2022-09-17 16:34:37.404
4398046511249|278378751966839106|2022-09-17 20:59:41.485
10995116277817|278660226943549568|2022-09-18 06:13:29.67
1099511627838|278660226943549579|2022-09-18 17:08:49.319
8796093022277|278660226943549592|2022-09-18 21:24:19.387
2199023255777|278941701920260569|2022-09-18 22:49:12.574
10995116277886|278941701920260369|2022-09-19 05:50:01.992
5497558139226|279223176896971487|2022-09-20 07:24:11.247
4398046511241|279223176896971052|2022-09-20 19:06:45.156
2199023255702|279504651873681739|2022-09-21 16:12:41.734
14293651161252|279786126850392417|2022-09-21 22:54:44.59
9895604650105|279786126850392328|2022-09-22 18:01:18.708
12094627905851|279786126850392728|2022-09-22 21:27:21.023
13194139533635|280349076803814057|2022-09-24 02:25:07.56
344|280349076803814101|2022-09-24 05:10:30.161
14293651161127|280349076803813461|2022-09-24 08:35:49.955
12094627905784|280630551780524556|2022-09-25 02:37:03.521
12094627905692|281193501733945686|2022-09-27 21:21:41.893
8796093022466|281474976710656546|2022-09-28 08:09:15.654
13194139533312|281474976710656003|2022-09-28 10:41:35.434
7696581394622|281474976710656395|2022-09-28 15:14:35.545
7696581394653|281756451687367116|2022-09-29 08:34:56.289
12094627905655|282037926664077571|2022-09-30 14:32:48.77
14293651161191|282037926664077537|2022-09-30 15:58:26.51
13194139533439|282882351594209557|2022-10-02 22:38:20.076
6597069766906|282882351594209808|2022-10-02 22:39:19.964
14293651161127|283163826570920019|2022-10-03 22:17:29.875
8796093022419|283163826570920374|2022-10-04 00:23:56.791
12094627905864|283163826570920627|2022-10-04 01:24:06.834
7696581394549|283163826570920191|2022-10-04 04:44:35.412
12094627905655|283445301547630850|2022-10-05 13:20:38.842
13194139533597|283445301547631189|2022-10-05 15:54:53.358
5497558138926|284008251501052003|2022-10-07 21:35:58.507
5497558139002|284289726477762825|2022-10-08 03:22:23.459
3298534883673|284571201454473946|2022-10-09 00:39:34.079
5497558139031|284571201454473552|2022-10-09 12:16:54.294
9895604650059|284571201454473380|2022-10-09 20:58:47.562
4398046511137|284852676431183942|2022-10-10 03:44:43.776
14293651161368|284852676431184463|2022-10-10 16:11:28.748
13194139533631|284852676431184543|2022-10-10 18:15:04.937
13194139533678|285415626384605966|2022-10-12 03:17:16.13
2199023255711|285697101361316186|2022-10-13 00:13:32.506
5497558139261|285697101361316657|2022-10-13 15:37:46.771
10995116278026|285978576338027062|2022-10-14 02:04:50.841
14293651161116|285978576338026555|2022-10-14 04:29:58.796
13194139533459|285978576338026822|2022-10-14 05:31:16.846
7696581394829|285978576338027353|2022-10-14 14:30:47.791
14293651161289|285978576338026909|2022-10-14 14:43:27.024
13194139533567|285978576338027033|2022-10-14 20:32:09.593
3298534883436|286260051314737389|2022-10-15 16:21:09.933
13194139533625|286260051314737810|2022-10-15 19:49:45.845
10995116277856|286541526291448017|2022-10-16 06:14:48.024
9895604650186|286823001268158878|2022-10-16 22:38:46.64
14293651161358|286823001268159037|2022-10-17 22:18:32.342
5497558138895|287104476244869151|2022-10-18 07:25:58.421
4398046511309|287104476244869544|2022-10-18 13:48:16.615
14293651161450|287104476244869892|2022-10-18 18:38:00.261
3298534883614|287385951221580374|2022-10-19 06:12:19.423
10995116278069|287385951221580423|2022-10-19 15:11:51.674
351|287667426198291179|2022-10-20 08:24:25.069
10995116278128|287667426198291218|2022-10-20 17:09:58.814
12094627905931|287667426198291280|2022-10-20 17:53:31.025
12094627905746|287667426198290867|2022-10-20 19:47:57.496
10995116278128|287667426198291220|2022-10-20 20:43:41.355
7696581394572|287948901175001395|2022-10-21 16:04:05.912
4398046511219|288230376151711997|2022-10-22 14:30:29.905
5497558139109|288511851128422880|2022-10-23 10:49:28.045
2199023255780|288511851128422878|2022-10-23 20:18:30.598
2199023255944|288793326105133901|2022-10-24 02:43:52.389
13194139533312|289074801081843714|2022-10-25 13:39:52.77
9895604650341|289356276058555128|2022-10-26 11:26:58.031
13194139533439|289356276058554644|2022-10-26 17:04:17.662
13194139533448|289356276058554666|2022-10-26 18:41:51.801
5497558139129|289637751035265550|2022-10-27 03:18:40.295
13194139533386|289637751035265186|2022-10-27 04:05:47.095
10995116277886|289637751035265298|2022-10-27 13:59:23.187
12094627905710|289919226011976052|2022-10-28 06:58:20.016
4398046511433|289919226011976376|2022-10-28 13:30:48.501
13194139533602|290200700988686944|2022-10-29 00:15:47.073
2199023255637|290482175965397180|2022-10-30 20:27:18.92
4398046511125|290482175965397035|2022-10-30 21:24:00.516
6597069766929|290763650942108227|2022-10-31 02:52:53.029
314|290763650942108308|2022-10-31 10:02:50.259
12094627905834|290763650942108273|2022-10-31 11:10:48.628
14293651161116|290763650942107708|2022-10-31 22:33:29.869
12094627905713|291045125918818679|2022-11-01 15:01:21.462
4398046511137|291045125918818373|2022-11-01 18:27:59.048
13194139533407|291045125918818512|2022-11-01 20:30:30.153
2199023255737|291045125918818694|2022-11-01 20:42:24.112
7696581394565|291326600895529250|2022-11-02 00:06:27.79
1099511627942|291608075872239971|2022-11-02 23:45:21.771
12094627905834|291608075872240242|2022-11-03 19:09:42.901
12094627905553|291889550848950308|2022-11-04 06:11:56.198
14293651161421|291889550848950973|2022-11-04 16:24:29.184
9895604650034|292171025825661036|2022-11-05 13:30:11.177
14293651161329|292171025825661441|2022-11-05 19:21:30.336
8796093022211|292733975779082250|2022-11-07 03:34:55.637
14293651161249|292733975779082590|2022-11-07 06:57:03.335
14293651161154|292733975779082389|2022-11-07 21:48:26.125
5497558139243|293015450755793672|2022-11-08 00:41:45.831
8796093022528|293015450755793570|2022-11-08 05:09:13.496
13194139533646|293015450755793598|2022-11-08 17:17:55.098
4398046511157|293296925732503669|2022-11-09 12:19:32.879
8796093022588|293296925732504363|2022-11-09 12:49:14.724
14293651161467|293578400709215017|2022-11-09 23:57:41.465
14293651161276|293578400709214601|2022-11-10 07:17:39.629
14293651161100|293859875685924890|2022-11-11 06:09:14.25
14293651161180|293859875685925067|2022-11-11 18:22:56.466
14293651161171|294141350662635702|2022-11-12 10:28:23.182
14293651161171|294141350662635704|2022-11-12 17:05:20.939
13194139533386|294422825639346337|2022-11-13 08:20:37.997
14293651161423|294704300616057537|2022-11-14 04:08:43.812
9895604650262|294704300616057420|2022-11-14 20:04:23.956
13194139533466|294985775592767827|2022-11-15 01:14:48.031
9895604650159|294985775592767861|2022-11-15 07:33:48.617
8796093022240|295267250569478210|2022-11-15 23:47:24.7
14293651161180|295267250569478345|2022-11-15 23:49:14.333
13194139533678|295267250569478925|2022-11-16 08:21:10.201
14293651161127|295267250569478228|2022-11-16 14:46:42.549
9895604650271|295267250569478747|2022-11-16 16:21:42.649
13194139533617|295830200522900094|2022-11-18 09:24:52.857
8796093022532|295830200522900140|2022-11-18 11:06:53.463
13194139533430|295830200522899713|2022-11-18 16:54:34.621
10995116278053|296111675499610726|2022-11-19 05:43:21.395
6597069766871|296111675499610556|2022-11-19 06:34:49.889
12094627905606|296674625453031578|2022-11-21 10:19:13.639
4398046511115|296674625453031449|2022-11-21 17:06:22.404
14293651161294|296956100429742506|2022-11-22 02:46:27.479
14293651161323|296956100429742582|2022-11-22 10:26:38.76
14293651161450|297237575406453509|2022-11-23 03:39:00.307
10995116277885|297237575406453008|2022-11-23 16:11:34.024
14293651161323|297237575406453237|2022-11-23 19:59:48.373
14293651161450|297800525359874822|2022-11-25 17:05:11.592
10995116277977|297800525359874497|2022-11-25 21:41:59.226
3298534883452|297800525359874317|2022-11-25 22:08:00.398
9895604650008|298644950290006066|2022-11-28 00:57:38.602
13194139533312|298644950290006017|2022-11-28 01:53:54.078
14293651161423|298644950290006724|2022-11-28 09:52:11.185
13194139533625|298644950290006672|2022-11-28 18:01:35.472
