personId|loanId|createTime|org
636|4633359591634109273|2020-03-18 16:42:57.719|Avant
187|4640396466051875090|2020-04-12 13:48:43.486|BlueVine
2199023255742|4643211215818981652|2020-04-22 15:58:41.804|BlueVine
93|4645181540655956113|2020-04-29 10:25:02.334|Discover
2199023256030|4646025965586088570|2020-05-02 13:46:09.681|Citibank
2199023255900|4649966615260037582|2020-05-16 10:13:16.034|PNC Bank
668|4653344314980565892|2020-05-29 01:57:03.872|LendingClub
642|4653625789957276512|2020-05-29 07:43:04.492|Chase Bank
2199023256128|4654188739910697745|2020-05-31 21:09:29.238|Upgrade
2199023256011|4656159064747672175|2020-06-07 17:50:34.322|SoFi
310|4657566439631225257|2020-06-12 06:04:54.142|Roofstock
2199023256210|4660662664375042929|2020-06-23 06:31:27.49|RealtyMogul
743|4660944139351753688|2020-06-24 11:08:51.94|LendingPoint
2199023256133|4662070039258596121|2020-06-28 14:13:07.824|Earnest
4398046511504|4666010688932545042|2020-07-12 11:49:16.284|Patch of Land
4398046511519|4667699538792809002|2020-07-18 21:47:38.086|Wells Fargo
433|4669951338606494288|2020-07-26 18:39:45.836|Marcus by Goldman Sachs
4398046511865|4670514288559916031|2020-07-29 04:11:04.238|Best Egg
630|4671640188466758485|2020-08-01 11:23:39.104|Funding Circle
2199023256309|4673047563350311928|2020-08-07 04:14:02.532|Marcus by Goldman Sachs
2199023256212|4673891988280443769|2020-08-09 08:29:15.97|SoFi
4398046511111|4675017888187285518|2020-08-13 15:44:55.928|Best Egg
636|4675299363163997016|2020-08-14 15:15:54.475|Marcus by Goldman Sachs
601|4679802962791367476|2020-08-31 05:09:15.294|Chase Bank
2199023256030|4680365912744788603|2020-09-01 17:21:49.202|OnDeck
4398046511878|4680928862698210320|2020-09-04 05:10:40.42|Patch of Land
4398046511829|4684025087442027461|2020-09-15 05:20:41.014|Roofstock
2199023256301|4684306562418738149|2020-09-15 10:15:31.794|Earnest
6597069767178|4686276887255712451|2020-09-22 09:10:45.367|Kabbage
4398046511149|4688528687069397066|2020-10-01 01:00:48.946|LightStream
2199023255900|4688810162046108108|2020-10-01 20:14:01.162|Bank of America
4398046511409|4688810162046108071|2020-10-02 03:54:52.627|Citibank
250|4689091637022818664|2020-10-02 09:40:40.806|Fundbox
497|4689091637022818971|2020-10-03 05:24:14.93|RealtyMogul
4398046511722|4691061961859793738|2020-10-09 18:54:43.551|Chase Bank
4398046511588|4691061961859793536|2020-10-09 20:19:28.12|Rocket Loans
41|4692750811720056896|2020-10-15 07:29:42.786|Upstart
4398046511258|4693313761673478373|2020-10-17 08:44:07.446|SoFi
433|4693313761673478734|2020-10-17 21:10:12.302|Earnest
6597069767360|4696972936370717611|2020-10-30 10:08:23.578|Chase Bank
2199023256262|4696972936370717621|2020-10-31 01:22:55.962|Fundrise
50|4700069161114533966|2020-11-10 11:21:13.788|Citibank
2199023255607|4701476535998087259|2020-11-15 12:09:39.836|Earnest
426|4703446860835062334|2020-11-22 23:22:10.234|American Express
4398046511629|4705417185672037061|2020-11-29 15:54:07.582|PNC Bank
250|4707106035532300647|2020-12-06 03:23:09.265|Prosper
8796093022698|4710765210229539473|2020-12-18 10:21:26.324|OnDeck
684|4710765210229539731|2020-12-18 21:34:58.7|Discover
6597069766957|4710765210229539235|2020-12-19 01:29:19.835|Roofstock
8796093022409|4711328160182960419|2020-12-21 01:26:09.989|LightStream
363|4712454060089803230|2020-12-25 05:19:17.978|Fundbox
6597069767178|4712735535066514112|2020-12-25 12:46:21.703|Kabbage
6597069766839|4712735535066513677|2020-12-25 23:13:24.062|Navy Federal Credit Union
8796093022693|4713017010043224709|2020-12-26 14:59:59.186|Upgrade
6597069767450|4714142909950067754|2020-12-30 19:05:11.685|Navy Federal Credit Union
580|4714142909950067477|2020-12-30 22:58:37.558|Fundrise
2199023255560|4715268809856909330|2021-01-04 01:18:04.245|American Express
6597069767446|4717520609670595621|2021-01-11 11:53:47.173|Peerform
6597069767360|4717520609670595498|2021-01-12 02:38:19.366|Fundbox
4398046511504|4718365034600727057|2021-01-14 10:09:27.391|Wells Fargo
6597069766679|4718365034600726567|2021-01-14 13:46:15.773|Capital One
10995116278183|4718646509577437751|2021-01-15 19:25:18.665|PNC Bank
6597069767043|4720335359437701636|2021-01-21 17:53:52.503|Prosper
4398046511116|4721179784367833109|2021-01-24 19:12:08.259|LightStream
4398046511274|4721461259344543994|2021-01-25 17:51:51.638|Marcus by Goldman Sachs
2199023256212|4721461259344544632|2021-01-25 23:04:36.715|TD Bank
2199023255955|4722305684274676248|2021-01-28 20:45:01.673|LightStream
8796093022214|4723713059158229004|2021-02-03 05:35:12.057|State Farm Bank
8796093022479|4723994534134940037|2021-02-03 11:40:16.269|Bank of America
8796093022409|4723994534134939940|2021-02-04 06:23:53.752|Upstart
51|4724276009111650383|2021-02-05 05:55:59.115|SoFi
2199023255607|4724557484088361048|2021-02-06 06:10:46.056|RealtyMogul
6597069767083|4725120434041782850|2021-02-07 21:18:17.575|Kabbage
4398046511672|4725683383995204353|2021-02-09 20:15:13.486|Roofstock
648|4727090758878757734|2021-02-14 09:27:57.504|Marcus by Goldman Sachs
642|4727372233855468382|2021-02-16 08:57:46.422|Capital One
8796093022643|4729342558692442706|2021-02-22 18:36:25.032|Kabbage
6597069767315|4729624033669153653|2021-02-23 16:35:43.85|Citibank
6597069767060|4730186983622574618|2021-02-25 15:55:19.639|Bank of America
4398046511588|4731312883529417347|2021-03-02 00:29:03.526|American Express
10995116278510|4731875833482839015|2021-03-03 16:18:41.25|Discover
743|4733283208366392279|2021-03-08 15:59:37.086|BlueVine
2199023256133|4733283208366392088|2021-03-08 21:49:26.414|OnDeck
433|4733846158319813199|2021-03-10 11:52:37.662|OneMain Financial
755|4733846158319813619|2021-03-10 18:22:55.979|Funding Circle
6597069766722|4734690583249944680|2021-03-13 18:36:07.829|State Farm Bank
6597069767142|4735253533203366537|2021-03-15 15:19:14.338|US Bank
4398046511622|4736097958133498558|2021-03-18 14:35:11.056|Earnest
632|4737223858040341334|2021-03-23 09:33:01.603|Bank of America
10995116278421|4737505333017052027|2021-03-24 08:22:50.216|OneMain Financial
2199023255836|4737786807993762195|2021-03-25 07:46:46.996|Best Egg
8796093022774|4738068282970473216|2021-03-25 17:48:38.454|Wells Fargo
10995116278547|4738349757947184157|2021-03-26 13:50:38.634|Best Egg
4398046511588|4738349757947183746|2021-03-26 21:30:41.855|Roofstock
2199023256262|4738631232923894711|2021-03-28 02:49:23.581|PNC Bank
4398046511519|4738912707900604972|2021-03-28 18:41:39.089|Navy Federal Credit Union
4398046511672|4738912707900605186|2021-03-29 05:01:55.842|US Bank
10995116278277|4739194182877315770|2021-03-29 14:07:41.41|Peerform
8796093022778|4741164507714290438|2021-04-06 00:25:56.676|Earnest
2199023256011|4741445982691000944|2021-04-06 14:53:56.568|Wells Fargo
2199023256249|4742008932644422564|2021-04-09 01:08:17.748|Marcus by Goldman Sachs
2199023256128|4742290407621133072|2021-04-10 01:20:47.436|State Farm Bank
4398046511816|4742853357574554555|2021-04-11 19:01:54.223|Marcus by Goldman Sachs
6597069766895|4743134832551264590|2021-04-13 08:07:47.915|Kabbage
755|4743416307527975921|2021-04-13 20:44:18.414|Marcus by Goldman Sachs
2199023255700|4743697782504685785|2021-04-15 08:08:54.422|Navy Federal Credit Union
10995116278421|4745105157388239740|2021-04-20 04:56:30.505|RealtyMogul
580|4746512532271792918|2021-04-25 04:10:55.083|Patch of Land
10995116278547|4746794007248503835|2021-04-25 17:02:08.932|Capital One
13194139533907|4747638432178635565|2021-04-28 10:55:23.316|Avant
13194139533542|4747638432178635076|2021-04-29 07:18:17.769|Funding Circle
8796093022416|4748764332085477674|2021-05-03 05:11:39.133|LightStream
8796093022538|4749045807062188469|2021-05-03 22:21:47.278|Upstart
2199023255589|4749608757015609405|2021-05-05 13:17:38.127|Fundbox
4|4750453181945741316|2021-05-08 13:27:25.273|TD Bank
10995116278272|4751016131899163317|2021-05-10 22:51:29.652|Chase Bank
10995116277974|4752142031806005553|2021-05-15 02:58:44.538|Rocket Loans
107|4752704981759426721|2021-05-16 12:51:44.951|Chase Bank
4398046511111|4753267931712847888|2021-05-18 15:03:12.782|SunTrust
10995116278549|4753267931712848930|2021-05-18 20:00:04.982|LightStream
769|4753549406689559561|2021-05-19 16:09:23.203|Kabbage
13194139533696|4753549406689559038|2021-05-20 10:39:39.272|Upstart
6597069766911|4754112356642980207|2021-05-22 10:34:39.946|Marcus by Goldman Sachs
6597069766679|4754393831619690533|2021-05-22 15:26:40.623|SoFi
2199023256343|4754675306596402214|2021-05-24 10:01:56.84|TD Bank
2199023256252|4754956781573112743|2021-05-25 07:01:31.892|Chase Bank
6597069767083|4755238256549823041|2021-05-25 15:36:04.958|OnDeck
2199023256212|4755238256549823354|2021-05-25 23:03:37.452|Capital One
4398046511553|4755238256549823072|2021-05-25 23:09:49.415|Upstart
6597069766895|4755519731526533452|2021-05-27 03:05:09.322|TD Bank
13194139533907|4755801206503244591|2021-05-27 13:45:20.312|Capital One
13194139534039|4755801206503244743|2021-05-28 04:58:18.033|BlueVine
6597069766722|4756082681479954537|2021-05-29 03:35:04.721|Discover
13194139534019|4756645631433376688|2021-05-30 21:24:15.316|RealtyMogul
4398046511731|4756927106410087251|2021-05-31 16:24:27.637|SunTrust
51|4758334481293639762|2021-06-05 11:45:16.578|Marcus by Goldman Sachs
2199023255585|4758334481293639735|2021-06-05 14:22:58.071|Chase Bank
2199023255955|4758897431247061529|2021-06-07 17:36:31.295|RealtyMogul
24|4758897431247061033|2021-06-08 04:20:03.731|Roofstock
8796093022482|4758897431247061382|2021-06-08 05:04:16.427|US Bank
2199023255607|4759460381200482394|2021-06-09 22:22:07.454|SoFi
8796093022225|4760023331153903643|2021-06-12 00:03:36.848|Chase Bank
8796093022778|4760304806130615045|2021-06-13 10:06:45.752|Prosper
13194139533486|4761430706037457150|2021-06-16 18:58:49.679|Peerform
13194139533817|4761712181014168233|2021-06-17 14:39:06.161|LightStream
6597069767219|4762838080921010942|2021-06-22 04:16:20.702|Discover
15393162789365|4763682505851142819|2021-06-25 03:10:58.119|OneMain Financial
8796093022370|4763963980827853039|2021-06-26 08:04:59.543|SunTrust
185|4764245455804563728|2021-06-26 17:33:18.238|Capital One
13194139534088|4764526930781275154|2021-06-27 21:20:36.583|Discover
13194139534019|4764808405757985710|2021-06-29 10:27:00.156|Fundbox
6597069766722|4765371355711406186|2021-06-30 17:17:53.898|LendingClub
8796093022236|4766497255618248755|2021-07-04 21:32:42.867|SoFi
13194139534056|4767060205571671001|2021-07-06 19:08:43.737|OneMain Financial
4|4767341680548380675|2021-07-07 14:33:20.88|SunTrust
8796093022236|4768467580455223344|2021-07-12 02:20:37.482|Chase Bank
13194139533780|4769312005385355896|2021-07-15 03:19:14.239|Discover
15393162788939|4769593480362066036|2021-07-16 02:46:38.481|Navy Federal Credit Union
6597069766957|4769874955338776994|2021-07-16 23:35:16.631|Peerform
15393162788943|4770156430315487356|2021-07-17 20:11:10.383|Earnest
10995116278510|4770719380268909542|2021-07-19 13:18:52.743|Marcus by Goldman Sachs
4398046511588|4771000855245619841|2021-07-20 21:49:02.895|PNC Bank
13194139533553|4772689705105883476|2021-07-26 16:03:51.582|Best Egg
6597069767229|4772971180082594570|2021-07-28 10:19:20.243|Chase Bank
4398046511865|4773534130036016128|2021-07-30 12:30:34.673|Fundbox
13194139533765|4774378554966147686|2021-08-01 15:29:58.821|Upstart
24|4775222979896279082|2021-08-04 17:39:27.255|LightStream
4398046511111|4775785929849700365|2021-08-06 15:30:06.19|LendingClub
51|4776348879803121745|2021-08-08 19:08:49.848|Wells Fargo
6597069766679|4776348879803121700|2021-08-09 05:50:19.428|Kabbage
646|4776911829756543842|2021-08-11 00:32:54.595|SunTrust
6597069766957|4777193304733254049|2021-08-12 00:27:54.373|LendingPoint
15393162789372|4777474779709964973|2021-08-12 13:33:42.529|Peerform
8796093022387|4777474779709964549|2021-08-13 07:41:02.505|Upgrade
2199023255585|4778037729663385656|2021-08-14 21:37:22.315|Marcus by Goldman Sachs
431|4778600679616807496|2021-08-16 22:34:16.969|Wells Fargo
2199023255589|4778882154593517628|2021-08-18 10:41:43.988|Prosper
15393162789021|4779445104546939115|2021-08-19 22:36:31.972|Patch of Land
4398046511890|4780008054500361242|2021-08-22 06:39:33.721|SunTrust
8796093022546|4780571004453781951|2021-08-23 13:55:16.649|Citibank
15393162789617|4780571004453782510|2021-08-24 03:53:59.136|Best Egg
8796093022236|4780852479430492209|2021-08-25 10:47:36.832|US Bank
2199023255560|4781696904360624145|2021-08-28 02:43:25.867|State Farm Bank
363|4781696904360624604|2021-08-28 05:04:09.07|PNC Bank
13194139533687|4781696904360624628|2021-08-28 12:34:23.209|LendingPoint
4398046511629|4781978379337335492|2021-08-28 16:22:53.237|Upstart
2199023256249|4782259854314046369|2021-08-29 22:03:44.801|OnDeck
4398046511111|4783667229197598735|2021-09-04 06:21:44.047|Best Egg
8796093022737|4783948704174310090|2021-09-05 01:17:00.093|LendingClub
8796093022479|4783948704174309764|2021-09-05 02:30:18.415|American Express
6597069767083|4784230179151020607|2021-09-05 14:14:41.394|Upstart
6597069766721|4784230179151020134|2021-09-06 00:04:18.462|Avant
10995116277884|4784511654127730874|2021-09-07 11:05:40.949|Peerform
6597069767000|4784793129104441799|2021-09-07 18:27:12.537|Avant
8796093022416|4784793129104441641|2021-09-08 05:51:59.528|Marcus by Goldman Sachs
15393162789021|4784793129104441580|2021-09-08 06:26:00.071|American Express
684|4784793129104442260|2021-09-08 12:17:01.09|TD Bank
6597069766803|4785074604081152215|2021-09-08 14:13:24.907|Navy Federal Credit Union
2199023256249|4785356079057863587|2021-09-10 02:46:59.249|Chase Bank
431|4785637554034573897|2021-09-11 03:40:04.131|Bank of America
13194139533432|4785919029011284145|2021-09-11 19:34:52.075|Avant
6597069766877|4786200503987994937|2021-09-12 20:52:40.252|SunTrust
6597069767234|4786481978964706067|2021-09-13 19:30:13.372|OneMain Financial
10995116277974|4787044928918126896|2021-09-16 12:07:20.49|Fundbox
13194139533780|4787607878871548535|2021-09-18 03:05:01.182|Discover
13194139533687|4788170828824969714|2021-09-20 05:17:07.785|Fundbox
50|4789296728731811917|2021-09-24 01:33:01.987|Discover
13194139533693|4789859678685233661|2021-09-26 06:02:42.714|US Bank
8796093022538|4790422628638654903|2021-09-28 00:00:18.887|OneMain Financial
8796093022734|4790422628638655176|2021-09-28 02:39:41.632|Marcus by Goldman Sachs
17592186044592|4790985578592076035|2021-09-30 09:58:40.818|Kabbage
2199023255866|4792111478498918829|2021-10-04 03:46:14.962|OneMain Financial
13194139533901|4792111478498919207|2021-10-04 04:21:01.839|Navy Federal Credit Union
2199023255662|4792392953475629222|2021-10-04 23:12:22.507|Avant
8796093022388|4792674428452339975|2021-10-06 05:19:20.522|Peerform
44|4792955903429050438|2021-10-06 15:21:10.295|TD Bank
4398046511208|4792955903429050528|2021-10-07 07:16:07.973|Peerform
8796093022225|4793237378405761050|2021-10-07 20:34:26.219|Patch of Land
8796093022813|4793237378405761847|2021-10-08 08:11:57.136|Rocket Loans
17592186045137|4793237378405761984|2021-10-08 11:30:33.192|Kabbage
13194139533843|4793518853382472398|2021-10-08 19:08:26.866|Bank of America
15393162789157|4794081803335893401|2021-10-10 19:53:18.128|US Bank
601|4794081803335893814|2021-10-11 06:57:59.023|Discover
15393162789168|4794644753289314726|2021-10-13 02:44:23.881|LendingClub
17592186045162|4794644753289315293|2021-10-13 04:56:49.633|Fundbox
10995116278168|4794926228266025503|2021-10-13 15:51:42.173|Kabbage
10995116278277|4795207703242736313|2021-10-14 16:15:50.483|Prosper
4398046511308|4795207703242735909|2021-10-14 23:37:11.291|OneMain Financial
15393162789080|4795770653196157236|2021-10-17 02:59:52.8|Fundbox
4398046511240|4796333603149578441|2021-10-19 03:19:57.833|Citibank
185|4796333603149578510|2021-10-19 05:07:37.106|Citibank
4398046511519|4797178028079710761|2021-10-22 07:47:31.595|PNC Bank
13194139533389|4797459503056420985|2021-10-22 23:30:33.707|TD Bank
15393162789617|4797740978033132524|2021-10-24 05:53:40.5|Chase Bank
6597069767000|4797740978033131974|2021-10-24 07:54:19.68|Peerform
13194139533863|4798022453009842922|2021-10-24 17:34:04.277|Fundbox
15393162788890|4798303927986552875|2021-10-26 01:58:30.699|Chase Bank
17592186045204|4798585402963264543|2021-10-27 08:18:53.579|Peerform
17592186044455|4798585402963263551|2021-10-27 08:50:44.914|Fundrise
420|4798866877939974707|2021-10-28 04:50:13.741|Best Egg
4398046511393|4798866877939974551|2021-10-28 09:42:08.611|LendingClub
4398046511629|4799429827893396166|2021-10-30 07:30:37.296|Bank of America
15393162789392|4799992777846817481|2021-10-31 18:34:59.358|LendingPoint
363|4799992777846817247|2021-11-01 02:07:12.258|SoFi
13194139533687|4799992777846817267|2021-11-01 11:19:30.728|LightStream
8796093022782|4800837202776949516|2021-11-03 15:50:14.304|Avant
17592186045172|4801118677753660404|2021-11-05 10:16:27.79|Fundbox
2199023255846|4801400152730370460|2021-11-06 08:31:34.512|Roofstock
15393162789118|4801681627707081068|2021-11-07 08:17:58.265|Fundbox
8796093022479|4802244577660502403|2021-11-09 12:42:22.186|Patch of Land
17592186044545|4802807527613923521|2021-11-10 21:30:18.29|Discover
6597069767446|4802807527613924388|2021-11-10 22:23:52.128|Citibank
10995116277915|4802807527613923559|2021-11-11 11:16:23.76|Citibank
8796093023003|4803089002590635051|2021-11-11 16:08:20.487|SunTrust
15393162789064|4804214902497476896|2021-11-16 09:15:05.744|RealtyMogul
15393162789579|4804777852450898877|2021-11-18 06:28:04.952|PNC Bank
10995116278547|4804777852450898974|2021-11-18 13:35:10.209|Marcus by Goldman Sachs
6597069766739|4805059327427608703|2021-11-18 16:47:53.413|Peerform
15393162789157|4805340802404319642|2021-11-19 17:49:04.466|Peerform
8796093022574|4805340802404319716|2021-11-20 08:44:59.657|Capital One
2199023256210|4805340802404320116|2021-11-20 10:54:09.602|Citibank
499|4805622277381030556|2021-11-21 10:17:27.176|Peerform
17592186044817|4805903752357741076|2021-11-21 21:07:36.847|Patch of Land
17592186044516|4805903752357740699|2021-11-22 14:28:03|Peerform
6597069767069|4806466702311162408|2021-11-23 23:04:54.119|Navy Federal Credit Union
6597069766753|4806748177287872660|2021-11-25 05:49:25.494|Wells Fargo
8796093022388|4806748177287872774|2021-11-25 08:58:55.109|LightStream
15393162788890|4807029652264583212|2021-11-25 21:47:23.219|PNC Bank
4398046511240|4807029652264583367|2021-11-26 06:29:55.507|Upstart
17592186045204|4807311127241294881|2021-11-26 21:31:27.663|OneMain Financial
13194139533762|4807592602218005090|2021-11-28 14:27:35.144|BlueVine
250|4808437027148136809|2021-11-30 23:25:27|Citibank
6597069766712|4808718502124847197|2021-12-02 12:05:02.749|LendingClub
6597069766809|4808999977101557988|2021-12-03 13:42:57.452|RealtyMogul
15393162789098|4810125877008400710|2021-12-07 01:10:00.237|Funding Circle
4398046511816|4810688826961822650|2021-12-08 22:39:14.676|Fundrise
2199023256210|4810970301938533235|2021-12-10 14:07:39.493|RealtyMogul
15393162789617|4811251776915244013|2021-12-11 05:42:14.461|Funding Circle
15393162789098|4813785051705639241|2021-12-20 14:07:31.047|Upstart
6597069766839|4814066526682349834|2021-12-20 15:59:06.566|LendingClub
17592186045024|4814629476635771706|2021-12-23 06:19:24.032|Patch of Land
13194139533843|4814629476635771596|2021-12-23 14:09:08.601|BlueVine
10995116277827|4814910951612481643|2021-12-23 18:19:11.112|LendingPoint
15393162789157|4814910951612481947|2021-12-23 21:46:42.508|Best Egg
10995116278385|4815192426589193038|2021-12-25 09:29:32.21|Best Egg
17592186044500|4815755376542613633|2021-12-27 06:22:36.259|Upgrade
755|4816036851519325170|2021-12-27 19:44:10.116|Capital One
19791209300091|4816036851519324343|2021-12-28 03:29:30.528|Upstart
19791209300226|4816036851519324532|2021-12-28 14:30:51.755|Avant
13194139533549|4816318326496035147|2021-12-28 17:02:35.817|TD Bank
8796093022538|4816318326496035254|2021-12-29 06:57:45.23|Bank of America
4398046511622|4816881276449456831|2021-12-31 01:30:19.097|Earnest
8796093022546|4816881276449456577|2021-12-31 07:21:13.714|Rocket Loans
17592186044974|4817162751426167545|2022-01-01 03:09:39.785|Roofstock
13194139533907|4817444226402878254|2022-01-01 16:33:46.139|Earnest
2199023255700|4817725701379588315|2022-01-02 16:44:32.207|LightStream
6597069766822|4817725701379588340|2022-01-03 06:24:54.553|SunTrust
10995116278188|4817725701379588676|2022-01-03 11:40:41.278|Funding Circle
236|4818288651333009738|2022-01-05 14:49:06.614|American Express
8796093022387|4818570126309720324|2022-01-05 17:59:39.011|Bank of America
10995116278385|4818570126309720909|2022-01-06 00:36:33.494|OnDeck
8796093022574|4819414551239852514|2022-01-08 21:54:18.977|Upgrade
17592186044615|4819696026216562975|2022-01-10 05:31:27.702|Citibank
4398046511104|4820540451146694656|2022-01-12 18:28:42.768|American Express
10995116277850|4820821926123405454|2022-01-14 08:21:11.576|US Bank
15393162788890|4821103401100116014|2022-01-14 17:03:18.182|Funding Circle
17592186044615|4821103401100116254|2022-01-15 01:28:50.569|Rocket Loans
2199023255895|4821103401100116421|2022-01-15 16:07:21.69|State Farm Bank
684|4821384876076827541|2022-01-16 00:04:28.486|TD Bank
648|4821384876076827495|2022-01-16 12:58:13.698|Avant
6597069766895|4821666351053537613|2022-01-16 23:52:12.211|US Bank
13194139533389|4821666351053537398|2022-01-17 03:19:38.377|SoFi
13194139533765|4821666351053537895|2022-01-17 10:11:37.57|RealtyMogul
17592186044486|4821947826030248048|2022-01-17 19:29:26.244|Peerform
4398046511553|4821947826030248542|2022-01-18 02:31:22.111|Chase Bank
17592186044817|4822229301006959125|2022-01-19 09:49:20.306|Peerform
24|4822510775983669288|2022-01-19 21:37:01.373|LightStream
2199023256249|4822792250960380834|2022-01-21 04:54:23.279|Upstart
13194139533860|4823636675890512611|2022-01-24 03:46:44.231|OneMain Financial
6597069766957|4823918150867222944|2022-01-24 20:06:16.257|State Farm Bank
4398046511689|4823918150867223327|2022-01-25 05:41:55.268|Upgrade
17592186044714|4823918150867222942|2022-01-25 08:35:39.306|Fundrise
17592186045162|4823918150867223515|2022-01-25 14:58:56.538|TD Bank
15393162789417|4824199625843933935|2022-01-26 05:00:31.485|Kabbage
15393162789550|4824481100820644761|2022-01-27 11:02:42.998|SoFi
19791209300374|4825044050774065691|2022-01-28 20:48:09.943|RealtyMogul
19791209300020|4826169950680907862|2022-02-01 21:07:44.701|OnDeck
13194139533481|4826169950680908024|2022-02-02 02:56:04.397|Roofstock
2199023255700|4827014375611039962|2022-02-05 03:13:15.114|Roofstock
15393162789107|4827295850587750747|2022-02-05 23:20:48.542|Discover
580|4827295850587751191|2022-02-06 06:59:40.855|PNC Bank
2199023256301|4827295850587751396|2022-02-06 15:32:22.683|Funding Circle
19791209300551|4827577325564461850|2022-02-07 11:09:05.908|Wells Fargo
19791209300163|4828140275517882650|2022-02-09 15:35:56.984|OnDeck
13194139534017|4828421750494593964|2022-02-10 13:13:53.415|Avant
17592186044583|4828984700448014582|2022-02-12 09:43:32.199|Roofstock
19791209300330|4829547650401436123|2022-02-13 19:15:07.793|Discover
21990232555647|4829547650401435840|2022-02-13 23:28:24.032|Discover
13194139533843|4829829125378147021|2022-02-15 14:16:29.256|OneMain Financial
4398046511226|4830110600354857141|2022-02-16 02:59:49.774|Discover
6597069766739|4830110600354857086|2022-02-16 04:29:08.422|Fundrise
10995116278498|4830110600354857935|2022-02-16 13:03:18.584|Discover
21990232555541|4830392075331567651|2022-02-17 09:48:36.053|Fundbox
17592186044598|4831236500261699849|2022-02-20 08:00:21.708|Funding Circle
363|4831236500261700061|2022-02-20 16:10:35.437|Rocket Loans
15393162789107|4831799450215121244|2022-02-21 22:28:34.685|RealtyMogul
13194139533765|4832362400168542825|2022-02-24 00:30:03.364|LendingPoint
4398046511703|4832925350121964339|2022-02-25 18:41:29.243|Peerform
13194139533389|4832925350121963640|2022-02-26 09:01:11.464|Prosper
13194139533860|4833206825098674916|2022-02-27 09:02:58.402|Citibank
13194139534019|4833488300075385775|2022-02-27 22:21:32.568|Discover
499|4833769775052096158|2022-02-28 18:12:23.094|Discover
21990232556070|4833769775052096233|2022-03-01 10:57:10.019|LendingClub
2199023255900|4834051250028806607|2022-03-02 00:14:40.672|Marcus by Goldman Sachs
4398046511816|4834614199982228409|2022-03-04 13:31:01.644|State Farm Bank
636|4834614199982228311|2022-03-04 16:20:47.552|Wells Fargo
372|4835177149935649264|2022-03-06 00:43:05.083|Kabbage
15393162789417|4835458624912360176|2022-03-07 09:51:20.948|Funding Circle
21990232556205|4835740099889071000|2022-03-08 03:39:44.034|Upgrade
21990232555541|4835740099889070113|2022-03-08 09:47:44.308|SoFi
2199023256174|4836021574865781579|2022-03-09 00:25:03.468|LendingClub
6597069767000|4836303049842491848|2022-03-10 14:44:27.56|Best Egg
21990232556146|4836584524819202897|2022-03-11 14:50:09.899|OneMain Financial
19791209300707|4836865999795913682|2022-03-12 06:18:13.816|Fundrise
13194139533780|4836865999795913334|2022-03-12 13:43:04.8|OneMain Financial
10995116277915|4837428949749334248|2022-03-14 01:10:02.853|American Express
21990232555647|4838273374679466175|2022-03-17 11:17:14.517|US Bank
17592186044431|4839117799609597976|2022-03-20 02:55:08.11|SoFi
44|4839117799609598024|2022-03-20 13:29:08.09|Rocket Loans
30|4839399274586308662|2022-03-20 18:41:46.971|Roofstock
10995116278005|4839399274586308959|2022-03-20 19:29:31.749|Kabbage
8796093022799|4839399274586309417|2022-03-20 20:13:41.521|Peerform
19791209300707|4839399274586309584|2022-03-21 02:45:52.755|Capital One
6597069767083|4839399274586309184|2022-03-21 03:11:34.295|State Farm Bank
21990232555890|4839399274586309101|2022-03-21 06:27:49.47|Bank of America
15393162789544|4839399274586309521|2022-03-21 15:11:38.752|SunTrust
6597069767043|4839680749563019781|2022-03-22 06:02:12.921|Best Egg
19791209300506|4839962224539730644|2022-03-22 21:48:20.465|Bank of America
13194139533690|4840243699516441081|2022-03-23 19:34:42.488|Best Egg
19791209300393|4840525174493151802|2022-03-24 23:40:14.713|Fundbox
6597069767315|4840525174493152118|2022-03-25 01:49:39.88|Kabbage
775|4840806649469862929|2022-03-25 23:15:41.256|RealtyMogul
19791209300163|4840806649469862171|2022-03-26 02:55:12.058|Avant
17592186044583|4840806649469862133|2022-03-26 03:08:35.878|RealtyMogul
21990232556135|4840806649469862728|2022-03-26 13:56:26.282|Patch of Land
19791209300634|4841088124446573443|2022-03-27 00:23:39.127|Prosper
15393162789296|4841088124446573131|2022-03-27 13:10:32.221|Kabbage
15393162789298|4841369599423283793|2022-03-28 04:15:32.268|Fundbox
15393162789615|4841651074399994857|2022-03-29 00:44:43.273|Rocket Loans
17592186045172|4841932549376705526|2022-03-30 06:47:33.903|TD Bank
2199023255846|4842214024353415581|2022-03-31 00:17:04.618|SunTrust
10995116277974|4842495499330126130|2022-04-01 06:58:18.918|Best Egg
15393162789311|4842495499330126427|2022-04-01 13:09:42.983|PNC Bank
13194139533426|4843058449283547309|2022-04-02 18:31:15.076|TD Bank
2199023255851|4843058449283547551|2022-04-02 23:30:17.744|Prosper
17592186045187|4843058449283548174|2022-04-03 00:18:22.816|Kabbage
21990232555539|4843058449283547165|2022-04-03 06:04:29.54|BlueVine
467|4843058449283547765|2022-04-03 06:38:39.51|RealtyMogul
19791209300745|4843058449283548182|2022-04-03 08:41:24.751|Fundrise
15393162789643|4843058449283548184|2022-04-03 13:43:48.564|Capital One
21990232555541|4843058449283547170|2022-04-03 15:23:58.128|Earnest
19791209300659|4843339924260258719|2022-04-04 05:03:03.917|Prosper
2199023256258|4843902874213680045|2022-04-05 20:54:01.292|American Express
17592186044431|4843902874213679127|2022-04-06 01:45:34.61|SoFi
2199023256212|4843902874213679991|2022-04-06 06:44:03.659|PNC Bank
15393162789558|4843902874213680032|2022-04-06 17:29:23.364|American Express
13194139533481|4844184349190390009|2022-04-07 10:25:49.875|RealtyMogul
15393162789365|4844184349190390436|2022-04-07 11:05:05.235|TD Bank
15393162789296|4844184349190390348|2022-04-07 12:10:10.444|Prosper
13194139534054|4844465824167101398|2022-04-08 04:29:58.083|LendingPoint
6597069766803|4844465824167100629|2022-04-08 13:31:57.636|Rocket Loans
30|4844747299143811125|2022-04-09 00:35:29.486|Fundrise
2199023256301|4844747299143812067|2022-04-09 00:44:07.208|TD Bank
19791209300537|4844747299143811843|2022-04-09 06:23:43.666|Bank of America
6597069766895|4844747299143811407|2022-04-09 14:27:39.718|Roofstock
8796093022214|4845028774120521738|2022-04-10 02:54:25.633|OneMain Financial
17592186044846|4845028774120522310|2022-04-10 03:20:47.671|Marcus by Goldman Sachs
19791209300393|4845028774120522300|2022-04-10 17:34:00.816|Funding Circle
17592186045014|4845310249097233201|2022-04-11 12:44:18.197|Prosper
17592186045187|4845310249097233421|2022-04-11 17:03:02.577|Capital One
19791209300393|4845591724073943609|2022-04-12 05:10:18.77|LightStream
13194139533553|4845591724073943383|2022-04-12 13:35:34.282|LightStream
15393162789261|4845591724073943567|2022-04-12 14:49:45.673|LendingClub
6597069766903|4846154674027364707|2022-04-14 15:05:48.637|LendingClub
17592186045187|4846436149004076047|2022-04-15 08:23:48.636|LendingClub
17592186045013|4846717623980786480|2022-04-15 23:24:01.975|Marcus by Goldman Sachs
4398046511622|4846999098957497020|2022-04-17 01:33:25.31|TD Bank
24189255811388|4847280573934207407|2022-04-18 11:29:16.382|Navy Federal Credit Union
19791209300324|4847562048910918098|2022-04-19 05:54:07.625|Citibank
13194139533901|4847843523887629096|2022-04-20 08:19:43.67|OnDeck
19791209300552|4847843523887629085|2022-04-20 11:52:31.973|Earnest
10995116278547|4848406473841050652|2022-04-22 08:37:56.393|Fundrise
24189255811576|4848687948817760934|2022-04-23 01:15:18.003|Upstart
2199023256128|4849250898771182354|2022-04-25 01:12:46.167|Chase Bank
19791209300020|4849532373747892309|2022-04-26 10:13:06.701|Chase Bank
8796093022574|4849532373747892707|2022-04-26 12:34:11.91|Fundrise
17592186045137|4849532373747893185|2022-04-26 14:11:26.302|Fundbox
21990232556250|4850095323701314504|2022-04-27 19:25:52.253|RealtyMogul
24189255811152|4850095323701313661|2022-04-27 19:57:44.892|PNC Bank
21990232555822|4850095323701313956|2022-04-28 06:15:40.619|Discover
8796093022693|4850095323701314182|2022-04-28 15:35:32.664|Capital One
17592186044500|4850658273654734979|2022-04-29 23:29:07.892|Earnest
2199023255900|4850658273654735309|2022-04-30 01:39:15.796|State Farm Bank
10995116278168|4851221223608156705|2022-05-02 01:10:01.578|Upstart
15393162789372|4851784173561578156|2022-05-04 03:38:45.506|Bank of America
6597069767178|4851784173561578177|2022-05-04 11:33:25.26|Marcus by Goldman Sachs
17592186044486|4852628598491709550|2022-05-06 19:54:18.267|Upgrade
6597069766722|4852628598491709543|2022-05-06 20:47:19.292|Fundrise
13194139533667|4852628598491709905|2022-05-07 03:52:28.988|Chase Bank
24189255811527|4852910073468420714|2022-05-07 21:22:32.222|Navy Federal Credit Union
21990232555533|4853191548445130774|2022-05-09 06:59:00.692|Best Egg
17592186044500|4853473023421841538|2022-05-10 07:34:27.701|Patch of Land
13194139533907|4854035973375263532|2022-05-12 15:16:19.897|OneMain Financial
2199023256011|4854317448351973998|2022-05-13 15:32:48.216|Fundbox
17592186044817|4854598923328684563|2022-05-14 01:25:38.773|SunTrust
15393162789372|4854598923328684715|2022-05-14 06:33:31.127|Best Egg
21990232556067|4854598923328684770|2022-05-14 18:22:21.644|Fundbox
8796093022546|4854880398305395134|2022-05-15 00:37:07.519|Chase Bank
21990232556287|4854880398305395719|2022-05-15 00:57:33.32|Upstart
21990232555896|4855161873282105848|2022-05-15 23:05:16.47|Citibank
15393162789311|4855161873282105945|2022-05-16 07:35:15.087|Earnest
21990232556268|4855443348258816993|2022-05-17 09:32:25.59|RealtyMogul
6597069767178|4855724823235527362|2022-05-18 14:23:04.545|LightStream
17592186044545|4856006298212237506|2022-05-19 10:20:13.437|SunTrust
15393162789435|4856287773188948744|2022-05-19 20:05:27.044|Rocket Loans
648|4856287773188948837|2022-05-20 09:00:05.354|Navy Federal Credit Union
6597069767142|4856287773188948616|2022-05-20 11:05:02.07|Upstart
2199023255742|4856287773188948245|2022-05-20 18:46:59.571|Fundrise
6597069767047|4856569248165659145|2022-05-21 08:21:32.428|Wells Fargo
769|4857132198119080971|2022-05-23 06:11:46.651|Peerform
13194139533372|4857413673095790689|2022-05-24 14:55:14.862|US Bank
8796093022629|4857976623049212469|2022-05-26 03:43:55.071|Discover
21990232555701|4857976623049212168|2022-05-26 05:20:02.359|Citibank
6597069767243|4858258098025923362|2022-05-27 06:28:10.817|Chase Bank
19791209300552|4858258098025923358|2022-05-27 12:45:08.738|Bank of America
13194139533690|4858539573002633722|2022-05-27 20:06:54.773|PNC Bank
646|4858539573002634083|2022-05-28 08:47:59.747|BlueVine
15393162788890|4858821047979343917|2022-05-29 01:09:36.657|Funding Circle
4398046511689|4858821047979344672|2022-05-29 01:27:20.342|Fundbox
10995116278188|4858821047979344451|2022-05-29 01:28:42.15|Marcus by Goldman Sachs
4398046511149|4858821047979343945|2022-05-29 12:06:17.565|Discover
2199023255742|4858821047979344147|2022-05-29 18:04:53.081|Marcus by Goldman Sachs
21990232555539|4859102522956054558|2022-05-30 10:46:12.416|RealtyMogul
21990232555740|4859383997932765496|2022-05-31 11:25:35.109|Bank of America
24189255811161|4859665472909475980|2022-06-01 01:27:58.372|Bank of America
19791209300726|4859665472909476858|2022-06-01 07:14:04.969|Bank of America
21990232555725|4859665472909476134|2022-06-01 08:08:04.172|Prosper
2199023256011|4859946947886187117|2022-06-01 22:33:03.122|OneMain Financial
21990232556067|4859946947886187232|2022-06-02 09:26:46.225|Kabbage
10995116277978|4860228422862897461|2022-06-03 06:28:42.995|Capital One
13194139533690|4860228422862897659|2022-06-03 06:42:37.95|Peerform
8796093022214|4860509897839607819|2022-06-04 03:26:02.52|BlueVine
10995116278272|4860791372816319156|2022-06-05 04:41:45.319|SunTrust
4398046511553|4861072847793029729|2022-06-06 00:16:55.903|Peerform
24189255811665|4861072847793029930|2022-06-06 05:12:14.621|Best Egg
10995116278188|4861072847793029701|2022-06-06 08:28:59.926|Rocket Loans
15393162789600|4861354322769740749|2022-06-07 14:24:57.429|Navy Federal Credit Union
15393162789477|4861354322769740612|2022-06-07 14:33:23.355|Fundrise
8796093022774|4861635797746451199|2022-06-08 04:18:03.607|Prosper
8796093022236|4861635797746450482|2022-06-08 06:39:02.216|LightStream
17592186044486|4861635797746450543|2022-06-08 08:42:08.755|Funding Circle
24189255811125|4861635797746450519|2022-06-08 13:10:35.692|RealtyMogul
21990232555616|4861635797746450579|2022-06-08 14:42:24.372|US Bank
17592186044974|4861917272723161848|2022-06-09 00:14:05.725|Kabbage
17592186045162|4862198747699872732|2022-06-09 20:33:09.705|Fundrise
601|4862761697653293877|2022-06-12 03:29:31.352|RealtyMogul
21990232556146|4862761697653293904|2022-06-12 15:13:38.192|Patch of Land
24189255811568|4862761697653293719|2022-06-12 18:43:53.385|OneMain Financial
8796093022747|4863043172630004437|2022-06-13 03:38:21.162|Earnest
15393162789311|4863043172630004316|2022-06-13 12:02:36.39|TD Bank
19791209300226|4863606122583425397|2022-06-14 20:00:34.918|Navy Federal Credit Union
21990232555887|4863606122583425511|2022-06-15 02:09:43.038|BlueVine
646|4863887597560136548|2022-06-16 01:56:37.018|LendingClub
2199023256301|4863887597560136674|2022-06-16 13:21:35.023|Capital One
10995116277915|4864169072536846566|2022-06-17 03:12:25.09|Fundbox
17592186045140|4864169072536847300|2022-06-17 07:56:12.145|State Farm Bank
19791209300070|4864450547513557149|2022-06-18 03:51:04.465|Upgrade
10995116278005|4864450547513557344|2022-06-18 05:24:08.286|Discover
21990232555848|4864732022490268084|2022-06-19 14:37:17.158|Rocket Loans
13194139533696|4865013497466978816|2022-06-19 20:57:16.296|Best Egg
8796093022546|4865013497466978752|2022-06-20 10:45:30.678|Discover
19791209300657|4865013497466979227|2022-06-20 15:48:43.89|US Bank
24189255811135|4865294972443689060|2022-06-21 15:06:10.408|Roofstock
17592186044575|4865576447420399854|2022-06-22 11:13:50.211|LendingPoint
24189255811414|4865576447420400068|2022-06-22 19:30:27.507|RealtyMogul
17592186044516|4866139397373821082|2022-06-24 01:12:04.177|PNC Bank
21990232555744|4866139397373821243|2022-06-24 18:42:47.457|Navy Federal Credit Union
24189255811533|4866420872350532209|2022-06-24 22:51:49.447|Patch of Land
2199023256309|4866702347327243257|2022-06-25 23:08:42.384|State Farm Bank
21990232555853|4866702347327242681|2022-06-26 14:26:35.26|Earnest
24189255811533|4866983822303953522|2022-06-27 05:02:04.485|LendingPoint
24189255811333|4867265297280663931|2022-06-27 20:44:34.87|Wells Fargo
642|4867546772257375071|2022-06-29 03:37:16.646|American Express
19791209300727|4867828247234085883|2022-06-29 23:03:16.962|Chase Bank
19791209300379|4867828247234085415|2022-06-30 06:18:35.387|LendingClub
21990232556146|4868109722210796370|2022-07-01 04:02:34.166|Best Egg
185|4868109722210795791|2022-07-01 13:51:03.707|Fundbox
15393162789477|4868391197187507009|2022-07-02 04:00:52.635|Prosper
19791209300622|4868391197187507054|2022-07-02 11:10:41.054|OnDeck
21990232555744|4868391197187506494|2022-07-02 11:48:15.107|SunTrust
19791209300551|4868672672164217627|2022-07-03 04:53:42.243|US Bank
21990232555896|4868672672164217333|2022-07-03 06:13:47.943|TD Bank
15393162789643|4868672672164217879|2022-07-03 08:51:08.939|PNC Bank
6597069766847|4868672672164217111|2022-07-03 09:25:48.982|SunTrust
24189255811135|4868672672164216933|2022-07-03 15:53:29.094|LightStream
17592186044664|4868672672164217190|2022-07-03 18:07:37.563|Marcus by Goldman Sachs
21990232555887|4868954147140927976|2022-07-03 21:11:29.222|LendingClub
15393162789600|4868954147140928460|2022-07-04 08:10:35.721|OneMain Financial
17592186044516|4869235622117638297|2022-07-05 00:00:44.708|Roofstock
6597069766712|4869235622117638236|2022-07-05 02:22:44.658|LendingClub
21990232556261|4869235622117639124|2022-07-05 08:03:18.731|Marcus by Goldman Sachs
15393162789200|4869235622117638589|2022-07-05 12:29:15.374|RealtyMogul
21990232555853|4869517097094349242|2022-07-06 07:30:18.239|American Express
21990232555944|4869798572071060024|2022-07-07 04:01:42.851|Discover
21990232556287|4870080047047771144|2022-07-08 01:16:46.374|State Farm Bank
8796093022409|4870361522024481058|2022-07-09 03:00:22.222|Marcus by Goldman Sachs
8796093022354|4870361522024480980|2022-07-09 07:25:39.792|Avant
24189255811568|4870361522024481433|2022-07-09 11:08:00.548|LendingPoint
315|4870924471977902510|2022-07-10 20:21:32.309|RealtyMogul
372|4870924471977902577|2022-07-10 22:14:00.26|LightStream
21990232555688|4870924471977902327|2022-07-10 22:46:42.984|Navy Federal Credit Union
8796093022416|4870924471977902376|2022-07-11 15:56:26.546|Bank of America
19791209300707|4870924471977903057|2022-07-11 19:15:28.705|Patch of Land
2199023255808|4871205946954613105|2022-07-12 07:26:31.781|Bank of America
17592186044545|4871205946954612931|2022-07-12 09:22:07.523|Rocket Loans
17592186045172|4871205946954613751|2022-07-12 19:13:47.102|LendingClub
13194139533843|4871487421931324107|2022-07-13 03:56:11.354|LendingPoint
13194139533553|4871487421931323734|2022-07-13 14:40:12.319|Upgrade
6597069766803|4871768896908034264|2022-07-13 20:42:20.868|Marcus by Goldman Sachs
2199023256210|4872050371884745586|2022-07-15 02:25:29.101|State Farm Bank
24189255811135|4872050371884744802|2022-07-15 12:49:59.13|Rocket Loans
4398046511240|4872331846861455558|2022-07-16 14:02:12.432|Fundbox
44|4872613321838166087|2022-07-16 23:30:48.722|LendingPoint
10995116277974|4872894796814876975|2022-07-18 01:24:09.517|Marcus by Goldman Sachs
21990232555660|4872894796814876880|2022-07-18 04:26:50.71|LendingPoint
10995116278421|4872894796814877566|2022-07-18 19:37:36.017|Best Egg
21990232555623|4873176271791587486|2022-07-18 21:20:45.311|Patch of Land
26388279066799|4873176271791587585|2022-07-19 06:11:58.626|SunTrust
13194139533556|4873457746768298334|2022-07-19 21:56:20.99|SoFi
4398046511274|4873457746768298235|2022-07-20 03:10:43.261|Fundrise
17592186045172|4873457746768298997|2022-07-20 09:26:55.82|Upstart
8796093022940|4873457746768298954|2022-07-20 20:10:29.592|LendingPoint
21990232556108|4874020696721720102|2022-07-21 22:19:20.886|US Bank
24189255811686|4874020696721720134|2022-07-21 23:15:16.318|Avant
10995116278182|4874020696721719862|2022-07-22 00:31:26.068|Fundbox
24189255811170|4874020696721719447|2022-07-22 01:18:26.25|LendingPoint
10995116278510|4874020696721720296|2022-07-22 18:24:57.592|Bank of America
19791209300657|4874302171698430876|2022-07-23 04:55:26.477|Capital One
2199023255742|4874583646675140886|2022-07-23 23:51:07.998|SunTrust
26388279067115|4874583646675141267|2022-07-24 09:09:13.901|Kabbage
24189255811565|4874583646675141269|2022-07-24 15:41:03.015|Capital One
21990232555607|4874865121651851401|2022-07-25 03:35:09.115|Fundrise
24189255811283|4874865121651851566|2022-07-25 06:27:39.439|Upstart
19791209300020|4875428071605272659|2022-07-27 09:53:48.409|Fundrise
21990232555555|4876272496535404603|2022-07-29 23:39:47.18|PNC Bank
15393162789118|4876272496535404909|2022-07-30 00:11:53.41|Capital One
2199023255746|4876272496535404824|2022-07-30 01:09:00.327|TD Bank
21990232555831|4876272496535404972|2022-07-30 20:35:47.764|Kabbage
8796093022566|4876553971512115671|2022-07-31 00:40:26.993|Patch of Land
21990232556108|4876553971512116005|2022-07-31 16:13:28.009|SoFi
6597069766803|4876835446488826070|2022-08-01 03:26:38.754|State Farm Bank
4398046511622|4876835446488826557|2022-08-01 04:28:50.281|OneMain Financial
19791209300522|4876835446488826610|2022-08-01 05:56:02.711|LendingClub
24189255811161|4877116921465536651|2022-08-02 00:43:22.911|Earnest
21990232555887|4877116921465536997|2022-08-02 00:49:32.904|Upstart
26388279067115|4877116921465537172|2022-08-02 05:00:57.217|Upstart
24189255811106|4877398396442247225|2022-08-03 06:41:03.952|Kabbage
19791209300630|4877398396442248063|2022-08-03 10:24:34.525|Avant
24189255811576|4877679871418958503|2022-08-04 04:15:11.458|SunTrust
8796093022698|4877961346395669136|2022-08-05 03:04:43.717|Chase Bank
26388279066709|4878242821372379269|2022-08-06 19:09:30.323|SoFi
15393162788906|4878524296349089857|2022-08-07 11:47:38.533|Capital One
21990232555659|4878805771325800652|2022-08-07 21:16:46.552|Upstart
26388279067274|4878805771325801320|2022-08-07 22:41:29.427|Avant
6597069767198|4878805771325801177|2022-08-07 23:48:30.977|TD Bank
6597069766911|4878805771325800816|2022-08-08 19:16:00.58|SunTrust
21990232555659|4879650196255932622|2022-08-11 17:08:48.798|SunTrust
8796093022416|4879931671232643367|2022-08-11 22:36:56.254|Upgrade
24189255811812|4879931671232644051|2022-08-12 11:45:26.918|Earnest
13194139534054|4879931671232644053|2022-08-12 13:39:04.241|TD Bank
24189255811568|4879931671232643734|2022-08-12 15:46:21.275|Discover
24189255811412|4879931671232643522|2022-08-12 16:53:31.851|Chase Bank
24189255811161|4880213146209353866|2022-08-13 06:22:45.723|Discover
21990232555743|4880213146209354042|2022-08-13 06:56:49.665|LightStream
26388279067041|4880213146209354288|2022-08-13 10:38:51.88|Capital One
13194139533426|4880213146209353899|2022-08-13 12:43:33.249|Citibank
21990232556268|4880494621186065375|2022-08-13 23:48:47.835|Earnest
26388279067293|4880494621186065287|2022-08-14 04:13:19.657|OnDeck
15393162789296|4880494621186064973|2022-08-14 15:24:55.794|Roofstock
769|4880776096162776074|2022-08-15 01:05:44.152|SunTrust
4398046511393|4880776096162775448|2022-08-15 08:45:31.083|Rocket Loans
15393162789629|4881057571139486724|2022-08-15 23:04:06.383|OneMain Financial
19791209300630|4881057571139486593|2022-08-16 20:10:30.394|SunTrust
21990232555647|4881339046116196541|2022-08-17 02:11:21.428|Prosper
263|4881901996069618045|2022-08-19 20:15:37.975|Upgrade
21990232556070|4882183471046329063|2022-08-19 21:09:57.408|Peerform
26388279067010|4882183471046328834|2022-08-20 00:16:44.305|US Bank
17592186045087|4882183471046329225|2022-08-20 04:43:52.463|Best Egg
19791209300393|4882464946023039547|2022-08-20 23:54:47.461|Marcus by Goldman Sachs
13194139533475|4882464946023039216|2022-08-21 08:45:56.034|State Farm Bank
4398046511689|4882746420999750433|2022-08-22 13:39:29.738|Navy Federal Credit Union
21990232556067|4882746420999750369|2022-08-22 18:44:49.6|Roofstock
21990232556108|4883309370953171747|2022-08-24 02:55:39.496|BlueVine
26388279067279|4883309370953171823|2022-08-24 05:41:23.144|Navy Federal Credit Union
24189255811412|4883309370953171395|2022-08-24 12:24:56.423|SunTrust
8796093022778|4883309370953171716|2022-08-24 18:10:30.693|Roofstock
51|4883590845929881680|2022-08-25 00:08:51.862|LightStream
6597069767000|4883590845929882057|2022-08-25 02:59:17.168|Bank of America
2199023255607|4883590845929881689|2022-08-25 07:34:59.578|LendingClub
15393162789435|4883872320906593033|2022-08-26 02:55:50.039|Upgrade
4398046511838|4883872320906593227|2022-08-26 08:46:52.523|Prosper
26388279067065|4883872320906592851|2022-08-26 15:38:49.834|Prosper
10995116278277|4883872320906592955|2022-08-26 16:44:28.944|Peerform
8796093022687|4884153795883303548|2022-08-27 06:15:17.827|PNC Bank
13194139533690|4884435270860014076|2022-08-28 04:26:35.591|SunTrust
19791209300327|4884435270860014040|2022-08-28 15:34:37.752|Fundrise
19791209300745|4884435270860014612|2022-08-28 16:08:15.672|US Bank
24189255811101|4884716745836724276|2022-08-29 06:57:44.193|State Farm Bank
24189255811161|4884716745836724365|2022-08-29 11:55:10.906|Upstart
26388279067293|4884716745836725126|2022-08-29 13:27:57.245|OneMain Financial
24189255811460|4884998220813435398|2022-08-30 06:24:18.937|Peerform
19791209300091|4884998220813435062|2022-08-30 15:11:24.611|Roofstock
24189255811388|4885279695790145968|2022-08-31 12:00:11.203|Fundrise
26388279066625|4885279695790145538|2022-08-31 12:01:48.911|Marcus by Goldman Sachs
24189255811464|4885279695790146061|2022-08-31 21:03:03.316|US Bank
21990232555796|4885561170766856584|2022-09-01 06:38:26.995|Best Egg
19791209300374|4885561170766856732|2022-09-01 09:08:41.085|BlueVine
17592186044635|4885842645743567159|2022-09-01 22:39:39.935|Peerform
6597069766911|4885842645743567214|2022-09-02 01:03:24.886|LendingPoint
4398046511116|4885842645743566867|2022-09-02 09:10:57.971|Citibank
13194139533765|4885842645743567464|2022-09-02 15:10:38.009|Fundrise
4398046511629|4885842645743567559|2022-09-02 16:41:56.62|RealtyMogul
21990232556146|4886405595696989007|2022-09-04 14:20:39.726|Prosper
24189255811621|4886687070673699558|2022-09-05 01:03:47.322|LightStream
19791209300091|4886687070673699000|2022-09-05 04:13:56.068|Upstart
10995116278005|4886687070673699169|2022-09-05 10:31:00.332|American Express
15393162789311|4886687070673699418|2022-09-05 20:47:31.303|Marcus by Goldman Sachs
26388279067293|4886968545650410373|2022-09-06 07:15:32.717|Citibank
24189255811283|4886968545650409771|2022-09-06 08:02:06.463|SoFi
26388279066700|4886968545650409589|2022-09-06 13:39:53.739|US Bank
26388279067233|4886968545650410299|2022-09-06 15:29:14.368|Patch of Land
15393162788943|4886968545650409595|2022-09-06 17:48:35.431|Marcus by Goldman Sachs
13194139533389|4887250020627120247|2022-09-07 12:14:30.083|Prosper
17592186045187|4887250020627121164|2022-09-07 12:51:11.951|LendingPoint
26388279067233|4887250020627120957|2022-09-07 16:10:31.216|SoFi
24189255811170|4887531495603830936|2022-09-07 21:51:52.605|Bank of America
21990232556067|4887531495603831519|2022-09-08 02:18:41.079|LightStream
24189255811568|4887531495603831448|2022-09-08 09:30:44.41|LightStream
26388279066767|4887812970580541651|2022-09-09 06:09:11.787|Best Egg
24189255811388|4888094445557252529|2022-09-10 11:15:39.293|SoFi
21990232555685|4888094445557252339|2022-09-10 16:24:28.993|Chase Bank
17592186044645|4888094445557252419|2022-09-10 19:17:00.027|US Bank
8796093022752|4888657395510674139|2022-09-12 08:29:43.706|OnDeck
28587302322219|4888657395510673474|2022-09-12 12:14:35.857|State Farm Bank
24189255811576|4888657395510674088|2022-09-12 14:07:03.011|Earnest
24189255811723|4889220345464095593|2022-09-14 11:15:41.164|Chase Bank
13194139533361|4889220345464094795|2022-09-14 12:04:20.891|TD Bank
26388279066709|4889220345464094854|2022-09-14 13:17:35.276|LendingClub
26388279066733|4889220345464094885|2022-09-14 15:10:13.371|SoFi
15393162789098|4889501820440805704|2022-09-15 08:24:59.225|Capital One
17592186045204|4889501820440806432|2022-09-15 13:43:59.944|LendingClub
497|4889501820440806042|2022-09-15 14:27:00.439|Best Egg
13194139533676|4889783295417516512|2022-09-15 23:38:18.051|Patch of Land
21990232556159|4890346245370938204|2022-09-18 06:22:02.686|Peerform
28587302322219|4890346245370937413|2022-09-18 10:28:27.037|Fundbox
17592186044645|4890346245370937666|2022-09-18 14:32:37.464|American Express
26388279067279|4890346245370938224|2022-09-18 18:58:49.73|Capital One
4398046511731|4890346245370938196|2022-09-18 19:59:54.334|SunTrust
17592186045137|4890346245370938306|2022-09-18 21:34:36.876|American Express
21990232555853|4890627720347648443|2022-09-19 06:02:41.302|Funding Circle
6597069766839|4890627720347648268|2022-09-19 10:10:11.385|Upstart
24189255811621|4890627720347648741|2022-09-19 10:48:12.795|Peerform
24189255811490|4890909195324359217|2022-09-20 12:01:28.039|Bank of America
24189255811686|4891190670301070151|2022-09-20 23:39:11.184|Rocket Loans
17592186044645|4891190670301069633|2022-09-21 08:58:56.813|Kabbage
26388279066981|4891472145277780438|2022-09-22 07:02:34.172|Peerform
4398046511240|4891472145277780168|2022-09-22 08:47:49.897|Peerform
17592186044823|4891472145277780510|2022-09-22 10:28:33.187|Avant
10995116278292|4891472145277780687|2022-09-22 20:49:50.645|Fundrise
8796093022782|4891753620254491403|2022-09-22 22:25:15.847|Marcus by Goldman Sachs
8796093022574|4891753620254491105|2022-09-23 09:03:11.476|LendingPoint
6597069766679|4891753620254490662|2022-09-23 10:17:03.788|TD Bank
24189255811737|4891753620254491522|2022-09-23 20:20:29.879|OneMain Financial
24189255811305|4892035095231201605|2022-09-23 22:17:28.758|LendingPoint
26388279066866|4892035095231201626|2022-09-23 23:30:21.345|LendingPoint
13194139533486|4892035095231201533|2022-09-24 20:53:53.66|TD Bank
24189255811183|4892598045184622759|2022-09-26 01:39:37.057|Wells Fargo
250|4892598045184622954|2022-09-26 01:51:20.455|Capital One
17592186044664|4892598045184622948|2022-09-26 04:30:36.714|LendingClub
28587302322855|4892598045184623502|2022-09-26 10:05:56.181|Wells Fargo
21990232555539|4892598045184622620|2022-09-26 13:14:42.229|TD Bank
26388279066733|4892598045184622756|2022-09-26 21:14:33.269|Bank of America
17592186044823|4892879520161333789|2022-09-26 23:40:24.905|Upgrade
26388279066773|4892879520161333469|2022-09-27 01:26:52.7|Discover
24189255811803|4892879520161334217|2022-09-27 04:47:24.041|OnDeck
21990232555660|4892879520161333455|2022-09-27 12:09:37.553|Avant
13194139534088|4892879520161334291|2022-09-27 17:24:04.601|LightStream
21990232555607|4892879520161333384|2022-09-27 20:26:23.02|Marcus by Goldman Sachs
19791209300622|4893160995138044781|2022-09-27 22:16:44.241|Prosper
2199023255746|4893160995138044185|2022-09-28 00:10:08.839|LendingPoint
26388279066625|4893160995138043905|2022-09-28 05:11:23.014|LendingClub
10995116277957|4893442470114754845|2022-09-29 05:35:34.251|Citibank
17592186044974|4893442470114755319|2022-09-29 06:28:04.549|BlueVine
19791209300020|4893723945091465300|2022-09-30 11:25:42.907|Earnest
10995116277884|4893723945091465401|2022-09-30 17:45:01.451|Peerform
21990232556205|4893723945091466134|2022-09-30 19:38:02.789|Prosper
24189255811358|4894005420068176276|2022-10-01 05:35:11.99|Fundrise
372|4894286895044887023|2022-10-02 05:54:43.425|Prosper
10995116277827|4894286895044886637|2022-10-02 12:05:37.569|Upgrade
15393162789261|4894286895044887054|2022-10-02 17:17:05.484|Prosper
19791209300630|4894568370021598080|2022-10-03 16:11:10.353|LendingPoint
21990232555685|4894568370021597425|2022-10-03 16:59:32.731|US Bank
6597069767198|4894849844998308568|2022-10-04 08:51:26.065|RealtyMogul
4398046511208|4894849844998307999|2022-10-04 15:08:13.316|OnDeck
26388279066981|4895131319975018963|2022-10-05 00:16:59.656|Citibank
15393162789629|4895131319975019523|2022-10-05 17:10:28.772|LendingPoint
26388279067009|4895131319975019009|2022-10-05 22:02:35.947|Peerform
646|4895694269928440673|2022-10-07 11:48:16.193|Roofstock
17592186045180|4895694269928440834|2022-10-07 14:12:27.186|LendingPoint
17592186045069|4895694269928440683|2022-10-07 15:03:56.66|US Bank
28587302322297|4895694269928439986|2022-10-07 18:23:08.826|LendingClub
21990232556020|4895694269928440481|2022-10-07 19:12:22.883|SunTrust
17592186045180|4895975744905151489|2022-10-08 05:23:58.089|Kabbage
26388279067065|4895975744905151062|2022-10-08 13:06:14.195|PNC Bank
19791209300659|4896257219881862046|2022-10-09 14:25:24.678|Chase Bank
28587302322848|4896257219881862027|2022-10-09 17:36:08.468|Kabbage
26388279066799|4896538694858572034|2022-10-10 06:47:16.316|Kabbage
19791209300745|4896820169835283477|2022-10-11 15:04:51.947|Wells Fargo
26388279067181|4896820169835283190|2022-10-11 16:49:56.102|Avant
13194139533662|4897101644811993552|2022-10-12 10:59:21.872|Chase Bank
10995116277894|4897664594765414596|2022-10-13 23:41:06.683|OnDeck
24189255811394|4897664594765414834|2022-10-14 04:45:34.336|Fundbox
6597069767393|4897664594765415374|2022-10-14 06:05:18.323|PNC Bank
26388279067423|4897664594765415471|2022-10-14 06:29:14.256|Discover
28587302322416|4897664594765414739|2022-10-14 12:48:57.743|TD Bank
28587302322203|4897664594765414447|2022-10-14 14:34:43.402|Discover
26388279067115|4897664594765415058|2022-10-14 16:11:54.437|TD Bank
15393162789579|4897664594765415356|2022-10-14 16:52:09.392|Navy Federal Credit Union
10995116278292|4897664594765415120|2022-10-14 17:18:05.007|Rocket Loans
2199023256131|4897946069742125844|2022-10-15 02:18:41.946|Chase Bank
28587302322302|4898227544718835900|2022-10-16 14:24:40.754|Patch of Land
28587302322181|4898227544718835718|2022-10-16 17:41:22.075|Chase Bank
8796093022820|4898509019695547200|2022-10-17 10:19:18.802|Discover
26388279067233|4898509019695547198|2022-10-17 17:41:42.365|Avant
26388279067421|4898790494672258093|2022-10-18 07:36:51.06|Peerform
6597069766712|4898790494672257118|2022-10-18 20:01:03.476|American Express
17592186044455|4899071969648967742|2022-10-19 14:01:23.252|SunTrust
19791209300226|4899634919602389363|2022-10-20 22:53:12.275|Earnest
28587302322416|4899634919602389328|2022-10-21 06:24:11.597|RealtyMogul
26388279067421|4899634919602390060|2022-10-21 13:19:41.344|Discover
21990232555657|4899634919602389194|2022-10-21 19:13:17.453|TD Bank
28587302322685|4899916394579100334|2022-10-22 00:36:48.774|Funding Circle
19791209300413|4899916394579100247|2022-10-22 17:16:18.437|Kabbage
19791209300327|4899916394579100122|2022-10-22 20:47:32.747|Roofstock
10995116277827|4900197869555810412|2022-10-23 14:14:49.273|State Farm Bank
24189255811824|4900197869555811307|2022-10-23 16:45:38.801|Fundbox
21990232556205|4900197869555811223|2022-10-23 20:16:42.809|OnDeck
17592186044664|4900479344532521317|2022-10-23 23:32:15.097|Avant
19791209300327|4900479344532521433|2022-10-24 00:46:54.886|Citibank
24189255811870|4900479344532522030|2022-10-24 01:18:48.454|Upstart
17592186044882|4900479344532521588|2022-10-24 05:59:52.821|Wells Fargo
26388279066733|4900479344532521123|2022-10-24 11:01:26.714|Earnest
26388279067065|4900479344532521557|2022-10-24 20:55:53.402|SunTrust
21990232556265|4900760819509232602|2022-10-25 03:20:34.637|Fundbox
4398046511116|4901042294485942292|2022-10-26 18:29:32.101|US Bank
28587302322219|4901323769462652996|2022-10-27 15:33:57.823|PNC Bank
15393162789107|4901323769462653277|2022-10-27 17:08:34.046|TD Bank
28587302322181|4901323769462652935|2022-10-27 21:29:41.306|SunTrust
15393162789372|4901605244439364266|2022-10-27 23:21:41.924|SoFi
26388279066759|4901605244439363781|2022-10-28 02:02:29.522|Navy Federal Credit Union
4398046511722|4901605244439364425|2022-10-28 02:20:12.633|State Farm Bank
21990232556126|4901886719416075064|2022-10-29 08:05:34.974|Capital One
21990232556274|4901886719416075248|2022-10-29 10:44:00.929|Funding Circle
26388279066981|4901886719416074709|2022-10-29 14:30:52.964|Fundrise
21990232555635|4901886719416074414|2022-10-29 20:17:48.925|PNC Bank
8796093022214|4902168194392784905|2022-10-30 00:03:22.482|Capital One
26388279067234|4902168194392785727|2022-10-30 09:26:05.547|SoFi
21990232555685|4902168194392785138|2022-10-30 17:16:23.554|Best Egg
24189255811170|4902168194392785046|2022-10-30 17:52:40.227|Upgrade
28587302322665|4902168194392785548|2022-10-30 19:02:47.946|Citibank
28587302322181|4902168194392784904|2022-10-30 20:35:44.451|LendingClub
26388279067293|4902168194392785800|2022-10-30 21:12:44.783|US Bank
26388279067416|4902449669369496615|2022-10-30 22:53:52.852|Roofstock
21990232556020|4902449669369496224|2022-10-31 00:35:12.217|LendingClub
21990232556070|4902449669369496296|2022-10-31 02:06:42.776|Upgrade
24189255811333|4902449669369495929|2022-10-31 09:28:22.13|SoFi
431|4902449669369496138|2022-10-31 13:51:06.416|Bank of America
28587302322657|4902731144346206846|2022-11-01 05:05:59.858|US Bank
10995116277915|4902731144346206441|2022-11-01 09:51:38.133|Marcus by Goldman Sachs
187|4902731144346206481|2022-11-01 10:18:10.521|Roofstock
24189255811358|4902731144346206614|2022-11-01 10:52:17.866|Upgrade
26388279066767|4902731144346206418|2022-11-01 15:19:46.207|Funding Circle
24189255811770|4903012619322917797|2022-11-02 01:39:24.828|TD Bank
17592186045024|4903012619322917689|2022-11-02 06:32:52.663|Discover
28587302322459|4903012619322917265|2022-11-02 14:26:58.322|Fundbox
4398046511888|4903012619322917913|2022-11-02 18:27:50.443|TD Bank
26388279066799|4903294094299627775|2022-11-03 04:35:45.995|SunTrust
28587302322592|4903294094299628078|2022-11-03 05:03:15.327|TD Bank
21990232556020|4903294094299628194|2022-11-03 13:52:19.425|Capital One
26388279067181|4903294094299628276|2022-11-03 22:23:46.002|Rocket Loans
28587302322566|4903575569276338696|2022-11-03 23:04:05.114|State Farm Bank
15393162789417|4903575569276338929|2022-11-04 04:41:02.267|Bank of America
10995116277884|4903575569276338363|2022-11-04 11:10:55.309|Earnest
19791209300622|4903857044253049708|2022-11-05 12:19:52.809|Discover
28587302322416|4903857044253049170|2022-11-05 16:56:21.902|BlueVine
50|4903857044253048908|2022-11-05 20:57:47.535|TD Bank
28587302322416|4904138519229759825|2022-11-05 22:56:44.694|SunTrust
8796093022309|4904138519229759644|2022-11-06 01:01:18.424|Kabbage
24189255811333|4904138519229759866|2022-11-06 06:06:01.543|Fundbox
8796093022752|4904138519229760220|2022-11-06 07:40:15.026|Prosper
28587302322855|4904419994206471056|2022-11-07 00:45:08.903|Bank of America
28587302322665|4904419994206470798|2022-11-07 01:18:40.555|Roofstock
26388279067065|4904419994206470740|2022-11-07 02:56:46.707|American Express
2199023255611|4904419994206470240|2022-11-07 07:58:49.857|US Bank
19791209300413|4904701469183181400|2022-11-08 18:26:27.561|TD Bank
21990232555996|4904701469183181433|2022-11-08 22:43:37.685|Peerform
26388279067033|4904982944159892004|2022-11-09 00:14:58.367|OneMain Financial
8796093022698|4904982944159892111|2022-11-09 13:49:15.253|Citibank
13194139533432|4904982944159891631|2022-11-09 19:01:24.433|US Bank
28587302322592|4904982944159892015|2022-11-09 19:45:12.54|Prosper
28587302322878|4905264419136603049|2022-11-10 03:12:20.51|Wells Fargo
2199023256262|4905264419136603062|2022-11-10 15:27:28.334|Peerform
26388279066773|4905264419136602335|2022-11-10 18:05:58.752|Peerform
26388279067416|4905545894113313832|2022-11-11 00:49:27.423|LendingPoint
17592186044645|4905545894113313088|2022-11-11 09:31:20.161|Prosper
21990232555744|4905545894113313084|2022-11-11 17:05:40.262|Upstart
21990232555896|4905545894113313270|2022-11-11 20:13:02.348|Avant
21990232555541|4905545894113312800|2022-11-11 22:37:00.388|TD Bank
10995116278168|4905827369090023968|2022-11-12 02:59:30.621|US Bank
15393162789098|4905827369090023751|2022-11-12 06:40:45.364|Capital One
19791209300659|4905827369090024349|2022-11-12 16:04:17.179|Upstart
24189255811464|4905827369090023948|2022-11-12 18:38:07.826|BlueVine
24189255811770|4906108844066735014|2022-11-13 00:17:44.156|US Bank
21990232555659|4906108844066734285|2022-11-13 04:14:46.658|Prosper
28587302322181|4906108844066734085|2022-11-13 13:08:23.65|Discover
2199023255803|4906390319043445099|2022-11-14 03:12:27.076|Capital One
19791209300478|4906390319043445426|2022-11-14 16:56:01.108|Kabbage
13194139533426|4906390319043444908|2022-11-14 21:02:21.658|Bank of America
13194139533426|4906390319043444906|2022-11-14 22:11:51.534|OnDeck
21990232556108|4906671794020156196|2022-11-15 10:32:46.411|State Farm Bank
28587302322737|4906953268996866812|2022-11-15 23:52:39.93|Rocket Loans
26388279066716|4906953268996866192|2022-11-16 07:54:04.204|SoFi
21990232555539|4906953268996866079|2022-11-16 11:09:21.049|BlueVine
13194139533558|4906953268996866402|2022-11-16 11:10:02.988|SoFi
8796093022693|4906953268996866695|2022-11-16 12:09:14.555|Fundrise
21990232556268|4907234743973577696|2022-11-17 06:54:11.146|Fundbox
21990232555831|4907234743973577131|2022-11-17 14:49:48.104|Bank of America
19791209300226|4907234743973577074|2022-11-17 15:35:16.867|Wells Fargo
26388279067033|4907516218950287909|2022-11-18 16:22:09.321|Citibank
24189255811135|4907516218950287459|2022-11-18 17:07:12.83|Fundrise
24189255811358|4907516218950287765|2022-11-18 17:12:15.18|Navy Federal Credit Union
28587302322457|4907516218950287758|2022-11-18 22:55:44.067|US Bank
21990232556061|4907797693926998742|2022-11-19 08:00:56.129|US Bank
15393162789283|4908079168903709234|2022-11-20 22:01:34.808|OneMain Financial
28587302322663|4908360643880419979|2022-11-21 03:05:27.755|Kabbage
28587302322737|4908360643880420091|2022-11-21 03:31:56.96|Wells Fargo
26388279067127|4908360643880420005|2022-11-21 06:20:05.472|Navy Federal Credit Union
26388279066955|4908360643880419768|2022-11-21 12:20:21.378|Prosper
28587302322665|4908360643880419981|2022-11-21 20:28:58.606|Upgrade
28587302322451|4908642118857130375|2022-11-22 09:26:37.302|Discover
28587302322863|4908642118857130906|2022-11-22 12:51:15.021|Kabbage
6597069766753|4908642118857130133|2022-11-22 12:59:20.561|LightStream
17592186044635|4908642118857130294|2022-11-22 16:34:13.556|Avant
28587302322689|4908923593833841334|2022-11-23 00:42:25.883|Fundrise
28587302322722|4908923593833841373|2022-11-23 02:11:19.152|Upgrade
13194139533553|4908923593833840981|2022-11-23 09:21:48.618|Citibank
8796093022225|4908923593833840665|2022-11-23 15:44:00.72|LendingPoint
28587302322297|4908923593833840819|2022-11-23 17:47:13.357|LightStream
26388279066866|4908923593833840984|2022-11-23 18:26:15.383|Peerform
28587302322657|4909205068810551935|2022-11-24 13:16:10.89|Roofstock
24189255811686|4909205068810552133|2022-11-24 22:29:16.5|OnDeck
17592186044500|4909486543787262080|2022-11-25 02:32:54.73|State Farm Bank
24189255811824|4909486543787262954|2022-11-25 06:16:03.201|LendingClub
28587302322459|4909486543787262351|2022-11-25 12:35:52.986|Patch of Land
28587302322628|4909486543787262565|2022-11-25 13:49:21.537|US Bank
21990232555796|4909486543787262345|2022-11-25 14:20:30.135|Roofstock
28587302322710|4909768018763973329|2022-11-26 14:43:42.647|OnDeck
15393162789629|4909768018763973637|2022-11-26 20:59:04.288|Best Egg
19791209300691|4909768018763973571|2022-11-26 21:48:34.373|Chase Bank
28587302322722|4910049493740683998|2022-11-26 23:42:40.006|Fundrise
21990232555647|4910049493740683454|2022-11-27 22:03:01.773|Earnest
4398046511519|4910049493740683819|2022-11-27 22:06:25.643|Prosper
24189255811283|4910330968717394221|2022-11-28 06:11:35.174|Wells Fargo
26388279066981|4910330968717394388|2022-11-28 08:32:45.481|LightStream
24189255811460|4910612443694105095|2022-11-28 23:24:06.635|Patch of Land
28587302322457|4910612443694104973|2022-11-29 00:43:13.63|Roofstock
21990232556268|4910612443694105566|2022-11-29 01:35:17.97|Upgrade
