investorId|companyId|ratio|createTime
775|1099511628050|0.16045368071703914|2020-05-16 14:39:29.098
535|1099511627942|0.48672135817829626|2020-06-28 03:03:35.431
2199023256011|1099511627995|0.15533463793052868|2020-07-11 07:41:39.298
2199023255900|1099511627905|0.07539760991938364|2020-07-13 15:29:21.584
4398046511760|2199023255597|0.24759641601954793|2020-08-08 00:45:18.81
257|2199023255759|0.31420324181650844|2020-08-29 06:26:27.37
507|1099511627856|0.43205431574148073|2020-09-05 05:35:46.88
24|257|0.008990041951111883|2020-09-13 02:24:19.308
187|2199023255578|0.12023908524187676|2020-09-13 23:49:11.926
2199023255599|3298534883722|0.36713111132795634|2020-09-19 18:19:56.96
6597069766753|1099511627889|0.10251736665493764|2020-09-24 16:17:28.692
2199023256228|314|0.1499383815225069|2020-09-28 10:58:33.338
2199023255700|3298534883628|0.31120775676417467|2020-10-04 22:48:52.254
2199023255808|393|0.09920169990233169|2020-10-14 00:33:54.036
601|1099511627838|0.12555981195105625|2020-10-16 19:06:57.12
2199023256209|3298534883512|0.14273408012137634|2020-10-28 10:49:33.462
125|2199023255948|0.22824874935054754|2020-11-02 00:48:38.959
8796093022714|1099511628006|0.14945968227784315|2020-11-13 04:12:31.089
6597069767428|4398046511482|0.08012588583225766|2020-11-15 16:10:26.219
4398046511622|3298534883597|0.22435241745203163|2020-11-16 08:07:15.304
2199023255700|4398046511208|0.05713695135145054|2020-11-17 21:20:04.685
4398046511504|1099511627996|0.07567298875010961|2020-12-07 07:11:23.204
6597069767428|3298534883512|0.12560768918123597|2020-12-08 03:58:38.254
4398046511663|354|0.09003224652952194|2020-12-18 17:14:57.082
8796093022214|1099511627889|0.054141668798284075|2020-12-22 15:41:16.67
4398046511104|2199023255711|0.10884789870616049|2020-12-24 21:34:25.477
775|192|0.2304026164453162|2020-12-31 21:19:33.844
8796093022799|2199023255940|0.04763788720340877|2021-01-04 18:38:15.834
431|3298534883673|0.3794467545728133|2021-01-05 23:52:44.061
8796093022218|1099511627996|0.1841102628579066|2021-01-07 20:56:10.945
4398046511504|257|0.11488365971450462|2021-01-08 09:32:26.09
10995116278183|353|0.12129327216221163|2021-01-16 13:41:44.699
8796093022482|2199023255568|0.027246011825940802|2021-01-20 23:31:41.765
2199023255866|1099511627834|0.12121663887670447|2021-01-26 11:28:22.698
6597069766903|1099511627835|0.057547858839481714|2021-01-30 05:59:15.379
2199023256011|3298534883451|0.07236841311214658|2021-01-30 18:06:55.967
125|342|0.17065496044888984|2021-02-01 19:24:33.137
6597069767021|3298534883452|0.1284823028275065|2021-02-02 02:07:36.286
8796093022896|1099511628134|0.15352264085556686|2021-02-05 16:23:01.076
4398046511113|3298534883614|0.12212163155286117|2021-02-07 16:55:51.045
6597069767130|3298534883645|0.25823801750947917|2021-02-13 03:25:42.884
4398046511724|93|0.5122032819849822|2021-02-15 10:22:27.582
4398046511409|4398046511125|0.2053534538796371|2021-02-19 14:40:25.019
8796093022538|3298534883458|0.21087587410151512|2021-02-23 12:47:11.123
10995116277884|4398046511194|0.07512017840274338|2021-03-04 15:00:26.748
2199023255846|5497558139133|0.2987104332293046|2021-03-06 01:42:04.685
6597069767083|2199023255649|0.1827682825834153|2021-03-12 13:44:06.041
10995116277854|4398046511337|0.15281191583804923|2021-03-16 13:41:13.392
499|2199023255568|0.12415879198328539|2021-03-18 06:26:51.402
2199023255808|2199023255780|0.04563467756772251|2021-03-18 14:02:53.368
6597069767234|4398046511164|0.08172150957679332|2021-03-21 23:20:40.405
785|5497558139028|0.08436509703520081|2021-03-22 04:46:29.198
4398046511149|314|0.14744652954731888|2021-03-25 01:23:07.306
6597069766687|5497558139019|0.05953024665262152|2021-04-01 03:08:49.062
2199023255560|2199023255836|0.1777900274142116|2021-04-02 17:33:48.486
10995116278510|1099511627889|0.15577222706502472|2021-04-09 11:24:30.183
13194139534088|2199023255936|0.16743363519281448|2021-04-11 22:22:24.99
507|5497558138926|0.2100008739744428|2021-04-12 15:09:02.125
4398046511829|1099511628070|0.1388306505383987|2021-04-14 04:55:21.781
6597069766903|2199023255936|0.05490162693082117|2021-04-15 16:54:09.739
8796093022774|2199023255836|0.058768058948827834|2021-04-17 05:18:39.49
125|1099511627838|0.04194068603395925|2021-04-18 21:56:21.48
8796093022425|2199023255941|0.1795914641878686|2021-04-19 07:03:27.085
10995116278362|3298534883429|0.10948428085272884|2021-04-25 19:31:20.926
30|4398046511433|0.14978078099079306|2021-04-26 20:09:55.399
8796093022782|3298534883537|0.019931226871828103|2021-04-28 09:11:32.973
642|2199023255649|0.03378448549735767|2021-05-03 09:10:37.052
4398046511738|1099511628134|0.058229542520708395|2021-05-03 14:07:39.137
13194139533432|2199023255759|0.05534446443659901|2021-05-03 16:39:40.489
6597069767021|3298534883645|0.20638899371166589|2021-05-04 18:57:51.161
6597069766847|5497558139067|0.01663521896114186|2021-05-06 04:36:31.013
642|5497558138969|0.14569696465971144|2021-05-08 06:41:57.543
4398046511316|1099511628000|0.47754304611180814|2021-05-08 11:26:20.865
10995116277848|6597069766890|0.5432976086488561|2021-05-12 18:20:31.605
6597069766820|4398046511249|0.0874480776154953|2021-05-14 00:11:52.085
2199023255589|4398046511309|0.047693242450240106|2021-05-16 09:14:44.315
8796093022474|2199023255940|0.0995697769696635|2021-05-19 19:39:01.868
648|2199023255944|0.21486029077548904|2021-05-28 18:05:45.935
6597069766847|4398046511210|0.06752846542474376|2021-05-29 03:30:55.486
8796093022799|351|0.06985417249647212|2021-06-01 16:59:11.287
6597069766721|2199023255649|0.19111551273038918|2021-06-03 01:57:25.952
10995116278363|6597069766929|0.049419880280854235|2021-06-03 07:05:57.709
6597069767047|6597069766960|0.3132738193658328|2021-06-03 09:46:57.706
13194139533907|6597069766847|0.2639719719133942|2021-06-06 01:44:04.27
6597069767003|6597069766947|0.17921695336477414|2021-06-07 23:12:34.749
8796093022482|2199023255944|0.18298486224564733|2021-06-12 15:14:44.762
10995116278547|3298534883372|0.0300833988159196|2021-06-13 20:46:01.204
4398046511393|3298534883393|0.12569031936262096|2021-06-17 05:43:45.83
10995116277850|5497558139205|0.19310315592359625|2021-06-21 13:08:28.897
10995116278182|5497558139261|0.308461117980455|2021-06-22 18:13:54.599
93|3298534883512|0.06273632763482785|2021-06-23 12:27:24.291
8796093022574|3298534883678|0.10515793143380259|2021-06-27 07:04:31.211
2199023256322|1099511627835|0.10103780493890657|2021-06-28 20:18:31.784
6597069767131|4398046511164|0.09917218818711437|2021-06-29 06:39:35.582
2199023255851|6597069767042|0.2297533024704076|2021-07-02 15:59:29.041
307|2199023255848|0.282238604394975|2021-07-03 02:06:44.209
8796093022747|1099511628134|0.07112779867723658|2021-07-03 03:35:04.327
13194139533649|4398046511210|0.0064538431845018816|2021-07-03 05:30:03.193
2199023255955|237|0.16631799308017278|2021-07-03 18:34:25.85
2199023255742|2199023255833|0.17270046196909275|2021-07-08 07:01:00.851
6597069767060|1099511628134|0.010058505974371195|2021-07-12 13:09:27.976
8796093022729|2199023255724|0.302446194957236|2021-07-15 04:38:01.593
4398046511878|3298534883451|0.17074334753909418|2021-07-17 19:11:19.705
13194139533667|3298534883391|0.054498851342713484|2021-07-19 15:27:19.617
13194139533432|3298534883629|0.5446726528589302|2021-07-23 14:53:56.281
2199023256249|7696581394819|0.10071380484557788|2021-07-24 03:16:33.63
6597069767130|3298534883452|0.10115240509632195|2021-07-29 01:19:04.361
743|3298534883523|0.09512012079068394|2021-07-30 12:31:24.589
10995116278165|4398046511436|0.23126897779307493|2021-08-01 06:35:51.772
13194139533947|3298534883699|0.23822179018770556|2021-08-07 07:51:56.53
2199023256131|342|0.18777284565507293|2021-08-07 22:32:03.233
2199023255866|257|0.14211833185885756|2021-08-09 10:14:35.961
13194139533348|4398046511249|0.6571189763333469|2021-08-10 08:13:26.112
2199023256343|5497558139096|0.14690278072937982|2021-08-11 18:15:51.767
2199023255700|4398046511241|0.3567054239991626|2021-08-14 07:29:57.757
6597069766820|1099511627835|0.09916570910472458|2021-08-14 09:51:32.574
13194139534013|4398046511115|0.22963299796748038|2021-08-17 19:32:28.957
6597069766687|7696581394541|0.4517350195167609|2021-08-17 23:41:38.914
8796093022526|5497558139186|0.14889389826138993|2021-08-19 05:03:56.485
2199023256209|6597069766681|0.31496339885864405|2021-08-19 13:27:46.791
6597069766903|5497558138926|0.1638459007475432|2021-08-19 23:21:08.683
173|2199023255833|0.07657795678875538|2021-08-21 12:21:14.68
4398046511553|3298534883452|0.07236917287875794|2021-08-21 13:55:00.313
15393162789617|2199023255566|0.0546821029892613|2021-08-23 02:36:53.961
8796093022479|5497558138890|0.35832284223269895|2021-08-25 05:47:32.426
13194139533686|3298534883523|0.03527176477840856|2021-08-25 10:27:25.552
6597069767243|353|0.17681920813421645|2021-08-29 00:09:45.712
15393162789544|6597069766864|0.028621798308283816|2021-08-29 12:29:36.994
2199023255560|6597069766864|0.16616961177664752|2021-08-29 16:19:44.772
4398046511553|3298534883658|0.1888619148856404|2021-09-04 17:16:50.421
125|6597069766755|0.18238458281917294|2021-09-06 01:11:29.783
15393162789477|7696581394560|0.10182266789001752|2021-09-06 12:09:35.662
15393162789064|5497558139243|0.1615078327978783|2021-09-07 23:15:50.694
4398046511553|6597069766832|0.005466019934673633|2021-09-08 04:50:03.372
13194139533662|2199023255941|0.07272679364240266|2021-09-10 06:30:59.526
10995116278540|1099511627947|0.3924764072721483|2021-09-13 12:29:53.774
4398046511439|1099511627887|0.25098914174024173|2021-09-15 15:18:17.784
10995116278421|6597069766747|0.28998357908019157|2021-09-16 23:14:19.687
13194139533553|354|0.056465078311241056|2021-09-17 15:54:39.094
17592186044486|5497558138895|0.16425460730578142|2021-09-19 06:27:03.189
17592186044438|6597069766809|0.23280948157369652|2021-09-19 17:19:04.506
8796093022687|29|0.3604229658034352|2021-09-20 09:08:04.739
8796093022474|7696581394831|0.10416586643261508|2021-09-21 22:27:49.658
6597069766911|2199023255630|0.06726909133463196|2021-09-23 09:51:13.382
2199023256322|7696581394467|0.19622679909716959|2021-09-23 19:28:04.407
6597069766679|2199023255630|0.11463677551211945|2021-09-25 20:27:50.141
4398046511249|4398046511451|0.31530962226254056|2021-09-25 21:47:59.384
8796093022354|1099511627835|0.11905659502648475|2021-09-27 11:58:29.755
2199023255585|3298534883391|0.2309903996830992|2021-09-27 20:08:15.312
17592186044635|3298534883628|0.07087712166921373|2021-09-28 14:20:17.653
6597069767000|5497558138886|0.21462442830766087|2021-10-02 00:02:11.015
4398046511316|8796093022294|0.025621175443907043|2021-10-03 02:28:58.122
15393162789435|6597069766864|0.14794663396896743|2021-10-04 09:32:18.615
6597069767055|7696581394664|0.12688141817539397|2021-10-04 10:18:18.164
630|1099511627831|0.07545994614881897|2021-10-05 20:49:06.37
15393162789580|351|0.20078899078413362|2021-10-06 03:53:27.638
17592186044823|8796093022466|0.015514545353651427|2021-10-06 07:50:51.133
8796093022526|1099511628070|0.1652248527278528|2021-10-08 04:16:59.271
2199023256209|6597069766832|0.16138006443610245|2021-10-10 06:29:34.336
2199023255765|4398046511219|0.2603586889439959|2021-10-10 17:32:56.081
13194139533817|6597069766947|0.11881946987233573|2021-10-11 04:59:58.263
17592186045014|6597069766747|0.23881481189805098|2021-10-11 22:42:07.593
17592186044817|1099511628000|0.29119775276394716|2021-10-12 15:40:05.676
642|6597069766681|0.44608066577551775|2021-10-12 22:56:22.122
640|344|0.11023314246050192|2021-10-14 02:44:26.716
8796093022416|6597069766819|0.21925983895536663|2021-10-14 23:26:19.372
10995116277894|7696581394622|0.22710333732464508|2021-10-15 11:55:56.945
4398046511226|5497558138926|0.09620717070068559|2021-10-17 12:23:52.433
10995116278183|4398046511436|0.16650311894368583|2021-10-18 14:32:04.277
17592186044478|5497558139120|0.19818905217988192|2021-10-19 16:33:19.451
349|2199023255777|0.14370671753979908|2021-10-21 17:20:14.759
4398046511226|2199023255777|0.20821544321174829|2021-10-21 19:27:46.786
15393162789021|6597069766916|0.26165313964926845|2021-10-22 03:00:06.162
15393162789183|7696581394694|0.43810238893170195|2021-10-23 00:23:07.477
6597069766852|6597069766983|0.23357123034029023|2021-10-23 23:24:21.33
6597069767243|5497558139028|0.19300579751415733|2021-10-24 01:26:58.561
363|8796093022227|0.10300179447124092|2021-10-25 01:30:12.391
6597069766941|6597069766983|0.3224230721725911|2021-10-25 09:44:05.983
2199023256322|8796093022240|0.0817246038963877|2021-10-26 08:34:04.336
6597069767294|3298534883369|0.0803404108041942|2021-10-27 19:17:24.61
13194139533470|2199023255687|0.4820222475217043|2021-10-28 14:26:05.064
17592186044959|5497558139265|0.19072200878315662|2021-10-28 19:35:04.175
15393162789372|8796093022320|0.2843262254813235|2021-10-28 19:51:17.771
8796093022425|8796093022473|0.1298678439043842|2021-10-31 21:12:54.972
17592186045137|7696581394552|0.15749634637585078|2021-11-01 00:25:06.827
15393162789107|1099511627847|0.2508228803455544|2021-11-04 10:05:42.468
433|1099511628070|0.1507215437537162|2021-11-04 16:07:44.158
17592186044438|4398046511113|0.3550115435338641|2021-11-04 16:28:55.988
4398046511663|1099511627889|0.00721769334824802|2021-11-07 13:46:33.637
17592186045024|7696581394711|0.16001758003375768|2021-11-08 10:16:43.633
13194139534021|8796093022439|0.18234719590542003|2021-11-08 10:35:30.839
15393162789590|7696581394664|0.07904263284031296|2021-11-09 02:56:00.667
4398046511663|4398046511309|0.14914859947915982|2021-11-09 11:18:10.031
4398046511226|1099511628148|0.05060355562779912|2021-11-09 21:36:00.083
2199023256212|7696581394539|0.15550695031904643|2021-11-10 03:02:29.241
17592186044592|7696581394664|0.08648108300697907|2021-11-11 07:24:13.65
6597069767323|93|0.08418990690871253|2021-11-13 06:27:41.07
17592186044846|3298534883614|0.09045247838442765|2021-11-13 11:52:35.919
6597069766923|344|0.13857909089177767|2021-11-13 21:28:00.737
8796093022526|8796093022519|0.3159309070464651|2021-11-14 03:34:30.332
8796093022747|8796093022534|0.13529795931155852|2021-11-14 13:09:19.716
8796093022714|6597069766809|0.0952939917434145|2021-11-14 14:28:19.115
433|8796093022240|0.33727926752745835|2021-11-14 21:49:59.324
6597069766803|4398046511194|0.04839735900552132|2021-11-15 19:25:34.268
4398046511741|6597069766826|0.31369762165005466|2021-11-15 23:48:53.4
4398046511588|7696581394436|0.3117238353034331|2021-11-16 09:01:58.643
15393162789480|8796093022284|0.02988932446649212|2021-11-16 19:01:37.529
15393162789225|3298534883512|0.13936148468395387|2021-11-17 02:09:25.841
10995116277894|3298534883436|2.868341186312864e-06|2021-11-17 03:25:01.56
729|8796093022339|0.0007147032373212707|2021-11-20 18:04:22.23
2199023255585|6597069766788|0.4326928856365025|2021-11-22 09:52:19.351
2199023256030|5497558139103|0.09300819624646935|2021-11-24 00:05:21.438
17592186044592|7696581394831|0.22494120595800787|2021-11-24 13:59:26.181
17592186044959|8796093022381|0.3312095184529269|2021-11-24 20:39:21.144
13194139533863|3298534883436|0.06273590645210883|2021-11-24 23:35:49.489
17592186044812|5497558138969|0.2957453186866748|2021-11-29 02:13:32.518
349|2199023255912|0.24071148848766008|2021-12-01 03:02:45.613
13194139533556|7696581394829|0.08401393324385004|2021-12-01 22:43:30.185
19791209300727|5497558139243|0.12946468203443823|2021-12-02 09:43:04.513
4398046511865|1099511627918|0.31600014596183085|2021-12-02 11:25:15.102
2199023256131|23|0.009314564180883942|2021-12-04 09:32:52.31
497|7696581394572|0.06408093300062676|2021-12-04 09:33:17.929
4398046511116|7696581394454|0.11133614570580128|2021-12-04 13:50:56.07
2199023255560|7696581394670|0.3133729529846284|2021-12-06 09:47:31.231
15393162789580|365|0.1356254991497904|2021-12-07 04:57:06.946
15393162789168|7696581394549|0.4064469821008427|2021-12-07 09:26:41.37
13194139533553|3298534883649|0.10673833302400171|2021-12-08 09:04:41.175
4398046511240|4398046511157|0.10737593802358998|2021-12-08 14:30:53.624
15393162789615|178|0.2400231919034301|2021-12-08 15:51:48.774
10995116278363|9895604650238|0.141704515164703|2021-12-09 11:56:31.015
13194139533843|8796093022519|0.1395052284505805|2021-12-09 14:03:43.304
4398046511104|7696581394815|0.3301810142535858|2021-12-10 00:39:57.135
8796093022225|6597069766902|0.06707347667863471|2021-12-11 00:06:14.408
8796093022409|1099511627834|0.11456499947157298|2021-12-12 04:47:15.17
8796093022629|314|0.06909734207090658|2021-12-12 10:06:20.603
15393162789365|178|0.13776695624521934|2021-12-12 13:54:09.329
17592186045204|3298534883699|0.11947475115008885|2021-12-12 16:17:35.434
2199023256262|7696581394622|0.3874056790561426|2021-12-13 07:12:29.041
646|5497558139136|0.1998678244156804|2021-12-14 11:27:22.751
6597069767376|8796093022581|0.2043292933349947|2021-12-15 04:47:44.112
2199023255783|6597069766916|0.18042919571160448|2021-12-16 08:58:08.445
17592186044846|8796093022473|0.15875017157747925|2021-12-18 05:15:33.038
10995116278168|6597069766864|0.17931917666371683|2021-12-18 17:57:36.492
19791209300726|178|0.0360728532336553|2021-12-20 17:20:23.229
499|7696581394831|0.06108009160977414|2021-12-21 09:16:55.797
15393162789200|8796093022534|0.10998268268922308|2021-12-21 12:55:58.848
8796093022346|351|0.10872096224529208|2021-12-22 19:33:35.745
4398046511738|5497558139226|0.4133648279487742|2021-12-23 16:42:57.779
8796093023003|2199023255835|0.2477953945482686|2021-12-24 02:06:56.382
19791209300300|8796093022466|0.031105547394331478|2021-12-24 08:18:09.52
4398046511725|8796093022480|0.25099286188349285|2021-12-26 04:35:33.365
13194139533817|7696581394631|0.18270910918025782|2021-12-26 14:59:26.462
15393162789200|2199023255936|0.07797847623712943|2021-12-26 18:33:12.027
19791209300432|5497558139243|0.12590223092019234|2021-12-27 01:17:56.812
4398046511412|8796093022546|0.06463046685026415|2021-12-27 23:09:23.474
13194139533860|2199023255711|0.09090199205018155|2021-12-28 20:46:28.51
19791209300551|1099511628070|0.13738892999209557|2021-12-30 04:21:51.501
17592186045087|1099511628050|0.27106761544609137|2021-12-30 11:51:04.014
15393162789580|3298534883592|0.2800593929634306|2021-12-30 22:20:06.635
15393162789296|6597069766919|0.3212238662850127|2021-12-31 07:53:31.137
15393162789200|8796093022227|0.12940063209204206|2021-12-31 16:07:24.279
41|8796093022480|0.2532085181425281|2021-12-31 21:32:29.512
13194139533860|8796093022248|0.19563169405062777|2022-01-01 00:43:27.126
8796093022747|1099511627905|0.1680148555727449|2022-01-02 12:22:40.45
17592186045069|8796093022588|0.16806106835666243|2022-01-04 01:30:50.45
6597069766687|4398046511436|0.2664635036220543|2022-01-05 01:26:22.73
15393162789296|8796093022546|0.11535550394324628|2022-01-05 19:26:40.562
17592186045178|257|0.04865771539415938|2022-01-06 05:12:10.555
630|1099511627838|0.10765081797953259|2022-01-06 11:55:42.848
17592186045180|4398046511208|0.17460870387988447|2022-01-07 07:38:08.929
17592186044598|6597069767042|0.13766116056017738|2022-01-07 14:12:20.662
19791209300379|5497558139028|0.08833761263053025|2022-01-07 16:48:37.374
8796093022737|9895604650341|0.050022697689639274|2022-01-07 22:34:39.376
6597069766941|7696581394831|0.13299512699706428|2022-01-08 01:50:51.006
17592186045069|9895604650324|0.17219058330540346|2022-01-10 16:09:52.341
13194139533667|3298534883698|0.31887096275229637|2022-01-12 13:31:09.554
2199023256209|3298534883405|0.12498504538387215|2022-01-13 17:08:25.634
19791209300080|7696581394694|0.07876633601592023|2022-01-15 06:09:36.986
13194139534080|4398046511111|0.334103742165244|2022-01-16 04:43:57.468
19791209300707|1099511627942|0.014774569022274291|2022-01-16 22:12:15.496
4398046511888|2199023255737|0.18793619944532405|2022-01-17 00:44:20.61
15393162789629|9895604650339|0.028783422264714833|2022-01-17 03:37:51.438
8796093022416|9895604650231|0.015666432774358103|2022-01-17 23:45:18.67
2199023256025|8796093022294|0.04594675009085156|2022-01-20 01:08:08.567
4398046511407|3298534883370|0.281650973581441|2022-01-20 16:36:40.493
15393162789579|9895604650272|0.26493155687965575|2022-01-21 03:29:15.674
10995116277958|1099511628006|0.11975329783302793|2022-01-21 07:57:14.605
580|9895604650341|0.07952802423023343|2022-01-21 15:25:44.562
2199023255955|5497558138885|0.19209679738465202|2022-01-22 03:22:05.249
19791209300696|3298534883429|0.04575146969504932|2022-01-22 06:24:05.931
15393162789144|9895604650366|0.11328685332011879|2022-01-22 08:55:55.753
13194139533515|2199023255936|0.15648293337147667|2022-01-23 05:01:49.793
15393162789563|8796093022532|0.18581505801512566|2022-01-23 09:59:32.937
15393162789629|7696581394534|0.04882927374400496|2022-01-24 16:33:48.763
2199023255992|8796093022235|0.2622938820068717|2022-01-27 01:13:16.075
19791209300163|7696581394539|0.22051899827572347|2022-01-27 20:17:06.842
2199023255808|9895604650339|0.22640457977209028|2022-01-28 16:38:12.46
8796093022425|8796093022276|0.14848087193414594|2022-01-29 17:14:02.661
2199023255662|64|0.3153416511620126|2022-01-30 18:20:54.526
6597069766721|1099511627870|0.050303919762758026|2022-01-31 07:24:24.708
4398046511226|9895604650272|0.046266900988745606|2022-01-31 18:53:36.536
15393162788939|9895604650082|0.5228191754977461|2022-02-01 06:03:34.05
6597069766839|7696581394436|0.05563622128126754|2022-02-01 11:25:10.534
17592186044575|3298534883698|0.22254309297717326|2022-02-02 00:26:59.137
17592186044488|6597069766898|0.15448319166439273|2022-02-02 10:09:14.315
8796093022346|9895604650271|0.10143690818782114|2022-02-02 16:28:09.332
10995116278385|8796093022532|0.07594938151659775|2022-02-02 19:03:41.847
8796093022214|3298534883658|0.18883887040239164|2022-02-02 21:57:06.794
19791209300522|8796093022294|0.2747485324638177|2022-02-02 22:19:48.42
4398046511113|43|0.05572796180965224|2022-02-02 22:37:53.348
15393162789225|2199023255836|0.1405435324686683|2022-02-03 03:42:14.149
15393162789311|6597069766850|0.05161280408016375|2022-02-03 05:51:56.714
499|8796093022588|0.1473158668078199|2022-02-03 15:11:22.296
13194139533817|9895604650272|0.16174419222912742|2022-02-03 16:24:41.291
2199023255998|3298534883458|0.24614705968808206|2022-02-03 17:26:22.034
19791209300537|7696581394694|0.049079284759198184|2022-02-04 09:26:34.134
4398046511663|8796093022439|0.1691186822723564|2022-02-05 21:12:50.372
2199023256185|8796093022228|0.14183000214505023|2022-02-07 03:58:07.614
6597069767428|3298534883452|0.05415770987557094|2022-02-07 16:46:23.138
2199023256228|9895604650059|0.137640693488339|2022-02-09 03:07:03.679
17592186044998|1099511628050|0.09216823157525746|2022-02-09 10:58:47.436
10995116278271|9895604650136|0.07018760177996233|2022-02-09 14:08:59.403
6597069766877|9895604650238|0.16808783511683237|2022-02-09 20:56:46.891
2199023255790|7696581394469|0.15147624784056865|2022-02-10 09:36:44.506
13194139533553|393|0.020044878953682066|2022-02-10 21:28:45.157
19791209300745|6597069766755|0.1743061656176246|2022-02-10 23:22:45.684
13194139533765|8796093022546|0.18200415959649846|2022-02-11 11:32:49.431
8796093022687|5497558139205|0.09010930181731479|2022-02-11 16:13:39.861
4398046511412|3298534883369|0.12892794339342697|2022-02-11 18:47:18.496
21990232555541|2199023255711|0.08900531043980575|2022-02-12 12:13:36.508
21990232555647|9895604650151|0.17904315374060195|2022-02-13 07:40:47.097
10995116277957|393|0.1191861450555295|2022-02-13 12:38:25.581
8796093022778|8796093022228|0.15558737134606782|2022-02-13 13:06:08.178
13194139534021|2199023255702|0.07084082176663871|2022-02-14 00:22:18.008
17592186045140|3298534883452|0.12539625695181947|2022-02-14 02:42:42.517
32|3298534883645|0.21189410833374053|2022-02-14 05:00:27.216
17592186044583|6597069766819|0.1077537309293986|2022-02-14 06:03:37.101
15393162789372|2199023255836|0.08749479439316339|2022-02-14 10:37:02.016
21990232556250|6597069766755|0.09222154163091556|2022-02-14 20:30:23.556
10995116277854|3298534883369|0.171322122396666|2022-02-15 20:13:31.606
2199023255682|1099511627995|0.09455775543431871|2022-02-16 05:30:51.58
15393162789579|6597069766847|0.2154273111276496|2022-02-16 21:10:00.015
2199023255607|7696581394560|0.1919052143765977|2022-02-17 14:31:47.861
19791209300008|9895604650159|0.29047954870281467|2022-02-17 14:49:56.856
729|2199023255759|0.13525258580264177|2022-02-19 01:01:17.423
13194139533768|5497558139129|0.16281863996511545|2022-02-19 10:07:18.973
8796093022566|5497558139028|0.000966985254278278|2022-02-20 10:50:46.075
21990232555647|9895604650066|0.09741343608241625|2022-02-21 08:03:09.066
21990232555685|7696581394479|0.020232699141044835|2022-02-23 00:13:03.848
15393162789580|4398046511433|0.20097627816608135|2022-02-23 14:28:08.618
15393162789098|8796093022588|0.012195602076209785|2022-02-24 06:16:37.67
19791209300551|8796093022546|0.29931569840685135|2022-02-24 07:04:09.779
8796093022416|7696581394565|0.09190376087325847|2022-02-25 06:23:05.351
8796093022430|9895604650015|0.11050807223383535|2022-02-25 08:10:13.754
15393162789344|7696581394670|0.11985331158852809|2022-02-26 08:52:32.025
13194139533558|1099511627905|0.03236159487517659|2022-02-26 09:26:51.788
17592186044998|8796093022294|0.13707108877017232|2022-02-26 12:50:07.44
13194139533696|2199023255687|0.3833492539366122|2022-02-28 08:53:10.957
19791209300432|8796093022211|0.05733338731768986|2022-03-01 18:20:26.621
13194139533907|7696581394631|0.12965437517001785|2022-03-02 10:48:55.567
19791209300070|4398046511155|0.1503642827447099|2022-03-03 05:20:34.532
4398046511258|344|0.030079918210859615|2022-03-03 10:19:29.768
15393162789298|9895604650366|0.08011708287597484|2022-03-03 21:37:41.874
19791209300707|8796093022473|0.004990538038092647|2022-03-05 03:11:17.389
4398046511296|8796093022516|0.054674352406600256|2022-03-07 09:15:09.075
19791209300522|8796093022276|0.13539255724461197|2022-03-08 16:10:53.635
21990232556205|8796093022564|0.22271302023674666|2022-03-08 21:27:40.089
15393162789435|8796093022284|0.08105784333342404|2022-03-11 18:54:11.791
6597069767131|10995116278119|0.22904960689808734|2022-03-12 13:17:56.566
13194139533907|3298534883628|0.1271103339777219|2022-03-12 21:43:22.589
10995116278362|10995116277847|0.15163492435507173|2022-03-13 13:07:21.528
19791209300163|257|0.23669312616606092|2022-03-13 20:05:48.144
13194139534021|6597069766832|0.1393173279452516|2022-03-13 21:29:13.566
13194139533947|9895604650366|0.12648353583442926|2022-03-13 22:11:10.946
21990232556205|8796093022313|0.14885324405848727|2022-03-14 17:54:53.203
13194139533817|8796093022370|0.003938693234327333|2022-03-15 02:48:05.436
13194139533468|3298534883452|0.11691873644050696|2022-03-15 10:38:00.966
21990232555848|5497558138929|0.1476271635673478|2022-03-15 16:52:52.801
6597069767450|3298534883673|0.0932292641364907|2022-03-16 14:19:16.672
17592186045014|7696581394748|0.2185958672285453|2022-03-16 19:09:39.564
4398046511116|3298534883451|0.04048171061098832|2022-03-17 09:08:21.962
30|3298534883393|0.023861455634518008|2022-03-17 19:39:35.652
15393162789098|7696581394653|0.1626027515289374|2022-03-17 21:42:14.761
15393162789261|8796093022235|0.11631407753164122|2022-03-19 07:18:07.533
17592186045069|3298534883678|0.49774025773631664|2022-03-19 11:25:31.503
19791209300432|1099511627947|0.05341411748751307|2022-03-20 02:31:52.869
8796093023003|9895604650255|0.05219738858585596|2022-03-20 04:02:26.938
8796093022687|8796093022276|0.20681495772107064|2022-03-20 04:03:58.904
684|8796093022235|0.1151636259276286|2022-03-20 15:05:21.181
6597069767130|1099511627969|0.2665279156973741|2022-03-21 13:57:03.767
13194139533693|7696581394454|0.14122631190908802|2022-03-21 20:35:16.292
19791209300657|10995116277768|0.14176881726789228|2022-03-21 23:46:49.645
2199023255955|8796093022546|0.18444287374580315|2022-03-22 07:26:51.633
17592186044714|4398046511399|0.23187217329083004|2022-03-22 11:01:05.778
2199023256249|8796093022510|0.09645799243996914|2022-03-23 11:37:59.284
10995116277848|7696581394831|0.11904740550674814|2022-03-24 16:04:13.918
10995116278183|4398046511399|0.5756844453855349|2022-03-24 23:21:37.977
2199023255746|9895604650015|0.13439234124892754|2022-03-25 06:32:53.422
8796093022401|2199023255568|0.1038752934446073|2022-03-25 14:20:48.589
21990232556287|7696581394565|0.06276765159005424|2022-03-26 00:09:11.895
13194139534039|7696581394670|0.1262695100357723|2022-03-26 04:24:26.612
4398046511457|6597069766929|0.2543165556803819|2022-03-26 06:34:35.338
10995116278271|4398046511115|0.049395118503493506|2022-03-26 10:06:15.292
2199023255803|9895604650186|0.2895206762192679|2022-03-27 00:33:39.529
17592186044488|5497558139002|0.004950378982981295|2022-03-27 13:23:01.24
17592186044486|8796093022577|0.4320323701043728|2022-03-28 06:55:29.015
15393162789200|8796093022581|0.22170267389537723|2022-03-28 13:52:55.054
4398046511208|3298534883429|0.15307348658831194|2022-03-29 06:58:20.545
8796093022693|9895604650366|0.0712895774061695|2022-03-30 07:34:57.335
19791209300745|342|0.05430028321783092|2022-03-30 16:22:42.577
19791209300522|2199023255759|0.1739183961396582|2022-03-30 16:33:13.656
4398046511518|6597069766916|0.03466995315309718|2022-04-01 01:56:18.409
17592186044464|3298534883451|0.29796152270836923|2022-04-01 07:39:28.869
21990232556261|6597069766906|0.1931929954473925|2022-04-01 16:54:18.244
21990232555848|5497558139102|0.24982874426665577|2022-04-01 19:32:29.065
13194139533470|4398046511122|0.3614347528475848|2022-04-01 22:10:09.734
15393162789600|6597069767004|0.18078693364018758|2022-04-02 09:36:52.187
2199023256025|7696581394815|0.40925269927113495|2022-04-03 07:35:40.496
4398046511407|10995116277986|0.1265939144877835|2022-04-04 08:47:37.449
10995116277894|3298534883699|0.24830651021870304|2022-04-05 01:14:39.214
6597069767198|7696581394664|0.09974397586250398|2022-04-06 11:21:32
19791209300432|353|0.03719745828301047|2022-04-06 14:03:33.983
17592186044488|7696581394653|0.2454000323298135|2022-04-06 22:36:47.468
15393162789657|8796093022211|0.16456004145687275|2022-04-07 01:33:08.093
307|2199023255889|0.013700631526715804|2022-04-07 04:22:59.356
8796093022218|9895604650255|0.353507037527005|2022-04-07 15:02:27.212
13194139533750|3298534883391|0.14636987798684345|2022-04-08 20:32:58.626
420|6597069766788|0.38982820555413217|2022-04-10 19:00:47.733
15393162789262|43|0.0658977794029544|2022-04-11 00:36:55.87
21990232556302|7696581394565|0.13114236710488292|2022-04-11 14:02:09.549
13194139533768|8796093022248|0.0498359173465662|2022-04-12 07:31:36.635
19791209300495|8796093022598|0.08023957854469621|2022-04-12 14:11:12.799
6597069766739|8796093022466|0.20217366810683315|2022-04-13 05:47:45.88
17592186044488|4398046511208|0.23301493860389177|2022-04-13 09:01:58.232
15393162789129|1099511628148|0.10739955126597187|2022-04-13 17:27:34.854
8796093022401|1099511627828|0.10698816183426585|2022-04-13 23:42:11.629
10995116278363|2199023255737|0.07920473214187292|2022-04-13 23:55:25.2
646|5497558138895|0.4338456330373022|2022-04-14 04:50:06.434
8796093022702|7696581394775|0.13049732035937125|2022-04-14 12:18:12.277
21990232555826|7696581394469|0.26118596920574466|2022-04-15 02:16:08.581
21990232555959|4398046511137|0.07676316916051541|2022-04-15 06:18:59.839
4|10995116278109|0.23068552947442053|2022-04-15 22:45:19.438
6597069767294|2199023255948|0.0018493677289756498|2022-04-16 09:46:28.411
15393162789155|2199023255862|0.08080283983464306|2022-04-16 15:18:38.922
6597069766775|4398046511436|0.0880871516537848|2022-04-17 17:42:29.511
4398046511760|2199023255566|0.15259208326583062|2022-04-17 22:35:31.431
21990232555635|7696581394829|0.20463300234477405|2022-04-18 11:35:56.409
19791209300432|1099511627996|0.08577780022506613|2022-04-18 12:14:16.486
21990232556146|7696581394819|0.11918263298381364|2022-04-18 13:59:46.474
8796093022526|10995116278026|0.10316652297511104|2022-04-19 05:07:16.886
17592186045087|180|0.16783921865713045|2022-04-20 14:46:17.424
21990232556190|10995116277986|0.4290773569819404|2022-04-21 01:07:30.632
17592186045204|2199023255780|0.1525824391560343|2022-04-21 12:31:07.373
13194139533649|3298534883658|0.10870839485093321|2022-04-22 12:10:23.219
21990232555826|10995116278052|0.02906440960518562|2022-04-22 21:58:24.053
21990232555555|365|0.18922690761186847|2022-04-23 00:09:24.383
21990232555657|1099511627996|0.11099441200559451|2022-04-23 11:19:17.12
4398046511226|9895604650302|0.007206764210471755|2022-04-23 21:10:06.822
21990232555616|1099511628098|0.10887445166750885|2022-04-23 22:53:22.176
173|4398046511208|0.19135183416135154|2022-04-24 08:03:38.515
19791209300020|3298534883629|0.060587731280915366|2022-04-24 21:16:40.33
19791209300285|10995116277790|0.04394237553283441|2022-04-26 03:25:30.792
6597069767198|9895604650231|0.08791920438049025|2022-04-26 07:48:23.35
535|10995116278119|0.1441542677929703|2022-04-26 15:20:45.918
15393162789550|4398046511241|0.4486890271630497|2022-04-27 07:20:35.976
19791209300238|8796093022242|0.04460452277563856|2022-04-27 09:56:09.045
15393162789154|8796093022473|0.07772038635386126|2022-04-27 13:23:29.473
6597069766721|5497558139265|0.08492570444920636|2022-04-27 19:09:42.576
6597069766911|5497558139123|0.1525009235672675|2022-04-27 20:38:59.699
24189255811482|2199023255835|0.08431016359671575|2022-04-27 23:03:25.088
8796093022559|5497558139179|0.08488713728862762|2022-04-28 17:38:39.345
15393162789580|5497558139179|0.043783172085823684|2022-04-28 18:40:43.348
8796093022693|5497558139031|0.16634071602418624|2022-04-29 03:52:40.592
19791209300478|8796093022242|0.2695677751397672|2022-04-29 06:37:28.073
21990232555841|10995116277939|0.11668784808737301|2022-04-29 08:06:01.546
6597069767060|10995116277986|0.020673889743967475|2022-04-29 18:33:53.94
21990232555962|2199023255701|0.304788324823629|2022-04-30 11:22:24
13194139533795|8796093022519|0.3483497849159596|2022-05-01 13:17:29.708
13194139533522|1099511628070|0.052778382480902254|2022-05-02 04:02:27.068
21990232555996|6597069766902|0.023369289385784125|2022-05-02 10:20:08.966
8796093022737|5497558139123|0.32367636085834084|2022-05-02 12:57:02.105
13194139533475|8796093022248|0.05787074578588006|2022-05-03 03:23:30.86
668|1099511627995|0.11861520101221633|2022-05-03 19:50:15.143
6597069767300|10995116277874|0.23137820117376845|2022-05-03 20:26:50.36
4398046511316|10995116277856|0.02279248114065318|2022-05-06 06:10:35.723
15393162789600|64|0.001101329652077577|2022-05-06 07:37:50.14
8796093022629|5497558139219|0.239858424912108|2022-05-06 14:31:33.216
13194139533361|1099511627847|0.25704041607008205|2022-05-06 16:58:54.38
4398046511407|7696581394711|0.06040429046374285|2022-05-07 01:17:10.925
4398046511778|5497558139133|0.22336897766254585|2022-05-07 04:11:36.164
13194139533780|9895604650255|0.2754334360249866|2022-05-07 09:35:20.634
6597069767131|9895604650271|0.17712922135220552|2022-05-07 11:42:09.99
8796093022940|8796093022519|0.19621407958699494|2022-05-07 15:47:05.563
10995116277974|4398046511157|0.0953574623467066|2022-05-08 05:08:43.093
24189255811543|1099511627831|0.1520627453710913|2022-05-08 06:33:46.631
17592186044545|3298534883474|0.09784447983663708|2022-05-08 14:38:10.117
8796093022778|5497558138926|0.28610673114725554|2022-05-09 02:47:26.398
4398046511553|8796093022439|0.1855980719632594|2022-05-09 03:32:49.476
8796093022643|7696581394565|0.17988168504828908|2022-05-09 05:01:27.083
15393162789261|4398046511157|0.09181813997906618|2022-05-09 06:24:16.297
21990232556193|2199023255737|0.02592670288839523|2022-05-09 09:46:10.575
13194139533863|12094627905705|0.14196622628361105|2022-05-10 02:22:09.611
13194139533843|2199023255720|0.3056670331260288|2022-05-10 14:38:56.177
21990232555566|1099511627789|0.3217372611202261|2022-05-11 19:21:27.9
17592186044615|6597069766983|0.0961559043991877|2022-05-13 14:08:58.003
13194139533696|6597069766906|0.12996144522491906|2022-05-14 03:53:44.893
4398046511116|10995116277768|0.016993918686429296|2022-05-14 14:27:41.692
4398046511226|2199023255936|0.06490341380885421|2022-05-16 13:04:44.402
6597069766721|10995116277925|0.2808747888533669|2022-05-16 22:22:54.294
21990232556250|8796093022577|0.03894774897473733|2022-05-17 06:37:36.636
2199023256258|8796093022528|0.018132075612886874|2022-05-17 15:24:59.948
24189255811723|5497558139129|0.32418643541361686|2022-05-17 18:38:57.924
21990232556126|3298534883429|0.1605282171251221|2022-05-18 05:31:36.976
6597069767000|10995116278005|0.407647881924079|2022-05-19 06:38:54.93
8796093022734|2199023255944|0.1431282020640122|2022-05-19 19:39:20.285
2199023255844|8796093022313|0.12587290873207574|2022-05-19 22:22:59.793
8796093022896|7696581394711|0.12695912945449703|2022-05-19 23:17:37.38
10995116278272|8796093022598|0.17853085567961804|2022-05-20 06:22:58.657
21990232556135|10995116278109|0.3038788165192288|2022-05-20 07:06:44.075
2199023256119|5497558139102|0.07909462834221248|2022-05-20 09:50:36.183
19791209300696|6597069766819|0.13537001939000792|2022-05-20 09:54:43.517
24189255811543|6597069766747|0.09128608713569004|2022-05-21 22:35:10.134
13194139533947|4398046511337|0.392229033308416|2022-05-22 14:52:58.118
13194139533907|8796093022313|0.32611973213206924|2022-05-23 04:12:41.611
19791209300300|9895604650302|0.033529335169151006|2022-05-23 11:03:57.451
15393162789558|8796093022211|0.10237272703698186|2022-05-23 14:14:08.88
19791209300745|6597069766747|0.37108154113715636|2022-05-23 14:40:54.902
21990232555635|12094627905655|0.0012119466394252792|2022-05-23 17:21:10.606
13194139533762|10995116278109|0.03276915989123341|2022-05-24 04:32:09.162
15393162789477|1099511627789|0.25737119934223684|2022-05-24 12:07:45.49
17592186044846|1099511628148|0.011948899496394277|2022-05-24 17:44:00.755
4398046511120|9895604650324|0.21098646301704402|2022-05-24 18:59:39.336
17592186045069|9895604650034|0.45625889800055053|2022-05-25 09:46:41.59
21990232556193|10995116277957|0.5469708605291361|2022-05-25 18:19:30.533
10995116277978|8796093022473|0.1854397315631304|2022-05-25 20:06:17.035
6597069767393|8796093022248|0.19337144279796656|2022-05-27 02:17:24.969
15393162789365|7696581394534|0.45404569543087725|2022-05-27 07:35:46.315
17592186044694|8796093022277|0.3130164150790206|2022-05-27 08:03:53.153
21990232556110|3298534883523|0.15192361513769911|2022-05-27 11:45:49.73
21990232555740|7696581394829|0.07519002493572385|2022-05-27 19:24:30.246
420|12094627905851|0.37226350967090077|2022-05-27 22:52:58.988
2199023255700|9895604650180|0.3877221052554421|2022-05-29 03:13:59.485
13194139533432|1099511627777|0.2763245609617339|2022-05-29 07:23:48.555
785|2199023255588|0.09368767203192065|2022-05-30 01:35:27.166
24189255811530|12094627905746|0.14028240606320352|2022-05-30 03:26:31.372
13194139533686|7696581394552|0.17985536707682964|2022-05-30 18:15:24.916
21990232556274|5497558139120|0.19465491474203145|2022-05-31 13:10:50.587
15393162789333|1099511628098|0.22650590885083147|2022-05-31 19:11:53.423
4398046511731|7696581394534|0.16863047757558033|2022-06-01 02:31:50.264
13194139533947|12094627905538|0.4270694520668343|2022-06-01 08:36:52.386
6597069766739|12094627905746|0.11406307231704269|2022-06-01 16:24:18.334
19791209300374|8796093022228|0.0820164046580766|2022-06-02 03:10:07.724
21990232556020|10995116277856|0.06383279217141692|2022-06-02 15:38:34.8
21990232555698|3298534883452|0.09040558909132557|2022-06-02 20:23:08.863
17592186045014|2199023255649|0.16965135683487192|2022-06-03 01:15:47.309
24189255811767|6597069766845|0.10149385596404052|2022-06-03 16:30:32.951
21990232556018|6597069766832|0.17045316245837305|2022-06-03 20:37:50.887
19791209300660|9895604650008|0.6188811378613517|2022-06-04 21:21:59.459
426|365|0.014683545532727325|2022-06-04 22:03:27.953
21990232555896|12094627905655|0.008124101232474135|2022-06-05 02:50:35.781
10995116277894|6597069766933|0.2653792201258844|2022-06-05 03:14:02.089
8796093022737|2199023255889|0.19137616834500082|2022-06-05 05:16:00.534
15393162789563|7696581394539|0.1134912194177508|2022-06-05 07:44:17.411
24189255811414|8796093022419|0.023571593240618176|2022-06-05 17:32:30.228
24189255811621|3298534883372|0.32982348234523645|2022-06-06 17:02:19.04
19791209300572|23|0.10104163890402892|2022-06-07 05:28:01.044
21990232555533|6597069766960|0.5167482150217063|2022-06-07 08:39:35.813
4398046511258|2199023255711|0.04952215058613742|2022-06-07 15:24:10.777
24189255811723|12094627905705|0.06895735183450988|2022-06-08 21:45:46.949
24189255811395|4398046511285|0.04456086890051482|2022-06-09 06:53:42.183
4398046511258|3298534883645|0.10914433578791845|2022-06-09 13:16:18.553
19791209300428|4398046511208|0.05423401196225122|2022-06-09 23:52:43.712
15393162789262|5497558139136|0.04918266091086218|2022-06-10 07:40:23.91
6597069767243|9895604650339|0.07901651198518404|2022-06-10 08:43:40.799
50|12094627905848|0.12344221636258967|2022-06-10 09:32:48.07
6597069766775|10995116278026|0.12305214171544425|2022-06-10 18:04:32.047
13194139533542|10995116278119|0.10349186298075314|2022-06-10 22:03:56.602
13194139533693|6597069766919|0.35736652643398775|2022-06-11 01:13:32.422
17592186045014|9895604650366|0.23922175187255357|2022-06-11 02:39:13.934
32|12094627905797|0.08469100347049209|2022-06-11 08:03:16.733
13194139533686|12094627905818|0.1398069184320218|2022-06-11 13:01:08.521
24189255811368|9895604650255|0.07197415945126612|2022-06-12 00:24:04.98
21990232556151|3298534883391|0.1683362447270418|2022-06-12 03:31:13.538
10995116278493|7696581394631|0.14151504124240777|2022-06-13 01:37:20.036
24189255811260|9895604650324|0.05720654143285908|2022-06-13 16:03:56.526
24189255811394|8796093022228|0.10818738275336809|2022-06-14 05:57:29.821
4398046511663|10995116278069|0.020243463905906377|2022-06-14 16:47:51.316
107|10995116277939|0.10230236733189114|2022-06-14 18:03:40.68
17592186044438|6597069766755|0.07399451005465507|2022-06-15 02:31:33.692
21990232556274|4398046511285|0.1800285626913514|2022-06-15 08:53:15.031
10995116278385|2199023255588|0.3597678098434747|2022-06-15 09:55:32.174
24189255811256|10995116277885|0.215626399717399|2022-06-16 23:00:21.28
10995116278153|365|0.13509454697146916|2022-06-17 03:31:42.859
4398046511208|2199023255835|0.2899343025714993|2022-06-17 06:46:17.685
6597069767083|6597069766933|0.264831676449942|2022-06-17 19:55:54.932
433|8796093022466|0.042489535075269064|2022-06-20 01:30:47.215
21990232556151|6597069766929|0.2722595513571449|2022-06-20 16:35:00.152
10995116277827|4398046511194|0.20268544299203356|2022-06-21 06:14:26.775
10995116278255|12094627905696|0.33947120567668276|2022-06-21 15:39:06.752
21990232555657|6597069766845|0.010338351765428095|2022-06-21 16:33:21.501
24189255811621|8796093022284|0.1035473954884544|2022-06-22 02:57:25.128
17592186045024|12094627905677|0.5556457840052996|2022-06-22 03:15:23.285
8796093022236|3298534883614|0.12774856950664726|2022-06-22 05:33:43.281
24189255811568|2199023255720|0.05088629866242695|2022-06-22 07:34:43.617
17592186044823|9895604650034|0.05242927716677339|2022-06-22 08:07:21.302
4398046511504|7696581394454|0.111085389001249|2022-06-22 12:12:36.298
15393162789144|2199023255568|0.11703537551330304|2022-06-22 12:21:18.472
21990232555772|4398046511137|0.6680758495449663|2022-06-22 13:51:56.225
15393162789580|7696581394469|0.11493511001918766|2022-06-22 23:59:55.31
8796093022370|12094627905713|0.02920764685251822|2022-06-23 03:51:03.643
15393162789600|3298534883474|0.5021044650114619|2022-06-23 04:07:06.902
15393162789615|12094627905818|0.14736633012616623|2022-06-24 15:09:12.515
21990232555584|8796093022528|0.016625453834518696|2022-06-24 16:38:45.971
15393162789154|5497558139205|0.12482078201211484|2022-06-25 02:53:09.598
24189255811394|6597069766906|0.2698806302880876|2022-06-25 04:46:28.992
15393162789657|8796093022276|0.21540071543024084|2022-06-25 19:37:11.999
24189255811609|10995116278134|0.19478486751632676|2022-06-26 13:51:50.734
8796093022827|12094627905722|0.03473733820276095|2022-06-26 18:53:58.2
13194139533907|2199023255944|0.0009222726329281239|2022-06-26 18:54:06.694
19791209300327|2199023255936|0.05874219752661799|2022-06-28 13:52:44.048
15393162789558|5497558139205|0.04138055291563129|2022-06-28 19:32:20.496
17592186044516|1099511627996|0.17408320956640366|2022-06-28 23:39:09.919
24189255811388|5497558139243|0.1460277665325933|2022-06-29 02:56:59.621
24189255811261|5497558139243|0.12160375485052738|2022-06-29 14:20:13.919
13194139534017|2199023255836|0.040200570614850814|2022-06-29 18:24:58.324
24189255811767|3298534883649|0.13375349469054587|2022-07-01 07:42:51.883
19791209300163|9895604650281|0.07735252601456391|2022-07-01 11:44:21.373
19791209300572|351|0.20731186401921992|2022-07-01 21:01:31.786
6597069766803|10995116278035|0.30905955313716704|2022-07-02 09:29:41.033
24189255811460|2199023255811|0.10477677542099285|2022-07-02 21:27:23.373
4398046511588|12094627905713|0.015814704015615223|2022-07-02 22:29:46.912
8796093022714|9895604650151|0.1705547009004885|2022-07-03 07:09:58.796
21990232555890|8796093022294|0.1938889053570153|2022-07-03 07:37:28.552
17592186044694|9895604650034|0.25984207059816417|2022-07-04 21:32:05.353
13194139533843|9895604650281|0.20423946463436887|2022-07-05 02:59:56.245
2199023255998|10995116277886|0.24934491285467167|2022-07-05 04:23:54.552
17592186044694|5497558139102|0.1896539832591917|2022-07-05 15:10:27.347
15393162789098|1099511627947|0.27552681410847946|2022-07-05 22:49:10.266
13194139533380|9895604650339|0.1228532745873213|2022-07-06 00:42:23.898
17592186045013|4398046511309|0.2575935562122923|2022-07-06 00:48:10.171
2199023256185|12094627905592|0.12557772621119148|2022-07-06 03:37:45.841
6597069767393|8796093022242|0.0741244144060986|2022-07-06 06:25:24.008
13194139533398|7696581394807|0.024841455551655223|2022-07-06 13:01:40.776
10995116278385|12094627905679|0.0926992689722652|2022-07-07 09:14:21.435
6597069767234|13194139533407|0.11642755695944779|2022-07-07 18:19:16.525
21990232555896|10995116277957|0.1356975688211208|2022-07-08 07:50:50.512
6597069767300|6597069767042|0.010740996410450369|2022-07-08 09:05:13.666
15393162788925|3298534883369|0.17639320133480646|2022-07-08 10:26:01.06
8796093022482|12094627905784|0.003098196661867294|2022-07-09 20:08:11.962
6597069767131|7696581394831|0.16292685106102006|2022-07-09 22:20:54.216
6597069767003|7696581394454|0.11304335311209644|2022-07-09 22:30:39.57
24189255811565|9895604650339|0.06883980380124526|2022-07-10 01:57:56.417
10995116277957|12094627905848|0.5866951401964363|2022-07-10 04:47:12.634
17592186044664|10995116278012|0.1411443082211572|2022-07-10 06:39:45.065
19791209300495|1099511627789|0.3693395930977233|2022-07-10 08:05:22.507
24189255811609|7696581394631|0.09939703420111307|2022-07-10 10:21:46.174
21990232555584|8796093022228|0.10174476193888565|2022-07-10 13:32:54.224
21990232555909|7696581394549|0.20780790985438424|2022-07-10 13:36:06.501
4398046511724|12094627905784|0.04622862577066102|2022-07-10 16:30:30.884
24189255811395|1099511627847|0.07945325744331441|2022-07-10 23:40:55.445
13194139533350|5497558139123|0.15516531474378453|2022-07-10 23:58:58.597
630|5497558139103|0.08336793249541109|2022-07-11 00:39:50.249
24189255811232|7696581394831|0.12823218634355213|2022-07-11 14:40:21.884
21990232556205|2199023255836|0.14022537667417656|2022-07-11 17:21:20.829
13194139534056|1099511627828|0.08368717062176188|2022-07-11 19:15:19.14
2199023256248|12094627905851|0.4433049166218779|2022-07-11 20:54:41.248
13194139534054|9895604650302|0.1903334626164999|2022-07-11 21:23:53.023
10995116278346|5497558139136|0.201148179190916|2022-07-13 19:23:29.124
10995116278271|4398046511495|0.30082607922330334|2022-07-14 06:58:09.429
8796093022481|12094627905692|0.04188064959749036|2022-07-14 09:37:11.741
24189255811183|6597069766864|0.17894126073454342|2022-07-14 11:35:09.632
13194139534056|12094627905710|0.05655725530222533|2022-07-14 13:53:59.564
4398046511663|353|0.07995273354672025|2022-07-14 19:12:45.901
15393162789590|13194139533631|0.37231899120455864|2022-07-14 23:10:38.916
19791209300622|5497558139102|0.21653892639931357|2022-07-15 08:38:27.655
24189255811533|43|0.13802808955330317|2022-07-15 14:07:12.902
21990232556298|5497558138885|0.06515467634421677|2022-07-15 14:55:03.477
21990232555772|5497558139265|0.13366695588756156|2022-07-15 16:30:58.346
2199023255955|7696581394549|0.0017767839099343092|2022-07-15 18:55:52.974
2199023255599|13194139533631|0.017810993666342347|2022-07-15 22:52:00.764
17592186044455|7696581394552|0.21570546619614356|2022-07-17 00:11:40.365
8796093022734|10995116278052|0.2953364689197321|2022-07-17 15:01:01.449
8796093022585|9895604650186|0.05465736824203766|2022-07-18 10:43:09.406
24189255811083|10995116277960|0.46836152383251767|2022-07-19 08:46:44.253
8796093022737|5497558139243|0.06626839130563357|2022-07-19 13:45:05.297
13194139533475|12094627905722|0.29427232212562315|2022-07-20 02:33:25.758
372|12094627905864|0.3506701214794895|2022-07-20 12:49:48.473
13194139533398|7696581394622|0.38549098361921225|2022-07-20 21:50:38.57
17592186044645|8796093022564|0.07920569086582246|2022-07-21 01:56:43.181
19791209300513|8796093022466|0.06677288036907222|2022-07-21 15:11:04.866
8796093022813|5497558139219|0.22880544189189073|2022-07-21 19:14:56.333
32|2199023255566|0.26715706608402073|2022-07-22 03:48:51.735
13194139533370|8796093022510|0.10585758684522992|2022-07-22 08:54:37.975
21990232555698|1099511627905|0.2206395430151274|2022-07-22 12:19:34.649
21990232555725|4398046511192|0.186224927039119|2022-07-22 12:55:47.788
24189255811106|6597069766933|0.23729667171118093|2022-07-22 21:53:42.991
6597069766822|2199023255710|0.5659317520987117|2022-07-23 00:57:04.316
19791209300660|3298534883658|0.06493055065420256|2022-07-23 04:00:13.107
15393162789580|178|0.15798739343439566|2022-07-23 13:28:15.468
21990232555796|3298534883537|0.002068208659467658|2022-07-23 14:25:42.469
8796093022354|8796093022294|0.07928368191072489|2022-07-24 05:23:19.023
13194139533398|8796093022532|0.09177534971762931|2022-07-24 08:00:17.94
19791209300634|2199023255637|0.7139482868803203|2022-07-24 11:04:16.168
19791209300745|10995116277874|0.07010098986028189|2022-07-24 14:20:25.406
26388279066810|3298534883405|0.5571009804478954|2022-07-24 15:03:51.262
24|1099511627969|0.22050006098469804|2022-07-25 01:07:50.057
15393162789579|12094627905646|0.16007596168157529|2022-07-25 03:00:47.337
10995116278277|5497558139123|0.19379411989637427|2022-07-25 13:37:36.08
21990232556018|6597069766929|0.0024766294587113213|2022-07-25 15:52:53.166
26388279066709|8796093022510|0.1314813541946152|2022-07-25 23:13:22.179
420|12094627905750|0.2328098700882629|2022-07-26 22:56:17.769
17592186044853|6597069766898|0.20956726991831695|2022-07-26 23:38:42.722
21990232556159|5497558139067|0.3090107831112479|2022-07-27 08:24:41.154
19791209300634|9895604650341|0.16583096556633395|2022-07-27 09:59:20.318
2199023256011|1099511627847|0.16325899653795778|2022-07-28 00:54:43.772
2199023256258|8796093022339|0.10690920369544357|2022-07-28 02:31:40.099
26388279066866|10995116278012|0.15089411907403721|2022-07-28 06:27:26.778
19791209300350|3298534883436|0.1420262283190356|2022-07-29 05:14:04.218
19791209300393|12094627905696|0.5707574640375639|2022-07-29 05:35:02.837
4398046511226|10995116277790|0.1340236804362496|2022-07-29 08:05:32.835
13194139533348|1099511628134|0.09187764056690842|2022-07-29 08:48:09.098
10995116278346|12094627905592|0.09760167141847642|2022-07-30 10:02:01.587
10995116278165|2199023255566|0.0889535177779651|2022-07-30 11:51:15.275
19791209300685|1099511627831|0.11458351064289375|2022-07-30 12:47:00.725
15393162789333|1099511628134|0.16052984307376214|2022-07-30 23:46:13.738
21990232555685|12094627905903|0.09952810233480561|2022-08-01 02:37:50.827
24189255811445|336|0.07136815367174446|2022-08-01 08:01:33.808
15393162789080|5497558139067|0.24267904124022807|2022-08-01 12:31:52.185
21990232555772|4398046511456|0.30364459810199484|2022-08-01 13:44:56.829
2199023256210|3298534883451|0.007308233090811409|2022-08-01 15:02:53.58
6597069767219|7696581394807|0.14626348249410645|2022-08-02 01:27:46.822
24189255811824|8796093022510|0.23548037792357146|2022-08-02 04:26:45.534
15393162789154|5497558139019|0.018795808496496577|2022-08-02 05:41:08.497
24189255811260|7696581394552|0.03549667782000615|2022-08-02 18:13:28.578
8796093022693|13194139533597|0.19253640217088402|2022-08-02 21:40:27.886
21990232556108|4398046511433|0.05559601927818231|2022-08-03 12:51:33.206
2199023255700|5497558138929|0.1841383671344396|2022-08-03 14:57:40.669
26388279066681|7696581394807|0.10156247252985713|2022-08-03 23:38:18.891
4398046511672|10995116277925|0.4021598808454276|2022-08-04 02:15:51.361
13194139533389|9895604650271|0.1422232180340777|2022-08-04 13:52:35.676
6597069767003|7696581394565|0.06211913877281198|2022-08-04 14:22:50.845
2199023255866|1099511628070|0.12143981879028311|2022-08-04 19:47:52.273
15393162789129|12094627905903|0.08260693505023319|2022-08-05 00:13:57.944
15393162789129|7696581394539|0.0848670519834696|2022-08-05 01:44:24.061
21990232555900|12094627905787|0.21062538577221537|2022-08-05 05:04:26.383
8796093022410|4398046511157|0.19588633794852378|2022-08-05 08:51:46.125
26388279066933|7696581394653|0.3017137939629341|2022-08-07 06:45:08.734
13194139533750|12094627905592|0.06849824184866336|2022-08-07 21:28:50.133
24189255811333|12094627905553|0.007849548989244374|2022-08-07 23:30:47.58
24189255811368|6597069766919|0.08788186331504934|2022-08-08 09:52:50.757
6597069766822|10995116277977|0.2545951146881589|2022-08-08 10:18:00
19791209300630|10995116278128|0.3252638126335481|2022-08-08 15:05:21.105
2199023255992|7696581394748|0.09603934727044157|2022-08-08 17:24:04.545
4398046511208|2199023255836|0.2043631795895676|2022-08-08 17:29:45.064
24189255811812|12094627905784|0.2507412017897344|2022-08-08 21:25:45.182
19791209300063|12094627905746|0.056325958270388485|2022-08-09 02:31:21.441
13194139533556|2199023255597|0.38521172070266096|2022-08-09 04:21:04.921
26388279066759|8796093022473|0.09665710366454322|2022-08-09 06:08:55.179
24189255811125|314|0.0755019656211785|2022-08-09 19:29:51.098
17592186045172|10995116277768|0.22030023954384406|2022-08-09 22:12:16.75
580|8796093022339|0.09054848606842476|2022-08-09 22:41:15.808
632|10995116277847|0.31065252126960813|2022-08-10 00:39:33.22
6597069766820|1099511627828|0.2829301839565855|2022-08-10 04:03:06.572
6597069767178|5497558139179|0.1577543259831713|2022-08-10 11:43:49.34
24189255811395|2199023255941|0.18554156857842594|2022-08-11 05:13:43.499
26388279066810|6597069766826|0.12391626703491858|2022-08-11 05:46:56.709
8796093022352|7696581394565|0.011058025065911907|2022-08-11 08:44:11.527
21990232555688|4398046511285|0.12554962175787365|2022-08-12 08:51:54.119
8796093022482|3298534883597|0.2150212641156264|2022-08-12 13:29:01.988
13194139534019|3298534883597|0.11589996490946461|2022-08-12 17:02:32.788
26388279067078|365|0.11901619701439854|2022-08-13 05:48:09.136
26388279067078|1099511627834|0.18422995773061393|2022-08-13 13:31:31.783
24189255811588|3298534883537|0.2760708071145596|2022-08-13 15:12:53.413
17592186044882|12094627905617|0.20956645070516344|2022-08-15 04:54:22.761
4398046511407|8796093022284|0.12300982966402747|2022-08-15 21:27:11.263
21990232556316|6597069766902|0.19622680547362018|2022-08-16 05:50:55.479
15393162789021|12094627905834|0.09717774649704386|2022-08-17 03:53:16.298
24189255811204|4398046511210|0.10716861921810834|2022-08-17 07:48:50.979
21990232556067|4398046511371|0.638015358092135|2022-08-17 11:30:22.307
21990232556159|4398046511337|0.24645847121175696|2022-08-17 18:01:06.648
24189255811396|13194139533602|0.04389508881163346|2022-08-17 18:48:34.216
4398046511725|8796093022381|0.06535644891399454|2022-08-17 21:01:28.389
13194139533901|192|0.06908019126560856|2022-08-18 14:54:13.915
21990232556070|1099511627835|0.06547200171146056|2022-08-18 16:41:42.168
10995116278204|9895604650136|0.08931884252340849|2022-08-18 17:24:28.641
24189255811621|7696581394479|0.13492755708765874|2022-08-19 08:47:22.037
10995116278271|10995116278128|0.12937834208557802|2022-08-19 13:56:40.545
21990232555890|365|0.0381505191017362|2022-08-19 20:25:16.715
32|9895604650324|0.1895362187236237|2022-08-19 23:17:20.002
26388279066737|2199023255568|0.13605292135036826|2022-08-20 04:26:50.582
13194139533765|8796093022284|0.017623522410499044|2022-08-20 18:12:31.686
26388279066759|10995116277847|0.24997861121388984|2022-08-20 22:37:54.514
17592186044998|13194139533384|0.18725029708875648|2022-08-21 07:22:22.455
8796093022370|12094627905750|0.28256709548854303|2022-08-21 13:36:34.829
26388279067009|1099511627870|0.2931256101341951|2022-08-21 15:38:49.203
19791209300393|4398046511482|0.20650088234220437|2022-08-21 15:45:39.587
21990232555698|10995116277977|0.2742175127869163|2022-08-22 01:07:28.341
24189255811870|314|0.0754267027574943|2022-08-22 12:42:32.664
24189255811770|9895604650339|0.11642518113618996|2022-08-22 20:33:36.213
13194139534059|1099511627887|0.2519561036964222|2022-08-23 01:26:41.482
51|9895604650180|0.2843011012257301|2022-08-23 07:05:59.831
4398046511760|13194139533386|0.011562148213624859|2022-08-23 09:22:21.383
15393162789344|6597069766916|0.23185083192216221|2022-08-23 11:17:26.25
13194139533750|12094627905692|0.09362537099361912|2022-08-23 22:31:06.114
8796093022629|13194139533597|0.20126308859341654|2022-08-24 10:25:09.143
26388279066716|344|0.013529799967462402|2022-08-24 10:50:35.247
19791209300659|13194139533384|0.10164352581516896|2022-08-24 13:16:55.882
8796093022236|13194139533386|0.003971140062746029|2022-08-24 16:43:17.415
6597069767060|10995116278052|0.2969539680842004|2022-08-25 17:54:20.576
24189255811695|5497558139096|0.16574163498806707|2022-08-26 17:31:26.472
15393162788906|2199023255833|0.18465531950731964|2022-08-27 04:23:14.546
6597069767294|7696581394539|0.06367722856554513|2022-08-27 05:14:31.499
26388279067138|10995116278012|0.17770323177712857|2022-08-27 07:25:28.905
19791209300495|3298534883391|0.11513920350439794|2022-08-27 11:03:30.946
19791209300726|7696581394775|0.07900439292171188|2022-08-27 13:59:18.314
8796093022410|1099511627856|0.5579939092509654|2022-08-27 23:05:55.834
24189255811368|5497558138886|0.01993388306642728|2022-08-28 14:14:07.259
17592186044959|3298534883537|0.1312951912996246|2022-08-28 15:52:27.125
2199023256119|8796093022516|0.37512370091643993|2022-08-28 20:44:48.617
21990232556067|257|0.06945982652308165|2022-08-28 20:47:09.489
26388279067127|6597069766864|0.06489256174416319|2022-08-29 07:35:52.058
24189255811723|8796093022510|0.08735506306092625|2022-08-29 12:59:06.895
17592186044714|5497558139103|0.11196847294934671|2022-08-29 14:38:08.285
21990232555616|12094627905750|0.18927203521329528|2022-08-29 19:40:51.508
21990232556274|5497558139096|0.2226352929751247|2022-08-29 19:51:25.923
21990232555831|8796093022211|0.17570713988716438|2022-08-30 08:38:34.008
24189255811527|2199023255811|0.17334135406763299|2022-08-30 11:20:53.525
8796093022747|10995116277986|0.42365483878630883|2022-08-30 13:45:29.073
26388279067009|1099511627835|0.1933815294000442|2022-08-30 16:59:37.756
24189255811695|2199023255637|0.09994048242577824|2022-08-30 21:20:10.782
24189255811414|7696581394653|0.2236921519903375|2022-08-31 04:30:07.239
24189255811464|13194139533510|0.4478363827330001|2022-08-31 04:40:10.404
13194139533432|4398046511219|0.1715748426748743|2022-08-31 10:37:59.881
4398046511308|10995116277886|0.24512825129688537|2022-08-31 13:20:20.724
26388279067041|7696581394815|0.02875723653137016|2022-08-31 15:31:33.926
2199023256301|5497558139265|0.1886367997172215|2022-08-31 16:05:09.36
4398046511226|8796093022320|0.023272840870697857|2022-08-31 22:43:14.266
19791209300726|9895604650034|0.10508574706119624|2022-08-31 23:53:34.37
4398046511518|2199023255944|0.21482418048929244|2022-09-01 01:44:08.086
17592186045162|9895604650059|0.22867692442500856|2022-09-01 14:59:48.827
675|7696581394631|0.005967440771223453|2022-09-01 23:57:19.468
8796093022481|351|0.15165520562365045|2022-09-02 22:03:52.344
6597069767178|2199023255941|0.02295459688876899|2022-09-02 22:09:08.086
13194139533475|351|0.11706592299722852|2022-09-03 02:16:16.09
26388279067181|6597069766681|0.23895593536583817|2022-09-03 05:16:59.701
15393162789420|9895604650141|0.13836624007609818|2022-09-03 10:18:06.496
19791209300337|12094627905931|0.1571428008057315|2022-09-03 11:06:47.051
26388279067233|100|0.4726955727873108|2022-09-03 19:04:04.305
13194139534015|8796093022473|0.08375716407463482|2022-09-04 06:06:11.712
648|12094627905818|0.13903764964754706|2022-09-04 09:37:27.043
13194139534059|9895604650315|0.09598117812038759|2022-09-04 10:15:11.926
10995116278168|10995116278119|0.09062925178680582|2022-09-04 15:27:48.163
2199023256309|12094627905834|0.0956302584235358|2022-09-04 23:11:31.167
4398046511249|1099511628148|0.13745389297468957|2022-09-05 03:21:52.892
15393162789544|12094627905784|0.02401101440137853|2022-09-05 21:28:02.805
13194139534039|13194139533602|0.09359311843057566|2022-09-06 00:18:50.189
24189255811533|2199023255649|0.1921098229201497|2022-09-06 03:58:31.2
10995116277894|2199023255889|0.16817458078599914|2022-09-06 09:36:33.541
8796093022417|13194139533588|0.14776076535706245|2022-09-06 13:42:38.641
21990232555743|13194139533384|0.11826289092790117|2022-09-06 17:47:45.964
24189255811609|353|0.10160230824101331|2022-09-06 18:37:02.838
4398046511412|4398046511164|0.21267743610761403|2022-09-06 19:55:28.384
17592186044645|4398046511111|0.1834528637413444|2022-09-07 03:29:32.228
19791209300330|7696581394469|0.09341350315182055|2022-09-07 20:56:26.125
24189255811395|3298534883451|0.04643811276154876|2022-09-08 02:29:49.793
2199023256252|6597069767004|0.23719678227739727|2022-09-08 07:38:08.006
26388279067041|13194139533495|0.11803677545433934|2022-09-08 12:01:55.792
21990232555660|13194139533631|0.05716157960339064|2022-09-08 20:38:10.524
26388279066799|12094627905903|0.11904724907977839|2022-09-08 23:15:01.406
17592186044455|6597069766832|0.09963387395669605|2022-09-09 01:33:58.807
4398046511696|5497558139226|0.10554602052763433|2022-09-09 14:39:45.214
6597069767021|9895604650141|0.2953314791750193|2022-09-09 16:19:04.494
2199023256248|7696581394807|0.10523032285769526|2022-09-10 05:27:34.839
2199023255790|13194139533459|0.09966216669024151|2022-09-10 05:56:30.184
26388279067086|351|0.14460288183400336|2022-09-10 06:28:53.831
24189255811683|13194139533312|0.15717616012452668|2022-09-10 08:51:35.522
26388279067387|10995116277856|0.0648690771344881|2022-09-11 01:10:30.582
15393162789590|6597069766723|0.15068907086197028|2022-09-11 01:38:13.613
24189255811368|7696581394572|0.13615763381738458|2022-09-11 04:18:53.852
6597069767003|13194139533466|0.14011180548224897|2022-09-11 04:31:16.031
26388279067075|12094627905617|0.07705023169172356|2022-09-11 06:34:35.755
6597069767446|8796093022419|0.16469419236671373|2022-09-11 15:49:22.573
13194139533676|3298534883436|0.18723174467638917|2022-09-11 19:47:27.869
24189255811445|13194139533466|0.11442205715446886|2022-09-11 23:42:50.568
6597069766721|13194139533625|0.12983260287297838|2022-09-12 06:45:46.468
10995116278188|13194139533430|0.12891684464660463|2022-09-12 13:46:58.158
4398046511733|1099511627996|0.11477738594137533|2022-09-12 16:09:29.724
8796093022585|8796093022277|0.27542988817181846|2022-09-12 16:50:06.807
13194139533549|2199023255568|0.1619513910527786|2022-09-12 19:13:43.307
26388279067335|9895604650339|0.08448807208845485|2022-09-12 20:16:57.808
21990232556159|5497558139186|0.31294034708081975|2022-09-13 04:24:11.414
6597069766739|12094627905553|0.023978160999585368|2022-09-13 07:13:16.463
8796093022940|10995116278069|0.10855499990494716|2022-09-13 13:33:49.094
21990232555772|4398046511115|0.31402921168780085|2022-09-13 18:54:53.747
24189255811683|5497558139120|0.07475923549081795|2022-09-13 23:12:14.498
21990232556265|5497558139136|0.04472684946491894|2022-09-14 01:07:29.668
17592186044615|342|0.12790779542184003|2022-09-14 05:19:47.56
26388279067033|1099511627942|0.1341207867971404|2022-09-14 10:07:33.642
15393162789283|6597069766898|0.07535536804933952|2022-09-14 17:51:39.78
21990232555909|4398046511219|0.2991198307165534|2022-09-14 18:28:09.885
19791209300194|13194139533407|0.2656981820825853|2022-09-14 20:07:40.721
15393162789164|1099511627942|0.36438328600228903|2022-09-15 14:18:00.106
24189255811222|8796093022227|0.027407655763376018|2022-09-15 19:33:59.576
21990232555698|4398046511480|0.21581841798977|2022-09-15 21:58:27.762
26388279067421|6597069766902|0.09669448934702077|2022-09-15 22:37:42.298
4398046511208|12094627905677|0.24196705118778633|2022-09-16 03:14:41.954
431|13194139533386|0.3873914551290531|2022-09-16 12:52:13.255
19791209300691|10995116278052|0.3786451533908818|2022-09-16 16:27:59.79
2199023255866|7696581394560|0.21721044024611247|2022-09-16 21:15:15.308
26388279066796|3298534883372|0.2850567492047719|2022-09-17 11:21:15.715
26388279067138|13194139533617|0.27007472719385645|2022-09-17 12:18:10.712
6597069767060|12094627905710|0.19796595316241652|2022-09-17 14:44:17.098
19791209300238|2199023255702|0.12563524348697994|2022-09-18 07:23:57.252
26388279067231|10995116277885|0.08869531540229383|2022-09-18 12:08:18.129
19791209300727|5497558139019|0.45161353878881816|2022-09-18 15:01:16.479
19791209300495|14293651161191|0.08013425210516707|2022-09-18 19:18:59.552
19791209300285|6597069766826|0.3353136158476413|2022-09-19 04:41:45.74
15393162789417|13194139533597|0.035124710413117446|2022-09-19 11:19:05.419
24189255811565|2199023255588|0.17519381190199987|2022-09-19 17:35:31.834
24189255811554|7696581394711|0.17502815691175558|2022-09-20 02:17:05.66
26388279066681|4398046511433|0.09997595789795075|2022-09-20 19:37:53.722
19791209300238|13194139533312|0.2210405769624077|2022-09-20 22:24:30.184
8796093022737|8796093022370|0.6781366960431467|2022-09-21 17:37:12.998
4398046511629|9895604650105|0.20381765934050683|2022-09-21 23:24:15.344
13194139533556|13194139533446|0.15786572471156365|2022-09-22 16:11:10.915
10995116278271|9895604650186|0.20805462110499937|2022-09-22 17:29:53.476
10995116278230|6597069766898|0.022367351817645556|2022-09-22 18:37:08.317
19791209300532|5497558139019|0.013367915629604613|2022-09-22 20:34:17.337
13194139533350|336|0.18304630037168157|2022-09-23 05:37:26.247
26388279067041|178|0.03638545788141113|2022-09-23 21:54:57.518
26388279067293|2199023255912|0.08784877380400835|2022-09-24 06:05:30.505
13194139533542|12094627905646|0.1491525600341343|2022-09-24 07:44:58.232
19791209300337|13194139533430|0.032795593934460715|2022-09-24 08:42:29.886
15393162789129|13194139533617|0.143208665430417|2022-09-25 15:16:52.833
6597069767300|14293651161252|0.261206131426049|2022-09-25 16:22:58.128
26388279067233|5497558139028|0.19247357855381356|2022-09-26 08:28:59.057
8796093022587|13194139533439|0.19604754108860623|2022-09-26 12:13:25.317
26388279066950|1099511627838|0.04163880802511188|2022-09-26 23:41:23.255
26388279067423|3298534883393|0.12268861693848028|2022-09-26 23:42:55.107
4398046511629|9895604650180|0.3279767935188278|2022-09-27 04:23:05.694
17592186045087|5497558139123|0.11378193569771874|2022-09-27 08:33:13.921
26388279066851|3298534883451|0.2889782496334534|2022-09-27 08:45:09.812
21990232555616|13194139533602|0.16437180089059716|2022-09-27 11:16:23.385
24189255811527|2199023255711|0.08237359388960348|2022-09-27 19:06:52.511
15393162789617|8796093022439|0.20434370651425496|2022-09-28 00:19:33.806
21990232555996|4398046511480|0.054011202603708494|2022-09-28 14:14:05.586
24189255811824|7696581394711|0.10214093697974883|2022-09-28 16:00:20.668
4398046511274|3298534883436|0.07336427147744963|2022-09-28 17:04:42.466
8796093022729|7696581394436|0.08242946305767922|2022-09-28 20:09:38.369
2199023255803|8796093022248|0.12469980145028008|2022-09-29 01:23:43.381
24189255811232|7696581394479|0.16582821146611745|2022-09-29 09:53:51.304
19791209300330|13194139533466|0.05740623409421272|2022-09-29 12:38:01.772
28587302322855|5497558139136|0.16804972237729726|2022-09-29 14:09:55.177
24189255811812|1099511627870|0.049630434714682266|2022-09-29 16:05:52.021
4398046511208|14293651161191|0.16332916299521194|2022-09-29 20:36:52.97
15393162789420|393|0.09926283792203838|2022-09-30 04:36:19.448
24189255811204|6597069766755|0.09481563891414097|2022-09-30 05:00:08.645
4398046511518|12094627905818|0.10090342078444256|2022-09-30 09:18:24.965
24189255811395|5497558139179|0.2146898670999512|2022-09-30 13:29:31.349
10995116278153|3298534883391|0.08310071009973084|2022-09-30 13:44:25.569
19791209300745|8796093022284|0.03911636698428217|2022-09-30 14:36:46.149
15393162789261|13194139533312|0.09719613627552519|2022-09-30 16:17:37.844
6597069767300|13194139533567|0.1761524939774841|2022-09-30 18:03:34.456
24189255811177|5497558139028|0.04124403051636539|2022-09-30 18:39:41.723
28587302322699|6597069766916|0.1742200009460534|2022-09-30 19:08:24.156
8796093022309|12094627905903|0.15526725012647768|2022-09-30 21:00:26.115
26388279066752|5497558139205|0.03867096563174298|2022-09-30 21:57:49.779
19791209300707|2199023255597|0.3535668073436339|2022-10-01 01:04:15.745
2199023255783|9895604650324|0.060745089001264685|2022-10-01 02:50:34.358
4398046511722|336|0.3081819701398416|2022-10-01 03:34:27.815
10995116278101|13194139533510|0.33965068511690905|2022-10-01 04:39:41.462
4398046511504|10995116278012|0.19240996889887074|2022-10-01 06:29:34.048
41|10995116278012|0.10351449876391709|2022-10-01 07:56:52.545
8796093022359|13194139533439|0.22167448427557168|2022-10-01 16:05:00.08
21990232555647|13194139533631|0.25151241802569174|2022-10-02 03:12:16.409
6597069766687|9895604650082|0.1620693786475407|2022-10-02 04:15:24.751
2199023255560|12094627905722|0.07187050893058529|2022-10-02 05:40:06.462
24189255811576|8796093022284|0.14740882382658407|2022-10-02 13:00:07.589
19791209300175|314|0.1692895070841446|2022-10-03 06:13:01.546
21990232555932|4398046511208|0.2896535600411704|2022-10-03 12:11:33.281
24189255811101|3298534883658|0.09101443791650057|2022-10-03 17:28:28.238
499|13194139533384|0.07443725343993828|2022-10-04 10:57:38.686
580|12094627905834|0.08539145063349007|2022-10-04 20:18:15.611
15393162789298|8796093022588|0.1595635017251892|2022-10-04 20:31:59.824
24189255811554|192|0.7005171922890752|2022-10-05 03:06:34.066
8796093023003|13194139533678|0.2116408159726342|2022-10-05 03:53:02.042
13194139533389|10995116277939|0.05534961036628551|2022-10-05 04:11:28.029
2199023256040|7696581394711|0.14469032213709662|2022-10-05 04:41:31.567
26388279067144|8796093022466|0.1853291983320651|2022-10-05 10:49:09.926
307|9895604650238|0.03613932660642697|2022-10-05 10:49:42.609
646|6597069766845|0.0943718556198432|2022-10-05 15:11:27.658
8796093022729|12094627905834|0.0888642101306805|2022-10-05 17:40:08.434
10995116278549|6597069766933|0.09469219519777497|2022-10-05 19:04:14.162
8796093022410|12094627905797|0.4912204621529628|2022-10-06 01:32:07.605
13194139533686|8796093022284|0.15349441265403524|2022-10-06 02:01:55.498
769|12094627905746|0.13760580382068224|2022-10-06 04:23:03.619
21990232555647|12094627905818|0.1280695168063091|2022-10-06 09:58:37.017
10995116277985|12094627905646|0.09636510381752532|2022-10-06 18:10:21.256
21990232556287|12094627905931|0.3599483157014299|2022-10-06 21:52:24.597
10995116278540|13194139533597|0.18588279680436887|2022-10-07 01:59:58.918
26388279067293|1099511627995|0.27318540950709863|2022-10-07 12:55:13.554
10995116278153|1099511628098|0.2335519352022012|2022-10-07 17:28:21.213
21990232555541|5497558139096|0.16305278984371135|2022-10-08 11:46:33.847
13194139533750|10995116278134|0.06237498329573536|2022-10-08 13:35:32.703
28587302322685|8796093022598|0.06783070522124007|2022-10-08 14:06:03.196
21990232555657|9895604650238|0.08156014126644298|2022-10-09 00:16:43.327
26388279067010|6597069766819|0.07136869119980506|2022-10-09 14:36:28.16
26388279066950|3298534883512|0.08948200834821542|2022-10-09 21:21:28.022
19791209300337|2199023255835|0.14759507133602717|2022-10-09 23:07:58.966
6597069766877|8796093022248|0.06122133548531746|2022-10-10 00:53:34.319
19791209300685|9895604650262|0.4773492708372345|2022-10-10 10:04:17.343
2199023255682|12094627905553|0.14432995658003875|2022-10-10 11:01:51.173
4398046511890|12094627905713|0.08354227355479907|2022-10-10 11:45:37.856
21990232555725|7696581394807|0.08266317485202813|2022-10-10 17:22:13.362
24189255811609|8796093022439|0.016282948405968285|2022-10-10 17:56:03.278
21990232555932|4398046511192|0.37838919396652626|2022-10-11 00:20:48.12
21990232556261|14293651161191|0.10796681547858793|2022-10-11 02:45:52.142
2199023256249|10995116278035|0.1837825429623485|2022-10-11 10:46:05.171
19791209300285|13194139533602|0.18098021042023824|2022-10-11 18:37:18.82
21990232555848|8796093022528|0.2608942044882482|2022-10-11 21:11:25.619
26388279067160|6597069766864|0.14605730730960867|2022-10-11 22:53:21.692
10995116277957|3298534883678|0.3436235726692121|2022-10-12 00:35:28.272
21990232555725|14293651161116|0.1805996846466741|2022-10-12 07:01:44.558
4398046511890|14293651161270|0.02760891455737102|2022-10-12 09:54:45.268
10995116278255|6597069766906|0.16587961782572458|2022-10-12 14:04:28.914
13194139534021|14293651161127|0.374449148607651|2022-10-12 21:52:13.859
26388279066958|4398046511285|0.22556094530878085|2022-10-13 03:52:20.965
28587302322247|3298534883523|0.28286672501539073|2022-10-13 06:21:41.705
6597069767294|12094627905713|0.1556636394226884|2022-10-13 20:14:34.626
6597069766775|13194139533495|0.0399224081841014|2022-10-13 23:12:53.348
15393162789333|9895604650302|0.17575996325214926|2022-10-14 06:02:09.304
32|10995116277957|0.15597630675905483|2022-10-14 10:38:24.699
6597069766803|3298534883393|0.19317901294014864|2022-10-14 15:17:51.466
8796093022214|14293651161270|0.15881689535328838|2022-10-14 22:35:40.669
13194139533556|6597069766898|0.1936589376762637|2022-10-16 02:32:25.222
41|13194139533459|0.25050734773047545|2022-10-16 06:06:00.212
19791209300572|12094627905655|0.1334476135923832|2022-10-16 07:39:42.234
15393162789550|13194139533597|0.06428020227003675|2022-10-16 09:13:41.895
28587302322889|7696581394565|0.1012451344743041|2022-10-16 09:24:05.135
19791209300330|4398046511157|0.2665543870382525|2022-10-16 10:21:02.979
19791209300070|14293651161368|0.22965127663512985|2022-10-16 15:28:34.496
13194139534013|3298534883436|0.20637644914177805|2022-10-16 20:42:10.988
19791209300630|5497558138926|0.10758820338677581|2022-10-17 01:04:56.091
24189255811396|12094627905617|0.16165221109915578|2022-10-17 02:11:40.067
4398046511518|13194139533631|0.2366245295326404|2022-10-17 04:56:56.785
24189255811305|5497558138929|0.17901270136926725|2022-10-17 05:46:07.032
19791209300537|12094627905597|0.1020195627033168|2022-10-17 10:58:57.053
15393162789480|1099511628134|0.16899072208285484|2022-10-17 15:19:30.834
26388279066851|237|0.5076137888060944|2022-10-17 16:09:10.158
15393162789511|13194139533625|0.06432759518553356|2022-10-17 16:20:59.302
26388279067234|14293651161252|0.3678165764822374|2022-10-18 03:02:13.188
24189255811214|178|0.14810393103264782|2022-10-18 06:23:32.599
310|12094627905834|0.07203427169037052|2022-10-18 07:28:19.496
17592186044583|13194139533439|0.16010634737104681|2022-10-18 15:06:04.276
21990232555539|2199023255566|0.27870430522776585|2022-10-18 23:20:57.685
28587302322848|6597069766919|0.20676387399444976|2022-10-19 03:50:32.273
8796093022629|13194139533448|0.03227140781137921|2022-10-19 14:13:00.599
6597069766822|12094627905784|0.22362274569138677|2022-10-19 16:29:51.288
6597069766710|13194139533625|0.0087136750234295|2022-10-19 23:10:57.55
13194139533475|9895604650105|0.4344264630157336|2022-10-20 01:41:31.991
17592186044817|1099511627828|0.2736560387907002|2022-10-20 03:51:10.894
26388279067072|9895604650302|0.05491205359826196|2022-10-20 10:41:26.03
26388279067041|3298534883658|0.08456455677917966|2022-10-20 14:23:05.016
8796093022693|12094627905818|0.021273373508947948|2022-10-21 07:50:17.717
26388279066949|14293651161423|0.2103779165718891|2022-10-21 11:34:40.082
26388279066733|6597069766871|0.16138390601199484|2022-10-21 15:46:05.382
8796093022425|8796093022339|0.09791941504391981|2022-10-21 22:39:19.702
24189255811554|2199023255950|0.32338128687081497|2022-10-22 01:04:44.866
19791209300632|2199023255835|0.09010896147737196|2022-10-22 08:27:27.555
21990232555772|14293651161421|0.1868803265240989|2022-10-22 08:32:23.08
15393162789579|342|0.0021505445190854555|2022-10-22 08:47:56.485
8796093022370|7696581394631|0.017526193754888206|2022-10-22 09:23:19.903
17592186044545|12094627905553|0.3255689793868486|2022-10-22 17:31:18.136
4398046511111|14293651161377|0.17144159697480837|2022-10-22 20:41:54.264
26388279067335|3298534883597|0.1483894324776897|2022-10-22 23:46:11.762
6597069767142|13194139533446|0.22786952312645511|2022-10-23 02:30:29.034
4398046511308|13194139533495|0.2365785182245515|2022-10-23 03:25:07.937
6597069766839|14293651161252|0.2630906810592508|2022-10-23 04:21:06.852
26388279067078|14293651161368|0.013470125237781011|2022-10-23 06:17:49.172
4398046511588|12094627905606|0.28151239077463275|2022-10-23 07:32:05.76
26388279067065|2199023255836|0.15061445989653394|2022-10-23 08:33:45.383
8796093022218|1099511628006|0.3101925487170876|2022-10-23 11:50:26.153
26388279066796|7696581394748|0.26637191482475264|2022-10-23 14:26:06.905
646|8796093022466|0.200982518883563|2022-10-24 01:43:02.619
15393162789261|14293651161249|0.12461723964941493|2022-10-24 02:37:50.306
13194139533350|12094627905710|0.1845192649976616|2022-10-24 04:31:41.549
17592186045014|8796093022581|0.07672667635953413|2022-10-24 06:46:37.381
13194139533686|14293651161329|0.15112516117598906|2022-10-24 06:52:52.466
24189255811260|13194139533495|0.21498872247754824|2022-10-24 13:18:19.957
50|13194139533635|0.15873670178392207|2022-10-24 13:51:15.656
26388279066852|64|0.16394070175381156|2022-10-25 02:15:06.442
21990232556020|5497558139109|0.7709883398470737|2022-10-25 06:45:53.406
17592186044455|4398046511125|0.004571609201044063|2022-10-25 11:04:39.672
13194139534054|6597069767042|0.25844509885550543|2022-10-25 12:03:11.517
21990232555601|14293651161191|0.010769344827261308|2022-10-25 18:26:54.39
24189255811824|2199023255940|0.33643845361831565|2022-10-26 04:47:58.755
4398046511741|13194139533588|0.1227608745843072|2022-10-26 20:02:58.173
17592186044486|10995116277874|0.128573697279885|2022-10-27 07:48:41.454
729|93|0.18102563428849736|2022-10-27 12:43:02.528
173|12094627905903|0.03907108604992731|2022-10-28 07:53:23.931
28587302322505|3298534883523|0.3050673154958306|2022-10-28 18:23:23.142
17592186044622|13194139533646|0.16981293394008876|2022-10-29 00:49:53.506
6597069766687|6597069766809|0.2085650925675603|2022-10-29 01:04:00.999
17592186044592|2199023255936|0.15105672168119313|2022-10-29 03:51:12.449
21990232556135|4398046511480|0.1663770200560587|2022-10-29 05:21:05.027
28587302322459|1099511627996|0.05379264565935673|2022-10-29 07:34:50.115
24189255811106|1099511627834|0.03948809601106871|2022-10-29 08:11:41.281
2199023256210|12094627905597|0.04327962365880313|2022-10-29 17:43:17.004
24189255811530|13194139533625|0.16755394145932814|2022-10-29 18:12:19.499
17592186044575|12094627905722|0.018484094718233996|2022-10-29 20:32:33.373
2199023255560|8796093022598|0.11177043500329086|2022-10-29 20:59:57.978
26388279067138|4398046511456|0.11893499074244421|2022-10-29 23:07:56.169
8796093022225|64|0.19933608713391696|2022-10-30 00:39:31.529
15393162789200|10995116277886|0.0019843130306180534|2022-10-30 12:07:39.212
4398046511116|9895604650272|0.20084855349955352|2022-10-30 13:54:50.38
24189255811824|4398046511480|0.06337610510676475|2022-10-30 19:14:40.03
15393162789558|7696581394479|0.09892442616287944|2022-10-30 22:18:50.974
8796093022346|12094627905705|0.17196156897938256|2022-10-31 16:58:39.462
15393162789617|6597069766871|0.21623129753616874|2022-10-31 17:19:42.891
26388279066958|10995116277885|0.09990449125582755|2022-10-31 18:26:08.041
17592186045162|12094627905746|0.07140084041078448|2022-11-01 04:17:41.157
6597069766839|9895604650141|0.22268413409300927|2022-11-01 04:29:33.61
28587302322275|14293651161450|0.13183921505031632|2022-11-01 05:16:00.814
6597069767178|14293651161423|0.038411991323156786|2022-11-01 12:17:53.268
24189255811170|2199023255941|0.17163971963692884|2022-11-01 12:39:00.985
19791209300285|7696581394534|0.009905147767943745|2022-11-01 15:00:27.497
26388279067086|2199023255777|0.04775131887228973|2022-11-01 18:25:14.371
2199023256114|14293651161270|0.21264561098349474|2022-11-02 01:06:28.154
17592186044935|14293651161116|0.17621755636655592|2022-11-02 05:20:23.874
13194139533522|10995116277885|0.1456561542606351|2022-11-02 06:11:17.39
187|342|0.032196766012746125|2022-11-02 08:08:16.309
26388279066886|7696581394467|0.10003007144223787|2022-11-02 09:03:04.078
8796093022820|14293651161329|0.2106071210563491|2022-11-02 10:03:37.72
19791209300657|12094627905722|0.27139017568555623|2022-11-02 16:13:53.384
10995116278230|8796093022588|0.04313612795542633|2022-11-02 19:31:18.17
6597069766712|12094627905553|0.009210607987278923|2022-11-03 09:42:56.617
24189255811283|8796093022248|0.20514540687503166|2022-11-03 18:35:45.744
15393162788925|14293651161329|0.15903262869675186|2022-11-03 19:11:32.101
6597069767130|14293651161450|0.2333039537849838|2022-11-03 23:28:46.023
17592186044694|2199023255649|0.12523497018721377|2022-11-04 14:46:57.641
10995116277974|5497558139120|0.12392104198109453|2022-11-04 17:53:56.81
6597069767300|13194139533646|0.12293657254071072|2022-11-04 21:40:14.533
24189255811232|7696581394711|0.08310101454767783|2022-11-05 00:01:07.497
310|13194139533312|0.008225804154502511|2022-11-05 00:24:50.208
28587302322275|6597069766819|0.1275553193903487|2022-11-05 01:17:41.505
2199023256262|2199023255649|0.027734705771149427|2022-11-05 05:53:04.495
17592186044488|6597069767042|0.08537791093756818|2022-11-05 08:50:11.793
2199023255836|2199023255720|0.2973459857193873|2022-11-05 20:10:56.588
4398046511741|13194139533466|0.0704376679408453|2022-11-05 21:18:48.682
26388279067033|5497558138929|0.035294084164853384|2022-11-06 12:24:47.108
26388279066730|2199023255724|0.14937367074574193|2022-11-06 13:29:14.856
17592186045204|10995116278053|0.03279002021615313|2022-11-06 19:18:57.029
2199023256301|1099511627887|0.10282691197466383|2022-11-07 00:57:40.258
24189255811368|6597069766809|0.02304615808245359|2022-11-07 03:55:51.481
26388279067181|12094627905677|0.021641021813290393|2022-11-07 04:53:39.214
2199023256131|8796093022294|0.04390382735145813|2022-11-07 15:35:49.283
477|12094627905834|0.07290321318553873|2022-11-07 15:45:26.461
13194139534039|2199023255777|0.08805954361237771|2022-11-07 18:16:09
10995116278421|12094627905784|0.06995330215211462|2022-11-07 21:31:59.171
21990232555900|353|0.0501251932187664|2022-11-07 21:48:41.332
28587302322699|14293651161116|0.18934044567140978|2022-11-08 00:14:46.06
28587302322898|5497558139096|0.15578559854807494|2022-11-08 01:30:21.349
10995116277978|12094627905692|0.19242157876197624|2022-11-08 07:57:45.649
8796093022782|14293651161421|0.11755971644252379|2022-11-08 08:07:32.785
8796093022700|8796093022572|0.22538242602081238|2022-11-08 14:23:13.987
6597069766753|13194139533407|0.008313231764421516|2022-11-08 14:42:40.911
28587302322496|14293651161100|0.15436534002382027|2022-11-08 16:24:52.278
21990232556268|7696581394454|0.10461231405393721|2022-11-08 20:19:50.719
10995116277915|10995116277939|0.11442167071364165|2022-11-09 01:03:57.058
10995116278255|8796093022581|0.0674523472806046|2022-11-09 09:01:45.634
24189255811576|2199023255702|0.06230246334005005|2022-11-10 01:03:41.96
28587302322685|2199023255578|0.31311937066127127|2022-11-10 01:51:04.405
24189255811530|6597069766890|0.13171806196212202|2022-11-10 09:22:59.881
13194139533522|6597069766819|0.11900278102032012|2022-11-10 21:59:40.992
17592186044488|14293651161249|0.23665734172537145|2022-11-10 23:10:13.66
19791209300070|14293651161294|0.05130987540682289|2022-11-11 03:38:38.611
2199023255846|7696581394631|0.10301021341004174|2022-11-11 11:18:31.702
26388279067086|13194139533625|0.04574129136790073|2022-11-11 11:59:27.409
21990232556126|9895604650281|0.21957612151943476|2022-11-11 21:27:33.295
28587302322566|12094627905617|0.029993860567777204|2022-11-11 22:54:52.151
10995116278072|8796093022228|0.1266940484587553|2022-11-12 05:12:31.002
17592186045172|14293651161116|0.1068868857815608|2022-11-12 06:29:43.92
4398046511622|14293651161421|0.0011005511536318017|2022-11-12 07:33:11.429
19791209300080|2199023255940|0.516353882208612|2022-11-12 07:55:32.516
4398046511104|13194139533602|0.09632707401689139|2022-11-12 10:33:18.406
50|14293651161329|0.14803493021917133|2022-11-12 14:19:19.698
13194139533649|7696581394694|0.05489982088555113|2022-11-12 14:57:02.033
28587302322275|5497558138929|0.08604991618582444|2022-11-12 19:31:20.223
17592186045044|13194139533430|0.05734211258013543|2022-11-12 21:01:33.461
6597069767360|14293651161423|0.026316454544538227|2022-11-12 21:08:40.819
28587302322566|12094627905679|0.3988202932710102|2022-11-13 04:23:59.36
2199023256119|13194139533625|0.07983758407344888|2022-11-13 17:36:26.197
26388279067138|3298534883405|0.3179139741682325|2022-11-13 19:06:14.627
26388279067287|12094627905903|0.13680502073085654|2022-11-13 22:31:00.434
26388279066866|8796093022419|0.07185137240901972|2022-11-14 08:38:16.582
315|12094627905903|0.050154165298176005|2022-11-14 19:38:13.614
477|13194139533407|0.41041544190183865|2022-11-14 22:22:14.701
17592186044694|10995116278069|0.0725224973540729|2022-11-15 12:41:19.594
19791209300552|1099511628050|0.139466713276814|2022-11-15 15:33:18.86
8796093022496|12094627905592|0.21310905212079517|2022-11-15 20:39:43.46
28587302322505|8796093022598|0.11951505465166233|2022-11-15 20:41:32.733
6597069767198|12094627905784|0.0684086819814046|2022-11-15 21:22:56.001
28587302322691|7696581394454|0.034381536203913134|2022-11-15 22:17:28.326
26388279067279|6597069766902|0.13514090802232762|2022-11-16 05:01:20.207
28587302322699|13194139533450|0.274766040087729|2022-11-16 07:00:04.075
6597069766895|10995116278005|0.356321111399193|2022-11-16 10:27:29.68
8796093022388|13194139533459|0.15376309863330054|2022-11-16 10:27:30.924
28587302322619|7696581394565|0.11764582730061804|2022-11-16 15:11:44.572
26388279066773|393|0.09486464591114828|2022-11-16 21:34:50.144
26388279067416|3298534883698|0.05673478849576656|2022-11-16 22:09:20.21
4398046511519|14293651161467|0.1804214749191648|2022-11-16 23:42:33.051
26388279067335|6597069766947|0.23359615242881743|2022-11-17 10:28:28.846
13194139534059|13194139533635|0.04442961740713467|2022-11-17 11:43:20.244
28587302322819|9895604650136|0.21184419102207688|2022-11-17 16:52:15.219
26388279066950|14293651161127|0.26730993210242526|2022-11-17 20:41:26.205
24189255811161|14293651161356|0.06359538876987866|2022-11-17 21:26:21.704
775|8796093022284|0.16611703041312012|2022-11-18 19:34:46.221
15393162789477|14293651161100|0.03865409530765056|2022-11-19 00:40:33.112
372|1099511627789|0.051551946439813666|2022-11-19 03:58:37.402
13194139533361|14293651161467|0.02369362732393369|2022-11-19 06:22:18.606
19791209300070|14293651161180|0.45410063046788596|2022-11-19 07:24:15.549
19791209300632|7696581394819|0.19957395863910737|2022-11-19 10:26:40.977
19791209300551|10995116277768|0.09200815650355189|2022-11-19 12:33:15.603
2199023256011|9895604650151|0.22282716100278055|2022-11-19 21:59:12.238
13194139534019|12094627905692|0.14610370015258745|2022-11-19 22:05:17.353
10995116278230|14293651161171|0.08509907880631801|2022-11-20 03:49:26.139
28587302322219|7696581394664|0.11153896672833724|2022-11-20 05:36:32.113
24189255811683|14293651161191|0.07508904161352443|2022-11-20 16:06:38.064
13194139533468|13194139533407|0.034171768877430626|2022-11-20 17:01:59.246
24189255811125|8796093022572|0.25843294447441223|2022-11-21 04:58:41.172
26388279066896|10995116278069|0.09404306698798855|2022-11-21 08:17:29.874
2199023255851|12094627905750|0.2809115997862653|2022-11-21 11:04:09.9
24189255811283|6597069766723|0.1849810134643623|2022-11-21 15:20:16.89
8796093022409|12094627905710|0.12469985290446253|2022-11-21 17:12:24.996
10995116278277|14293651161329|0.014544542691744308|2022-11-21 20:37:47.566
26388279067072|1099511627828|0.07563875760314374|2022-11-21 23:04:13.281
10995116278112|9895604650366|0.22523693144386012|2022-11-21 23:45:02.641
19791209300478|13194139533384|0.13711281552092955|2022-11-22 03:28:56.337
28587302322416|4398046511371|0.27846913850414595|2022-11-22 04:46:20.893
19791209300651|7696581394467|0.20202137414413565|2022-11-22 05:39:14.988
28587302322800|8796093022528|0.11709492538849581|2022-11-22 06:17:59.162
28587302322854|13194139533466|0.1659844899715768|2022-11-22 08:13:16.519
28587302322408|23|0.1769351101217882|2022-11-22 09:39:32.248
601|8796093022439|0.24230939493874104|2022-11-22 09:47:54.175
17592186044817|1099511628134|0.14031762244974766|2022-11-22 10:52:42.577
26388279067274|5497558139186|0.3050993349225015|2022-11-22 12:53:37.245
26388279066737|5497558139133|0.2818758076792554|2022-11-22 14:49:20.821
21990232555725|5497558138886|0.19215158030563292|2022-11-22 15:05:48.852
28587302322800|13194139533446|0.12948080371941784|2022-11-22 20:22:18.224
28587302322451|10995116278035|0.07134924292431914|2022-11-22 20:33:40.292
15393162789327|14293651161294|0.2195825008988373|2022-11-23 03:27:59.143
26388279067033|3298534883429|0.0744687057129519|2022-11-23 05:33:27.849
2199023255992|14293651161191|0.11601529852266135|2022-11-23 06:11:37.363
21990232555743|14293651161204|0.267389466761923|2022-11-23 07:32:34.037
17592186044882|2199023255950|0.1937725627888648|2022-11-23 10:45:34.28
26388279067234|12094627905746|0.16614779325605838|2022-11-23 11:02:07.487
28587302322619|8796093022473|0.14014847925843177|2022-11-23 12:03:07.612
28587302322619|1099511627831|0.12642703757210413|2022-11-23 14:37:28.519
26388279066716|14293651161204|0.1485431926813673|2022-11-23 14:56:21.146
26388279066958|13194139533459|0.2217003511670108|2022-11-23 15:42:58.402
26388279067387|1099511627870|0.14898092639625027|2022-11-23 17:39:51.611
26388279066949|14293651161323|0.23793454188135207|2022-11-23 22:23:38.175
28587302322685|12094627905722|0.05130460033338169|2022-11-24 00:57:16.765
15393162789064|12094627905710|0.02257811487529223|2022-11-24 01:20:21.813
26388279067115|3298534883372|0.2644594832385411|2022-11-24 10:11:03.72
24189255811683|2199023255588|0.04523370658448351|2022-11-24 15:12:45.77
28587302322663|7696581394670|0.20166081338400482|2022-11-24 16:59:50.421
10995116278230|14293651161154|0.013193506014020156|2022-11-24 18:30:24.205
19791209300659|8796093022588|0.12543904892919489|2022-11-24 18:48:44.597
21990232555817|1099511627905|0.12755394029059602|2022-11-24 19:14:34.714
24189255811767|14293651161154|0.11433047143726799|2022-11-24 19:57:28.121
21990232555848|12094627905784|0.036457764408651554|2022-11-24 22:28:08.309
28587302322772|5497558139123|0.06108134523651407|2022-11-25 03:48:11.968
28587302322459|8796093022284|0.13873545075908117|2022-11-25 08:15:56.933
26388279067335|12094627905797|0.4240885343765451|2022-11-25 12:40:18.948
15393162788943|13194139533588|0.14496265313627846|2022-11-25 13:37:45.788
8796093022482|9895604650315|0.1325903898404884|2022-11-25 22:30:04.638
26388279066627|13194139533430|0.13195200414932667|2022-11-26 01:50:15.509
2199023255900|3298534883649|0.09685948370453146|2022-11-26 01:57:19.416
24189255811161|13194139533430|0.07803776044016114|2022-11-26 02:12:33.933
17592186045162|13194139533439|0.09368914752606373|2022-11-26 03:54:25.508
28587302322689|9895604650066|0.15910622435031435|2022-11-26 07:49:36.212
28587302322347|6597069766723|0.17879431924142428|2022-11-26 10:52:13.774
17592186045180|6597069766755|0.033904383066092655|2022-11-26 10:55:19.268
4398046511457|12094627905553|0.16598850435698612|2022-11-26 14:51:12.577
26388279066733|14293651161423|0.16203544864878058|2022-11-26 19:14:32.679
13194139533860|13194139533466|0.01931228557325427|2022-11-26 21:07:37.846
28587302322489|12094627905692|0.18117330849592392|2022-11-26 21:59:44.318
21990232555996|6597069766809|0.14650527321533144|2022-11-26 23:19:19.083
26388279066759|14293651161204|0.07406824365168688|2022-11-27 04:21:50.604
19791209300685|14293651161100|0.19721518567398294|2022-11-27 07:10:08.758
28587302322689|7696581394664|0.06746921173551275|2022-11-27 08:01:59.018
26388279066730|3298534883393|0.05730093722490829|2022-11-27 18:25:43.74
30786325578193|1099511627831|0.13255034179378292|2022-11-27 22:25:58.148
28587302322515|6597069766929|0.1306076736088869|2022-11-27 23:56:09.519
28587302322619|1099511627889|0.15283482182944838|2022-11-28 01:44:56.306
19791209300495|8796093022564|0.2103075172822464|2022-11-28 04:40:01.3
15393162789298|12094627905787|0.039594531602440634|2022-11-28 11:32:07.08
4398046511865|14293651161127|0.030620665657107377|2022-11-28 14:09:12.795
15393162789417|2199023255578|0.2637723878957873|2022-11-28 14:27:36.15
4398046511519|3298534883537|0.13213589652125882|2022-11-28 15:36:08.553
10995116278204|14293651161467|0.15849780173511924|2022-11-28 21:46:09.047
310|13194139533567|0.4294811750820677|2022-11-28 22:24:47.231
19791209300478|14293651161232|0.22514694290070694|2022-11-29 00:28:13.35
