id|createTime|name|isBlocked|gender|birthday|country|city
4398046511104|1593181807584|Lomer|false|female|434851200000|Peru|Distrito_de_Bellavista
26388279066625|1661559646113|Nostini|false|female|926812800000|Pakistan|Surat,India
17592186044418|1633310113600|Gmeinder|false|male|786240000000|India|Allahabad
26388279066627|1661661519397|De Jesus|false|male|901670400000|Peru|Trujillo
4|1583603687318|Vaccari|false|male|637632000000|Pakistan|Peshawar
28587302322181|1663145933735|Desmond|false|male|333331200000|Czech_Republic|Brno
8796093022214|1604197379907|Haddish|false|female|414547200000|India|Ujjain
4398046511111|1591920233125|Rangayan|false|female|379987200000|China|Emeishan
2199023255560|1589687395675|Leverett|false|male|821664000000|Spain|Valladolid
4398046511113|1596837760262|Laurance|false|male|766454400000|Cuba|Marianao
8796093022218|1609861333851|Cardenas|false|male|827020800000|China|Zhuhai
24189255811083|1653892120437|Errazuriz Echaurren|false|male|605318400000|Pakistan|Taxila
4398046511116|1592551554508|Svoboda|false|male|781142400000|India|Aurangabad
21990232555533|1648576901334|Anderson|false|female|409449600000|Italy|Milan
21990232555534|1643176019273|Winram|false|female|409276800000|India|Haldia
17592186044431|1635073414413|Slover|false|female|425433600000|Yemen|Al_Hudaydah
4398046511120|1597165254627|Dickie|false|female|519782400000|India|Palakkad
8796093022225|1608432114908|Žáry|false|female|945388800000|India|Kolkata
8796093022226|1605544612188|Ticinovic|false|female|892684800000|Moldova|Bender
21990232555539|1648051273427|Leya|false|male|505267200000|Brazil|Itajubá
28587302322196|1667688103382|Subramaniam|false|female|865123200000|Cuba|Matanzas
21990232555541|1644226900372|Bates|false|male|357264000000|India|Rourkela
17592186044438|1630224880514|Malone|false|male|807753600000|Japan|Akita_City
6597069766679|1601130089872|Slimane|false|female|810950400000|Tanzania|Mzumbe_morogoro
24|1579542535822|Castanon|false|female|701568000000|India|Rewari
17592186044441|1634845338315|Smy|false|female|673488000000|Vietnam|Phủ_Lý
15393162788890|1624208108167|Ilsanker|false|male|698284800000|Ukraine|Luhansk
28587302322203|1664595471097|Ecko|false|male|944784000000|Netherlands|Groningen
8796093022236|1606821908515|Ramel|false|female|447724800000|Australia|Canberra
24189255811101|1652187356518|Dainton|false|female|886550400000|Colombia|Cartagena
30|1583148730709|Le Lacheur|false|female|892339200000|Russia|Ivanovo_Oblast
6597069766687|1599366761168|Mackillip|false|female|540259200000|India|Aizawl
32|1583678354687|Cutler|false|male|439171200000|Zambia|Livingstone
2199023255585|1585699915674|Cervell|false|male|466128000000|Peru|La_Punta
24189255811106|1652911513558|Vauclair|false|male|514080000000|India|Guntur
21990232555555|1646538471720|Saliba|false|female|380073600000|Germany|Wiesbaden
13194139533348|1621072476163|Carnwath|false|male|440035200000|China|Deyang
2199023255589|1589517080476|Ashina|false|female|852940800000|Brazil|Ribeirão_Preto
13194139533350|1620954962652|Meisel|false|male|556156800000|Mauritius|Moka
17592186044455|1631103819477|Monette|false|female|638496000000|Germany|Weimar
19791209300008|1641365649967|Hamahang|false|female|732672000000|Indonesia|Tegal_Regency
41|1578405386822|Rowe|false|male|534297600000|India|Kollam
15393162788906|1628845275014|Crouse|false|male|732412800000|Chile|Iquique
28587302322219|1662974828381|Dechenaud|false|male|877305600000|India|Salem
44|1580855772904|Aden|false|female|742435200000|Madagascar|Antsirabe
4398046511149|1596122360780|Trussoni|false|female|320198400000|United_Kingdom|Bristol
21990232555566|1645843204306|Stefan|false|male|517104000000|Philippines|Bacolod
2199023255599|1589903412252|Bangs|false|female|623548800000|Zambia|Lusaka
17592186044464|1634382579602|Fowley|false|male|568684800000|Germany|Mainz
13194139533361|1621088445047|Frier|false|male|456710400000|China|Qiqihar
50|1580781353000|Hatfield|false|male|451353600000|Romania|Arad
51|1578915064635|Skala|false|female|366422400000|Malaysia|Cyberjaya
19791209300020|1642744920834|Nicolosi|false|male|662169600000|Vietnam|Đông_Hà
24189255811125|1653085849752|Hazledine|false|female|792892800000|Vietnam|Thái_Bình
6597069766710|1603473237130|Milonoff|false|female|327888000000|Greece|Kalamata
2199023255607|1588604707992|Harding|false|male|521596800000|Switzerland|Geneva
6597069766712|1598959223223|Stoudenmire|false|male|552787200000|Germany|Konstanz
26388279066681|1658669934002|Wickstrom|false|female|787449600000|Vietnam|Pleiku
13194139533370|1623166820508|Volska|false|male|562809600000|Denmark|Copenhagen
2199023255611|1587269205056|Torrence|false|female|429494400000|India|Tezpur
13194139533372|1623335814030|Gaim|false|female|694051200000|Philippines|Angeles
15393162788925|1629370086274|Metter|false|male|827798400000|Tanzania|Dodoma
17592186044478|1633016748896|Greenfield|false|female|378345600000|India|Vadodara
24189255811135|1655660736954|Martino|false|male|677289600000|India|Habra
21990232555584|1645166183831|Skundric|false|female|787536000000|Philippines|Santa_Rosa
6597069766721|1598113545390|Janson|false|female|467251200000|China|Cangzhou
6597069766722|1599231459894|Chan|false|female|576720000000|Netherlands|Groningen
10995116277827|1616581476509|Arbus|false|male|496108800000|Algeria|El_Harrach
13194139533380|1618728113994|Garza|false|female|616809600000|China|Gaoping
28587302322245|1668570275599|Scherle|false|male|536457600000|India|Fatehgarh_Sahib
17592186044486|1631366279516|Eichborn|false|male|357350400000|Mexico|Santa_Catarina
28587302322247|1664443821229|Jurado|false|female|605491200000|China|Chengdu
17592186044488|1636463048234|Hisamatsu|false|female|648691200000|China|Dafeng
10995116277833|1614778596687|Rothery|false|female|475286400000|Cambodia|Kampong_Speu
10995116277834|1612251656550|Kao|false|female|664156800000|Algeria|Guelma
15393162788939|1625304441577|LuaLua|false|male|596332800000|Brazil|Brasília
26388279066700|1661487120763|Evans|false|female|378432000000|Belgium|Medway
13194139533389|1621139700579|Portzamparc|false|female|880675200000|Portugal|Faro
30786325577806|1671685513632|Ha|false|female|685929600000|United_States|Cleveland
15393162788943|1625975064515|Coage|false|male|809481600000|Vietnam|Biên_Hòa
24189255811152|1649768133727|Vynokurov|false|male|700185600000|India|Kottayam
21990232555601|1646342132411|Norman|false|female|330566400000|China|Luoyang
2199023255634|1585702828073|Jackova|false|female|361411200000|Australia|Perth
6597069766739|1600382934104|Nussbaum|false|male|900028800000|Ethiopia|Mettu
17592186044500|1636489752871|Greiner|false|female|931824000000|Ethiopia|Debre_Marqos
26388279066709|1657048972422|Chambers|false|male|857606400000|China|Fuzhou
13194139533398|1618075020746|Nnanna|false|female|337046400000|Italy|Pavia
21990232555607|1647713918396|Gallio|false|male|923702400000|Hungary|Debrecen
10995116277848|1611040588498|Ashina|false|female|833500800000|Turkey|Kadıköy
24189255811161|1653429903391|Allister|false|male|720835200000|India|Poonamallee
10995116277850|1611786314637|Bengtsson|false|female|682214400000|Japan|Gifu
10995116277851|1615297063868|Levy|false|male|943056000000|Madagascar|Fianarantosa
26388279066716|1660022638793|Djidonou|false|male|446688000000|China|Dongying
93|1581703284105|Itakura|false|male|882403200000|China|Anshun
10995116277854|1613057457204|Gomez|false|female|391651200000|Yemen|Al_Hudaydah
19791209300063|1641559337437|Kokott|false|female|315964800000|China|Chenzhou
21990232555616|1647079936878|Salaviza|false|female|865641600000|South_Korea|Incheon
6597069766753|1600725491822|Baggesen|false|male|445132800000|Chad|ChadCity
24189255811170|1654798735184|Montenegro|false|female|766627200000|Japan|Nara
28587302322275|1664110091068|Maclagan|false|female|338860800000|Croatia|Zagreb
17592186044516|1636425128247|Tsang|false|male|418348800000|Tanzania|Dar_es_Salaam
8796093022309|1605030435936|Novi|false|female|634867200000|China|Changge
19791209300070|1637744424351|Soler|false|male|752112000000|Indonesia|Jakarta
21990232555623|1644729521016|Nikolov|false|female|500947200000|Indonesia|Surabaya
4398046511208|1595838127373|Joseph I|false|male|521510400000|South_Africa|Mthatha
24189255811177|1649705769478|Collin|false|male|632966400000|Kazakhstan|Semey
26388279066730|1659270178787|Rybak|false|female|546480000000|Brazil|Santa_Maria
107|1579366505001|Baumgartner|false|female|404956800000|China|Gaoyou
28587302322284|1663068281189|Alemania|false|male|373420800000|Cuba|Pinar_del_Río
26388279066733|1660828081185|Mignon|false|male|622425600000|India|Haldia
2199023255662|1584869135176|Briginshaw|false|female|940896000000|Pakistan|Kharian
24189255811183|1654072511945|Alvarez Florentin|false|female|670118400000|Egypt|Ramadan_City
19791209300080|1641684885567|Zola|false|female|934070400000|Mexico|Campeche
26388279066737|1658683880237|Fafara|false|female|324172800000|Republic_of_Macedonia|Skopje
13194139533426|1622722596650|Karamanlis|false|male|870825600000|England|Manchester
21990232555635|1649161481901|McKee|false|male|613094400000|China|Bei'an
28587302322292|1666834881789|Hoorn|false|female|424569600000|Brazil|Petrópolis
6597069766773|1600547248909|Naughton|false|female|460684800000|Democratic_Republic_of_the_Congo|Bas-Congo
8796093022326|1605578105754|Yuguchi|false|female|923616000000|Cambodia|Siem_Reap
6597069766775|1600954825891|Sokolova|false|male|521078400000|Vietnam|Tân_An
13194139533432|1619145993472|Enrile|false|male|484272000000|India|Davangere
28587302322297|1663907223078|Brasova|false|male|472867200000|Russia|Voronezh
4398046511226|1594983447751|Valeri|false|male|896140800000|Vietnam|Tam_Kỳ
19791209300091|1639508764845|Sedra|false|female|337824000000|Brazil|Manaus
10995116277884|1611763726160|Roba|false|male|791164800000|China|Fuyang
125|1581887162850|Fannin|false|female|914889600000|Colombia|Pamplona
28587302322302|1663055608861|Shockley|false|male|579830400000|Cambodia|Kampong_Speu
21990232555647|1644487539919|De Mel|false|female|743731200000|Philippines|Tacloban
26388279066752|1661114884799|Blandford|false|female|684115200000|India|Gaya
17592186044545|1633224069738|Soares|false|male|777600000000|Mexico|Chihuahua
2199023255682|1589641706969|Linn|false|female|909705600000|India|Jammu
15393162788995|1628262330517|Kokkinaki|false|female|758937600000|Vietnam|Da_Nang
24189255811204|1654406614552|Goebel|false|female|810259200000|India|Hubli
13194139533445|1617796551280|Jeffre|false|male|493948800000|Brazil|Guanhães
10995116277894|1614905106916|Tarif|false|female|386812800000|Philippines|Pasay
26388279066759|1659990131936|Rothe|false|female|515980800000|Philippines|Iligan
4398046511240|1593145219062|Cistaro|false|male|724032000000|Mexico|San_Pedro_Garza_García
21990232555657|1645722690142|Líder|false|female|404092800000|Japan|Nagakute
8796093022346|1606101154941|Macgroarty|false|female|608083200000|England|Durham
21990232555659|1647159332196|Weston|false|male|667612800000|Russia|Magnitogorsk
21990232555660|1647098499273|Hemmings|false|female|757296000000|China|Chengdu
19791209300109|1640327168936|Reiniks|false|male|899510400000|Morocco|Agadir
24189255811214|1656136852064|de Janzé|false|female|360201600000|Germany|Mannheim
26388279066767|1661482535424|Chand|false|male|353462400000|Kenya|Thika
8796093022352|1607912945727|Romeo|false|male|490838400000|China|Anlu
4398046511249|1593024069631|Perilli|false|male|572227200000|India|Patiala
8796093022354|1605906099836|Idelson|false|male|683424000000|Mexico|Jiquilpan
6597069766803|1598776955369|Helme|false|female|911433600000|Netherlands|Amsterdam
2199023255700|1588975832318|Smith|false|male|479433600000|Morocco|Agadir
26388279066773|1659886353528|Maezumi|false|female|444614400000|India|Bankura
24189255811222|1653751624334|Windisch|false|male|766108800000|Cambodia|Battambang
8796093022359|1609369919788|Guidolin|false|female|513129600000|China|Fuzhou,
28587302322328|1668759493433|Di Sauro|false|female|459648000000|Yemen|Ibb
6597069766809|1602936061788|Escala|false|female|823737600000|Peru|Trujillo
4398046511258|1594490519054|Nouvel|false|male|580176000000|India|Anand
10995116277915|1614336635002|Kapompole|false|male|816048000000|United_Kingdom|Liverpool
13194139533468|1620776091594|Siers|false|male|369446400000|Argentina|Buenos_Aires
15393162789021|1624087426107|Tucci|false|male|789609600000|Morocco|Sale
13194139533470|1617272257944|Weekers|false|female|699753600000|Algeria|Oran
17592186044575|1632551156539|Beshenivsky|false|male|457315200000|Pakistan|Sukkur
24189255811232|1656060893762|Esposito|false|male|909273600000|Colombia|Bogotá
28587302322337|1666198469934|Charlton|false|male|512092800000|Kazakhstan|Shymkent
8796093022370|1604721805996|Perez|false|male|589680000000|Germany|Flensburg
13194139533475|1622821957626|Goode|false|female|370656000000|Greece|Kozani
6597069766820|1602222476714|Slovik|false|male|894067200000|Australia|Sydney
21990232555685|1644736076960|Moretz|false|male|745459200000|Brazil|São_Luís
6597069766822|1599693116863|Labrosse|false|female|886464000000|Philippines|Laoag
17592186044583|1636459148094|Piper|false|male|621388800000|Venezuela|Barquisimeto
21990232555688|1644797284781|Sartre|false|male|541555200000|China|Brooklyn
13194139533481|1619722913474|Link|false|male|802310400000|England|Leicester
4398046511274|1591478168168|Munroe|false|female|830736000000|United_States|Cincinnati
28587302322347|1669158882951|Baruah|false|male|667353600000|Croatia|Zagreb
26388279066796|1658960998055|Ben Basat|false|male|837907200000|Vietnam|Gia_lam
173|1582199953916|Algaze|false|female|914025600000|Germany|Othmarschen
13194139533486|1617560165418|Magnuson|false|female|804297600000|Mexico|Querétaro
26388279066799|1657391727828|Ledoux|false|male|315878400000|Kenya|Machakos
17592186044592|1630741286326|Flockett|false|male|425088000000|Pakistan|Islamabad
13194139533489|1622695949630|Elliot|false|male|734832000000|Democratic_Republic_of_the_Congo|Boma
21990232555698|1648582490808|Tan|false|male|548899200000|China|Gejiu
8796093022387|1610012673489|Cleeve|false|female|917740800000|China|Mbabane
8796093022388|1609175326135|Moreno Arazandi|false|female|891907200000|Ethiopia|Awasa
21990232555701|1649082927391|Bigley|false|female|805507200000|India|Warangal
17592186044598|1634898721007|Blow|false|female|585532800000|France|Nancy
6597069766839|1603513571040|McGlory|false|male|895795200000|Burma|Taungoo_Township
24189255811256|1654670710020|Tobing|false|male|405043200000|United_States|Washington
185|1582622969547|Peart|false|male|628128000000|United_States|Los_Angeles
26388279066810|1658556280189|Dackins|false|female|697248000000|Indonesia|Central_Jakarta
187|1583038225192|Sim|false|male|631411200000|Russia|Ulyanovsk
24189255811260|1650229973157|Brand|false|female|439516800000|Turkey|Istanbul
24189255811261|1650636142305|Wetch|false|female|524707200000|Turkey|Gebze
2199023255742|1584749921195|Carranza|false|male|637545600000|Indonesia|Manado
6597069766847|1600975882329|Mitani|false|female|769824000000|Romania|Iași
4398046511296|1594720128105|Kruk|false|female|526348800000|India|Bihar
8796093022401|1607144149468|Hubertus Of Saxe-Coburg And Gotha|false|female|378691200000|Japan|Kyoto
2199023255746|1590684001346|Kaewsuktae|false|female|923788800000|Peru|Chorrillos_District
19791209300163|1641618383387|Du Toit|false|female|546998400000|Nepal|Lalitpur
6597069766852|1600515541910|Staudegg|false|female|797040000000|Democratic_Republic_of_the_Congo|Bandundu
10995116277957|1611818663053|Sterling|false|male|344304000000|Sri_Lanka|Nugegoda
10995116277958|1614944883204|Eboki Poh|false|male|919209600000|Argentina|Rosario
17592186044615|1632838275380|Horsley|false|male|533692800000|Japan|Nagasaki
15393162789064|1623580739000|Bouchez|false|female|608515200000|Russia|Magnitogorsk
8796093022409|1607572188079|Williamson|false|female|568339200000|China|Chengdu
8796093022410|1605155373952|Squires|false|male|555552000000|Czech_Republic|Liberec
13194139533515|1619799137867|Eisner|false|male|485049600000|China|Duyun
4398046511308|1597190331121|Dolpico Lerner|false|female|552009600000|Brazil|Pelotas
21990232555725|1644959620217|Maslen|false|female|473126400000|Australia|Adelaide
17592186044622|1633102184170|Bauer|false|female|703123200000|China|Shihezi
19791209300175|1641935654059|Akiba|false|male|696729600000|China|Bengbu
8796093022416|1607279670300|Ohkawa|false|female|736992000000|China|Daqing
8796093022417|1609639390680|Wordsworth|false|female|564710400000|China|Gaoyao
13194139533522|1617744937432|Bisla|false|female|699753600000|India|Namakkal
24189255811283|1653526959685|Monakhov|false|male|652492800000|Pakistan|Surat,India
4398046511316|1592295979162|Akkari|false|male|358732800000|Belgium|Canterbury
2199023255765|1584648106905|Blaché|false|female|333504000000|Australia|Canberra
10995116277974|1614684809714|Bruehl|false|female|443923200000|Kenya|Eldoret
2199023255767|1589541978961|Garel|false|male|505872000000|Germany|Greifswald
15393162789080|1624847410624|Raisa|false|male|541296000000|India|Tirunelveli
8796093022425|1606963455296|Mellows|false|female|577929600000|Thailand|Chiang_Mai
10995116277978|1611475112426|Gotch|false|female|327456000000|Russia|Barnaul
17592186044635|1631962987926|Breckenridge|false|male|465609600000|Germany|Friedberg
21990232555740|1649165986205|Whaley|false|female|625795200000|China|Danyang
6597069766877|1602384606931|Schubach|false|female|602899200000|India|Krishnanagar
8796093022430|1607190295578|Munguia|false|male|587001600000|China|Xinzheng
21990232555743|1647590380168|Cason|false|female|845683200000|Romania|Arad
21990232555744|1649084674437|Krupskaya|false|female|340934400000|China|Baishan
10995116277985|1613944028642|Gonzalez Inarritu|false|male|912297600000|Vietnam|Phan_Rang–Tháp_Chàm
19791209300194|1640162503486|Caesar|false|male|816048000000|Slovenia|Ljubljana
26388279066851|1660618245883|Kissel|false|male|475113600000|Philippines|Mandaluyong
26388279066852|1658812024062|Sergio|false|female|933811200000|India|Ernakulam
17592186044645|1631293907802|Lahiri|false|female|706147200000|Pakistan|New_Muslim_Town
13194139533542|1617103026189|Rickards|false|female|515980800000|Pakistan|Jamshoro
2199023255783|1590565747083|Machi|false|male|469929600000|Japan|Hachiōji
28587302322408|1668961950682|Sanyal|false|female|453513600000|China|Dashiqiao
24189255811305|1652374838905|Harrington|false|female|643161600000|Philippines|Los_Baños
15393162789098|1627694427865|Caine|false|male|771206400000|India|Jorhat
28587302322411|1668172699694|Aulin|false|male|511920000000|India|Gobichettipalayam
236|1579431419136|Hodgman|false|female|712972800000|United_Kingdom|Bristol
13194139533549|1617600755914|Antić|false|male|379209600000|Chile|Antofagasta
2199023255790|1589889597152|Ireland|false|female|362448000000|Kazakhstan|Astana
6597069766895|1598899996425|Gubenko|false|male|850780800000|Kenya|Machakos
28587302322416|1665678155935|Maasik|false|female|796780800000|Pakistan|Jamshoro
13194139533553|1618923949362|Sun|false|male|633225600000|Japan|Niigata
26388279066866|1658182305993|Doucet|false|male|338860800000|Philippines|Bacolod
15393162789107|1623770725352|Duquette|false|male|585964800000|Libya|Benghazi
13194139533556|1622888207043|Senzaki|false|male|866764800000|Philippines|Malate
10995116278005|1611767467480|Hanstveit|false|male|829872000000|Nepal|Pokhara
13194139533558|1622362230614|Hawke|false|female|356054400000|Taiwan|Kaohsiung
6597069766903|1600523344709|Hampl|false|female|380073600000|Indonesia|Magelang
17592186044664|1634920370308|Dorries|false|male|550368000000|Algeria|Guelma
28587302322425|1666542321128|Briley|false|female|811555200000|India|Udaipur
250|1583631704969|Barshadly|false|male|928627200000|China|Fushun
2199023255803|1584647109270|Chaparro|false|female|494812800000|China|Baiyin
21990232555772|1646456330493|Moncada Tapia|false|male|507081600000|Japan|Kobe
2199023255805|1587316124479|Havenaar|false|male|547257600000|Moldova|Balti
15393162789118|1624307806572|Morant|false|male|754185600000|Niger|Agadez
6597069766911|1598921660953|Wentworth-Shields|false|female|467596800000|Jordan|Amman
2199023255808|1587694706602|Pieete|false|male|326937600000|Philippines|Mandaluyong
257|1580530192198|O'Hearn|false|male|732326400000|France|Toulouse
19791209300226|1637659034329|Arnold|false|female|941846400000|India|Nerul
28587302322435|1669061021821|Tainton|false|female|573523200000|China|Ganzhou
2199023255812|1586179837050|Ashbery|false|female|793411200000|Cambodia|Pursat
24189255811333|1655873474713|Salossa|false|female|535248000000|Pakistan|Sialkot
26388279066886|1656698770297|Mackall|false|male|499305600000|China|Zhengzhou
263|1580776300881|Culver|false|female|798508800000|Cameroon|Douala
264|1580358395762|Cook|false|female|620179200000|Yemen|Al_Hudaydah
15393162789129|1627176283328|Verhoeven|false|male|593395200000|Argentina|Various
8796093022474|1604687517256|Pääjärvi-Svensson|false|female|880243200000|China|Nanning
6597069766923|1600127798598|Bride|false|female|488678400000|Japan|Chikusa-ku
30786325577996|1669794979056|Krieps|false|female|890784000000|India|Thane
28587302322445|1667685764163|Jasaitis|false|female|452995200000|India|Kolkata
19791209300238|1643039837847|Simon|false|male|485395200000|Austria|Vienna
8796093022479|1606681622558|Behad|false|female|930960000000|India|Vellore
26388279066896|1658919186752|Maydell|false|female|558316800000|Chile|Iquique
8796093022481|1605452450021|Koolhaas|false|female|688435200000|South_Korea|Suwon
8796093022482|1604967546061|Litchfield|false|female|440899200000|Sweden|Borås
28587302322451|1665772887723|Negroponte|false|female|716774400000|Brazil|Barbacena
21990232555796|1643850727246|Sichel|false|male|879552000000|South_Korea|Yongin
30786325578005|1670309119917|Bleasdale|false|female|751334400000|Thailand|Lampang
17592186044694|1633862780685|Dixon|false|female|428716800000|Niger|Maradi
30786325578007|1671400023072|Rerrich|false|male|328406400000|Moldova|Ungheni
15393162789144|1626320207810|Nowell|false|male|513734400000|India|Dum_Dum
28587302322457|1667670100475|Richard|false|female|574300800000|Ethiopia|Bahir_Dar
13194139533594|1619118317219|Mariani|false|female|656726400000|Indonesia|Badung_Regency
28587302322459|1665639726086|Mikkelsen|false|female|770169600000|Tunisia|Tunis
2199023255836|1584594159802|Sossamon|false|female|732067200000|Nepal|Dharan
6597069766941|1599771072932|Tupper|false|female|810518400000|Peru|Chosica,Lima
24189255811358|1652051003478|Brossa|false|female|588816000000|China|Dexing
8796093022495|1606021856175|Li Tim-Oi|false|male|436665600000|India|Gwalior
8796093022496|1605767712023|Redman|false|male|918950400000|Philippines|Manila
4398046511393|1592277008295|Toure|false|male|660268800000|India|Indore
15393162789154|1629936609709|Boniadi|false|male|316915200000|China|Donggang
15393162789155|1629638697519|Umeki|false|female|387676800000|Vietnam|Điện_Biên_Phủ
2199023255844|1587794484567|Ponce Enrile|false|male|409708800000|Philippines|Cavite_City
15393162789157|1629604883721|Torre|false|male|909360000000|Canada|Saskatoon
2199023255846|1589446642587|Bezerra|false|male|807408000000|China|Cixi
6597069766951|1601873449653|Saban|false|female|585100800000|India|Bilaspur
24189255811368|1653180892176|Tierney|false|male|527558400000|United_States|Berkeley
21990232555817|1648965150022|Katicha|false|female|875318400000|Brazil|Diamantina
17592186044714|1633848258295|Lister-Jones|false|male|671846400000|China|Changzhou
2199023255851|1588528451255|Ramirez De Arellano|false|male|595728000000|Vietnam|Tuyên_Quang
15393162789164|1629864958407|Buchkin|false|male|606355200000|Belarus|Mogilev
6597069766957|1599356233755|Godfrey|false|male|870566400000|Brazil|Campo_Grande
21990232555822|1648844964364|Winner|false|male|851385600000|Philippines|Biñan
4398046511407|1594469891364|Valderrama|false|female|474508800000|Colombia|Manizales
15393162789168|1628341054049|Ashworth|false|female|668476800000|Germany|Othmarschen
4398046511409|1597356265838|Kwong|false|female|696556800000|Mexico|Montemorelos
21990232555826|1649501284928|Edinger|false|male|399859200000|England|Southampton
307|1579498397058|Baardsen|false|female|439430400000|Estonia|Tallinn
4398046511412|1591782739475|Sladen|false|female|672364800000|Ukraine|Kiev
26388279066933|1657523500593|Frittoli|false|male|373161600000|Egypt|Bilbeis
310|1578542222637|Kerschensteiner|false|female|525398400000|India|Nagpur
21990232555831|1648386792294|Soylemezgiller|false|female|714873600000|Mexico|Tlatelolco
10995116278072|1611890036766|Roveta|false|female|744249600000|Pakistan|Lahore
28587302322489|1668995288951|Mochida|false|male|561081600000|China|Beiliu
2199023255866|1590827850604|Levertov|false|female|835747200000|Madagascar|Amparafaravola
315|1579646152862|Patten|false|female|493257600000|India|Kanpur
24189255811388|1650174643976|Bernsen|false|male|504921600000|Japan|Yokosuka
19791209300285|1641755724870|Oberth|false|female|403660800000|India|Bardhaman
8796093022526|1606044192778|Salcedo|false|female|698284800000|Russia|Irkutsk
15393162789183|1628651667651|Klivnov|false|female|605318400000|China|Cixi
28587302322496|1665252687368|Cadogan|false|male|675820800000|India|Raipur
21990232555841|1648182686039|Moumou|false|female|422236800000|India|Alappuzha
24189255811394|1652417662972|Golovin|false|female|597369600000|Vietnam|Phan_Rang–Tháp_Chàm
24189255811395|1651543302424|Perón|false|female|429840000000|China|Feicheng
24189255811396|1655253720951|Ðokovic|false|female|726624000000|Tanzania|Mzumbe_morogoro
26388279066949|1662397293358|Gudkov|false|female|422928000000|China|Songjiang_District
26388279066950|1662462614985|Badaczewski|false|male|869443200000|Japan|Owariasahi
2199023255879|1589969610581|Tee|false|male|714441600000|Mauritania|Nouakchott
21990232555848|1646369023048|Croze|false|female|907113600000|United_States|St._Louis
28587302322505|1664855944340|Sheahan|false|male|838598400000|India|Shimoga
8796093022538|1608106935555|Pasos|false|male|559008000000|Romania|Târgoviște
26388279066955|1662655429774|Crawfurd|false|female|807926400000|India|Bahadurgarh
19791209300300|1639437335204|Litjens|false|male|682473600000|China|Taiyuan
21990232555853|1648723319502|Thomé|false|female|502416000000|Thailand|Bangkok
26388279066958|1662294859118|Doughty|false|male|415497600000|Philippines|Cagayan_de_Oro
4398046511439|1595119616142|Airisto|false|female|932774400000|China|Pudong
15393162789200|1628557785955|Graydon|false|male|840067200000|China|Dalian
13194139533649|1619218755391|Sundquist|false|male|778377600000|India|Patiala
8796093022546|1610088305992|Edwardes|false|female|514944000000|China|Baoji
28587302322515|1666977342127|Smorgon|false|male|462844800000|Niger|Zinder
24189255811412|1650596021562|Schlingensief|false|female|883958400000|United_Kingdom|North_Wales
10995116278101|1614395142775|Biron|false|female|799113600000|Kenya|Nakuru
24189255811414|1653400601992|Desplat|false|male|720835200000|Philippines|Biñan
2199023255895|1589668730926|Okamoto|false|female|609206400000|Netherlands|Tilburg
6597069767000|1601326276638|Zof|false|female|515462400000|Cameroon|Bamenda
28587302322521|1668728884527|Bolivar Zapata|false|male|367804800000|Romania|Oradea
10995116278106|1612238602950|Jelinek|false|male|593222400000|India|Nagpur
6597069767003|1601089833894|Praed|false|female|605923200000|Wales|Swansea
2199023255900|1587340663619|Copeland|false|female|909100800000|India|Malappuram
349|1584079217014|Ide|false|male|363052800000|China|Gaoyao
13194139533662|1621720745559|McCollough|false|male|500774400000|India|Sambalpur
8796093022559|1605371417848|Antoniou|false|male|593308800000|China|Bole
10995116278112|1615399815602|Ricchiuti|false|male|413078400000|Philippines|Roxas
4398046511457|1595918706842|Duyn|false|female|557280000000|Egypt|Bilbeis
354|1579234158151|Zakharov|false|male|439689600000|India|Midnapore
13194139533667|1619518773885|Karimov|false|male|389232000000|South_Korea|Seongbuk-gu
19791209300324|1642799749182|Abdallahi|false|male|334540800000|Russia|Yekaterinburg
26388279066981|1660551628263|Shi|false|female|587088000000|United_States|Minneapolis
8796093022566|1610407197571|Ewings|false|male|769824000000|China|Conghua
19791209300327|1642194119358|Yuki|false|male|858470400000|Mexico|Chihuahua
28587302322536|1665737338190|Hurdalek|false|female|716083200000|India|Raipur
15393162789225|1629571308026|Altavista|false|female|674352000000|Germany|Munich
19791209300330|1639221253991|Keeping|false|male|711763200000|Nepal|Pokhara
363|1579690991491|Hulbert|false|male|407116800000|China|Shantou
13194139533676|1621791820120|Lohikoski|false|male|336009600000|China|Dandong
6597069767021|1599967192222|Englert|false|male|459216000000|Sri_Lanka|Ratmalana_Airport
8796093022574|1606780951055|Fereday|false|female|721094400000|Mexico|Querétaro
21990232555887|1643244286876|Maceacharn|false|female|785376000000|Brazil|Criciúma
30786325578096|1670638940676|Slewinski|false|male|908323200000|India|Vijayawada
19791209300337|1638950684565|Hanks|false|female|672105600000|Turkey|Gebze
21990232555890|1645285111085|Brahm|false|female|847324800000|Egypt|Beni_Suef
10995116278131|1616319292599|Grahame|false|female|469065600000|Cuba|Ciego_de_Ávila
372|1582699630448|Rogerson|false|male|593740800000|Vietnam|Hanoi
24189255811445|1651822611881|King|false|female|603849600000|Peru|Callao
13194139533686|1620267210931|Savickas|false|female|651024000000|Spain|Valencia
13194139533687|1622103456949|Billington|false|male|513734400000|India|Shimoga
21990232555896|1644879394649|Simutowe|false|male|734400000000|Brazil|Niterói
8796093022585|1604736766256|Krein|false|female|518572800000|Argentina|Córdoba
13194139533690|1621379546796|Sharipova|false|female|490579200000|Iran|Zanjan
8796093022587|1605951590943|Raduljica|false|male|856656000000|Cameroon|Buea
21990232555900|1643215477192|Sampras|false|female|815788800000|China|Dafeng
13194139533693|1618790166279|Ferebee|false|female|432777600000|Pakistan|Surat,India
19791209300350|1641244880165|Celeste|false|female|454982400000|South_Africa|Pretoria
21990232555903|1647284057372|Akselson|false|female|660700800000|Burma|Loikaw
13194139533696|1620805975178|Caro|false|male|550972800000|Ukraine|Kiev
26388279067009|1658178889575|Potterton|false|female|697075200000|Israel|Jerusalem
26388279067010|1659185264264|Bono|false|male|747705600000|India|Jorhat
6597069767043|1603428355473|Malvar|false|female|656812800000|South_Africa|Cape_Town
24189255811460|1651017267935|Gode|false|female|569635200000|India|Tezpur
21990232555909|1643198260774|Ocampo|false|male|658195200000|India|Brahmavar
28587302322566|1667439310160|Petrini|false|female|677203200000|China|Changchun
6597069767047|1601397608847|Joseph|false|female|389404800000|India|Maharashtra
24189255811464|1651854445175|Thunayan|false|male|520819200000|Russia|Biysk
10995116278153|1611968359523|Salome|false|female|365904000000|China|Deyang
24189255811466|1653567604992|Duque|false|female|347155200000|Vietnam|Nha_Trang
28587302322571|1665934974377|Errasti|false|female|807926400000|Czech_Republic|Olomouc
17592186044812|1633302861461|Mamabolo|false|female|738028800000|China|Dengfeng
15393162789261|1628031398287|Peca|false|male|852854400000|Poland|Radom
15393162789262|1629707504631|Valdez|false|male|634435200000|Germany|Mannheim
6597069767055|1602353308287|Nnamdi|false|male|910656000000|India|Salem
4398046511504|1594333450743|Rossano|false|male|781488000000|United_States|Cleveland
17592186044817|1632925583684|Grant|false|female|617068800000|Venezuela|Barquisimeto
28587302322578|1666388312380|Mouldi|false|male|865468800000|China|Erenhot
2199023255955|1585362253827|West|false|male|716256000000|Germany|Mannheim
6597069767060|1597563608784|Gil|false|male|606268800000|India|Loni
10995116278165|1616626618772|Stack|false|male|838425600000|China|Fuyang
19791209300374|1640364567614|Bolbukh|false|female|913507200000|Mexico|Nuevo_Laredo
17592186044823|1632359465196|Yu|false|male|831427200000|Vietnam|Quy_Nhơn
10995116278168|1616882803186|Telek|false|female|460944000000|Singapore|SingaporeCity
26388279067033|1662107892461|Vyvyan|false|female|863827200000|Hungary|Piliscsaba
24189255811482|1650703174462|Suematsu|false|male|629769600000|Canada|Vancouver
19791209300379|1640987911768|Pilbeam|false|male|811987200000|Democratic_Republic_of_the_Congo|Kananga
21990232555932|1644828573469|Rix|false|male|523324800000|India|Silchar
6597069767069|1599969965784|Natan-Zada|false|male|322272000000|Romania|Constanța
4398046511518|1591733060328|Varley|false|male|660268800000|India|Sion
4398046511519|1593174590489|Wallace|false|female|845856000000|Colombia|Cartagena
28587302322592|1667032803563|Bakunin|false|female|513302400000|Japan|Nagakute
26388279067041|1658169259939|Stoker|false|female|528681600000|China|Daqing
24189255811490|1656227916372|Sarnecki|false|male|609984000000|China|Xinxiang
15393162789283|1629218369639|Kellman|false|female|851472000000|Tanzania|Dodoma
420|1582712000280|Staudle|false|male|672192000000|Ethiopia|Nekemte
8796093022629|1609346997603|Elias|false|male|828316800000|Kazakhstan|Taraz
10995116278182|1616055395014|Prandtl|false|female|430444800000|China|Binzhou
10995116278183|1610587823858|Roman|false|female|712108800000|India|Jaipur
21990232555944|1648437604362|Sami|false|male|357782400000|Germany|Stuttgart
19791209300393|1641393171442|Mosher|false|female|689904000000|Afghanistan|Puli_Khumri
426|1579231970477|Shabazz|false|female|333936000000|China|Changzhou
6597069767083|1600298225987|Barker|false|female|336960000000|China|Beibei_District
10995116278188|1614447086510|Vrba|false|male|527558400000|China|Da'an
24189255811501|1651242161722|Grant|false|female|870912000000|United_Kingdom|North_Wales
17592186044846|1630283441193|Van Brabant|false|female|704160000000|Mexico|Campeche
431|1583288878737|Riby|false|female|646272000000|China|Beiliu
15393162789296|1626201046705|Holmer|false|female|550540800000|China|Dazhou
433|1580159133077|Prussia|false|male|501120000000|Mexico|Pedro_Escobedo
15393162789298|1625046458375|Rodriguez|false|male|511056000000|China|Bei'an
8796093022643|1606030685568|Talay|false|male|643766400000|Senegal|Thies
17592186044852|1635599706745|Schirrmacher|false|male|582336000000|Cameroon|Douala
17592186044853|1632681550208|Rubin|false|female|726278400000|China|Changji
13194139533750|1618797357788|Monaghan|false|female|840067200000|Brazil|Ribeirão_Preto
21990232555959|1643962014626|Abbes|false|male|489628800000|India|Rewari
2199023255992|1590581392435|Holmes|false|male|527904000000|Cambodia|Pray_Veng
26388279067065|1658295084269|Vrana|false|female|398390400000|Namibia|Windhoek
21990232555962|1647570625666|Bolger|false|female|811900800000|China|Changge
28587302322619|1665129744260|Benedict XI|false|male|394848000000|Vietnam|Nha_Trang
10995116278204|1613420547930|Hawker|false|male|505267200000|Philippines|Cavite_City
19791209300413|1638081307382|Fehér|false|male|491184000000|India|Erode
2199023255998|1587127387113|Bunim|false|female|877046400000|Japan|Toyoake
15393162789311|1628988821779|Yilmaz|false|female|891820800000|Japan|Aichi_Prefecture
26388279067072|1657524415722|Velo|false|female|809222400000|Japan|Fujisawa
4398046511553|1593261087738|Maguire|false|male|913680000000|United_States|Austin
13194139533762|1621954341994|Morrisseau|false|male|338083200000|Venezuela|Sucre
26388279067075|1662749869825|Otsuka|false|male|397267200000|China|Changsha
28587302322628|1668520628882|Delaney|false|female|676771200000|Japan|Toyohashi
13194139533765|1617804903673|Fuente|false|female|524707200000|Malta|San_Gwann
26388279067078|1657131394638|Rogers|false|male|545184000000|China|Foshan
24189255811527|1650330041800|Vivier|false|male|812764800000|Azerbaijan|Baku
13194139533768|1621359612087|Mela|false|male|907027200000|India|English_Bazar
30786325578185|1672295188888|Lederer|false|female|588988800000|China|Yinchuan
24189255811530|1651360734016|Hrustak|false|male|904780800000|China|Xinxiang
2199023256011|1586646485345|Cabon|false|male|529545600000|Czech_Republic|Ostrava
19791209300428|1637502397199|Khouth|false|female|319248000000|Greece|Thessaloniki
24189255811533|1653659064593|Dubieńska|false|female|902793600000|China|Anyang
26388279067086|1662437594437|Etxebarria Arruti|false|male|735696000000|Madagascar|Toliara
15393162789327|1629451334489|Lacson|false|female|319766400000|Philippines|Malate
19791209300432|1636884479388|Buzzin|false|male|755740800000|India|Bangalore
30786325578193|1669356426691|Melo|false|female|428112000000|United_States|Minneapolis
17592186044882|1635307980731|Everett|false|male|791078400000|Canada|Hamilton
467|1579993148892|House|false|female|791078400000|Vietnam|Pleiku
13194139533780|1621773492022|Parkinson|false|female|745632000000|Pakistan|Taxila
15393162789333|1625011672851|Vandooren|false|female|459734400000|Yemen|Al_Mukalla
10995116278230|1613380680579|Krawczyk|false|female|843782400000|Poland|Poznań
24189255811543|1650343393368|Young|false|male|773020800000|Laos|Vientiane
28587302322648|1668964402722|ElanJikal|false|female|375840000000|China|Chuzhou
2199023256025|1587203070275|Saavedra Lamas|false|female|393292800000|Russia|Vladivostok
6597069767130|1602212630340|Gorog|false|male|853545600000|China|Nanchang
6597069767131|1598357117080|Nawrocka|false|male|580262400000|China|Da'an
21990232555996|1645536438866|Lynch|false|male|316483200000|Pakistan|Wah_Cantonment
477|1582673394020|Dooley|false|male|567043200000|Vietnam|Hanoi
2199023256030|1586073327755|Stinson|false|male|704592000000|Pakistan|Surat,India
8796093022687|1606452932360|Terrell|false|female|331084800000|India|Visakhapatnam
15393162789344|1628785019763|Oh|false|male|853891200000|Mexico|Tlatelolco
28587302322657|1664648254003|Weerasinghe|false|male|748483200000|India|Jiaganj_Azimganj
24189255811554|1651034227232|Geary|false|female|875318400000|China|Dujiangyan
13194139533795|1617282282148|Jago|false|male|521596800000|England|Manchester
4398046511588|1597053620780|Torres Bodet|false|male|673315200000|China|Benxi
8796093022693|1606922326551|Wolff|false|male|654134400000|Indonesia|Bangkalan
6597069767142|1600673766737|List|false|female|853804800000|China|Dehui
28587302322663|1667447129959|Lazarowicz|false|male|538099200000|Taiwan|Zhongli
2199023256040|1585131484977|Orji|false|male|406771200000|Australia|Canberra
28587302322665|1667101566091|Abeygunawardena|false|female|382406400000|Italy|Trieste
8796093022698|1605868222676|Priest|false|male|789436800000|Brazil|Belo_Horizonte
26388279067115|1657637474143|Gudjohnsen|false|female|593654400000|Taiwan|Yunlin_County
8796093022700|1610251425241|Ding|false|female|425347200000|China|Gongyi
24189255811565|1652645961215|Akomfrah|false|female|404956800000|Japan|Nagasaki
8796093022702|1604522434039|Jah|false|male|679881600000|India|Bhilai
10995116278255|1614892349446|Knowles|false|female|780364800000|Ethiopia|Mek'ele
24189255811568|1651936971478|Cauffiel|false|male|917740800000|Belgium|Antwerp
497|1583531815404|Leniston|false|male|812332800000|Germany|Lörrach
21990232556018|1646281410966|Devereux|false|male|741312000000|Japan|Shimonoseki
499|1581795747148|Llamazares|false|male|456364800000|Afghanistan|Lashkar_Gah
21990232556020|1648260488252|Diamond|false|male|591321600000|China|Enshi
15393162789365|1624402829929|Asuncion|false|female|367113600000|Vietnam|Tam_Kỳ
8796093022710|1604864719395|Bologna|false|male|506736000000|United_States|Nashville
26388279067127|1660761023746|Subinaghi|false|female|476496000000|Philippines|Cagayan_de_Oro
24189255811576|1650034397984|Kail|false|male|726364800000|Pakistan|Faisalabad
13194139533817|1619280876544|Mauss|false|male|742608000000|Indonesia|Badung_Regency
8796093022714|1604734472854|Night|false|male|429148800000|South_Korea|Andong
507|1583441604508|Kaljujarv|false|female|462067200000|Germany|Wiesbaden
15393162789372|1628555187170|Greif|false|female|812505600000|Indonesia|Yogyakarta
28587302322685|1664034427327|Banfoldi|false|male|445564800000|Poland|Poznań
19791209300478|1641097074081|Carlos|false|female|548726400000|India|Vadodara
10995116278271|1615248254427|Parsa|false|female|621043200000|Poland|Poznań
10995116278272|1610776783305|Gutierrez Ortiz|false|female|734918400000|Morocco|Marrakech
28587302322689|1668401026279|Mattler|false|female|923961600000|Papua_New_Guinea|Port_Moresby
26388279067138|1660308883757|Mochida|false|male|839116800000|United_States|Milwaukee
28587302322691|1668432841172|Borte|false|female|729561600000|China|Mbabane
24189255811588|1655456764837|Gladyr|false|male|856742400000|Chile|Temuco
10995116278277|1616422630984|Varchetta|false|male|324518400000|Kenya|Kitengela
4398046511622|1593949545668|Flachi|false|female|565228800000|Philippines|San_Miguel
17592186044935|1632763656594|Bonaiuto|false|male|877132800000|Indonesia|Bengkulu
26388279067144|1658429191033|Ostertag|false|male|560736000000|India|Namakkal
8796093022729|1608135546978|Aisner|false|female|716428800000|India|Kolkata
6597069767178|1599739123208|Schriever|false|female|923011200000|China|Guangzhou
28587302322699|1664465540607|Agnes Christina Of Austria|false|female|866505600000|Vietnam|Bắc_Giang
28587302322700|1665592555428|Shama|false|male|629942400000|Mexico|Querétaro
4398046511629|1595485940527|Alleman|false|male|342403200000|South_Korea|Yongin
8796093022734|1609533298859|Hiltermann|false|male|416016000000|Indonesia|Jambi_City
19791209300495|1639099828713|Chittell|false|male|564451200000|India|Faridabad
15393162789392|1629438121764|Filmography|false|male|751680000000|Brazil|Petrópolis
8796093022737|1605831599935|Truitt|false|female|737251200000|India|Haldia
10995116278290|1611487293766|Mealing|false|female|858470400000|Italy|Pavia
13194139533843|1617999927799|Griffith|false|female|561427200000|Germany|Ingolstadt
10995116278292|1613106682755|Corkill|false|female|908323200000|China|Da'an
13194139533845|1622626419026|Chacon|false|male|869184000000|Brazil|João_Monlevade
28587302322710|1669243138426|Tobey|false|male|612144000000|Nepal|Gwarko
535|1580651669833|Brocklebank|false|male|684115200000|Canada|Montreal
26388279067160|1661807634455|Parkinson|false|male|732499200000|Liberia|Monrovia
24189255811609|1652226499167|Plemelj|false|male|886032000000|China|Chizhou
19791209300506|1641949148365|Sundarambal|false|male|334454400000|Bulgaria|Sofia
8796093022747|1609085216372|Jacoby|false|female|789177600000|India|Gandhinagar
19791209300508|1642126627641|Mackrell|false|female|846633600000|Egypt|El_Shorouk
21990232556061|1644769039142|Kharrazi|false|female|917654400000|Brazil|Santa_Maria
6597069767198|1603787247686|Gooch|false|male|852508800000|Laos|Vientiane
17592186044959|1632758632544|Tranter|false|female|494899200000|India|Belgaum
8796093022752|1605577602648|Morzone|false|female|610848000000|Mexico|Campeche
19791209300513|1640075047733|Whitcomb|false|male|869788800000|China|Deyang
28587302322722|1664577075769|Kuşkapan|false|female|663120000000|Japan|Shimonoseki
21990232556067|1646708618067|Mathias|false|female|486518400000|China|Cixi
13194139533860|1623034137355|Tierney|false|female|472694400000|China|Fengzhen
24189255811621|1654452179941|Gurbanov|false|female|666748800000|South_Korea|Seongbuk-gu
21990232556070|1643365159380|Rainford|false|male|375408000000|Zambia|Livingstone
13194139533863|1622501973280|Peuhu|false|male|613872000000|Japan|Aichi_Prefecture
30786325578280|1670232656183|Milea|false|female|611884800000|India|Andhra_Pradesh
15393162789417|1627794778151|Rodgers|false|male|410054400000|Vietnam|Hung_Yen_province
19791209300522|1641255873190|Teixeira|false|female|739065600000|China|Hefei
28587302322731|1668690050122|Carver|false|female|749520000000|Tanzania|Dar_es_Salaam
15393162789420|1628723524418|Castro|false|male|751766400000|India|Jalpaiguri
26388279067181|1658080016908|Chauveau|false|female|738892800000|Vietnam|Phan_Thiết
17592186044974|1632900214102|Simmonds|false|female|325123200000|Laos|Vientiane
4398046511663|1593963321853|Leskanich|false|male|792633600000|India|Jodhpur
19791209300528|1639693553321|Dowding|false|male|906768000000|Brazil|Ribeirão_Preto
28587302322737|1667634016408|Lysyj|false|male|890006400000|Madagascar|Antanifotsy
2199023256114|1587254134383|Samperi|false|male|379382400000|India|Bihar
6597069767219|1599188135515|Gibbs|false|female|363916800000|Thailand|Nakhon_Pathom_Province
19791209300532|1639404517081|Frost|false|male|910396800000|United_Kingdom|Bristol
19791209300533|1640531246505|Nemri|false|female|699494400000|India|Karnataka
8796093022774|1606065844246|Giambelli|false|female|916272000000|Indonesia|Tarakan
2199023256119|1588677351512|Cerroni|false|female|869356800000|England|Birmingham
4398046511672|1591063183429|Malvar|false|female|336528000000|Tanzania|Mwanza
19791209300537|1642207090606|Cockayne|false|male|889660800000|Czech_Republic|Prague
8796093022778|1607078376063|Baloo|false|female|751075200000|Japan|Bunkyo
15393162789435|1629750950781|Østerholm|false|female|716428800000|Senegal|Touba
15393162789436|1626396979476|Beard|false|female|436233600000|Czech_Republic|Prague
6597069767229|1603362675708|Caprioli|false|male|666662400000|Tunisia|Monastir
8796093022782|1610492102016|Moncrief|false|male|854755200000|Hungary|Debrecen
30786325578303|1670509475935|Agabayew|false|male|937353600000|Vietnam|Tam_Kỳ
2199023256128|1589690874202|Arantes do Nascimento|false|male|899596800000|India|Kannur
30786325578305|1671500834693|Machallem|false|male|936662400000|France|Lyon
6597069767234|1602993153460|Testoni|false|male|586396800000|India|Thiruvananthapuram
2199023256131|1588985811314|Jordan|false|female|426643200000|China|Beijing
580|1580681858684|Farnall|false|female|707529600000|India|Agra
2199023256133|1588282295365|Sachet|false|male|609724800000|Russia|Krasnodar
17592186044998|1633036933113|De Juana Garcia|false|male|318729600000|Indonesia|West_Papua
19791209300551|1639506479532|Zabala|false|male|711417600000|Brazil|Pelotas
19791209300552|1641088242992|Darling|false|female|410486400000|Belgium|Tonbridge
4398046511689|1594733955929|Blatt|false|male|770169600000|India|Hyderabad
10995116278346|1611525649328|Shull|false|female|930873600000|China|Bozhou
6597069767243|1600852245443|Wetch|false|male|587520000000|Tanzania|Mbeya
21990232556108|1643272293327|Ales|false|female|733017600000|Yemen|Zinjibar
13194139533901|1621218423253|Kalvitis|false|male|908928000000|Sri_Lanka|Nugegoda
21990232556110|1646187263949|Rayol|false|female|757382400000|South_Korea|Seoul
8796093022799|1605862884339|Baranova|false|female|757209600000|Germany|Koblenz
4398046511696|1595546856923|Hoop Scheffer|false|male|709257600000|Brazil|Bagé
24189255811665|1650204445598|Macavoy|false|female|341884800000|Russia|Saratov
28587302322770|1665550459834|Zagallo|false|male|397699200000|China|Fuqing
13194139533907|1619445276244|Tsoi|false|female|638236800000|Mexico|Tlalpan
28587302322772|1666649418406|Critchlow|false|male|573868800000|Philippines|Mandaluyong
17592186045013|1630571470357|Oliva|false|female|332121600000|India|Noida
17592186045014|1631091055845|Zeidan|false|male|602553600000|Japan|Nara
4398046511703|1591343824142|Angern|false|male|833414400000|Vietnam|Tam_Kỳ
30786325578328|1671039330654|Gemayel|false|female|891734400000|Philippines|Santa_Rosa
601|1580299360132|Gunn|false|male|790214400000|Indonesia|Central_Jakarta
10995116278362|1616929393801|Brodeur|false|male|931737600000|India|Palayamkottai
10995116278363|1614537414763|Deutch|false|male|394243200000|Poland|Warsaw
19791209300572|1641533943787|Flory|false|female|930614400000|Germany|Hamburg
8796093022813|1606102708366|McLaren|false|female|366854400000|England|Manchester
21990232556126|1645589323888|Schierholtz|false|female|661564800000|South_Africa|Bellville
26388279067231|1660434970480|Schomberg|false|female|851472000000|Australia|Sydney
17592186045024|1634615180005|Macmurdo|false|female|730598400000|Portugal|Braga
26388279067233|1656617333630|Rakovic|false|male|518054400000|United_Kingdom|Coventry
26388279067234|1662156864781|Bodel|false|female|693446400000|England|Sheffield
24189255811683|1651385441339|Warhurst|false|male|563587200000|Vietnam|Đồng_Hới
8796093022820|1608678543910|Blatchley|false|male|793497600000|Colombia|Bucaramanga
15393162789477|1626310841459|Bartosik|false|female|386726400000|China|Harbin
24189255811686|1650837398452|Pelletier|false|female|931996800000|India|Tiruchirappalli
21990232556135|1647335724572|Pill|false|female|648864000000|China|Artux
15393162789480|1625767598054|Lalah|false|female|483148800000|India|Kolkata
30786325578345|1669778874263|De Clercq|false|female|597196800000|Norway|Oslo
4398046511722|1593483190711|Ballante|false|male|691372800000|Sweden|Uppsala
8796093022827|1604999668023|Caan|false|male|549676800000|Brazil|Guanhães
4398046511724|1591176678629|Roper|false|male|887328000000|China|Nanchang
4398046511725|1595015038136|Markov|false|male|479260800000|China|Chaozhou
2199023256174|1590620145058|Macwalter|false|male|396316800000|Netherlands|Maastricht
24189255811695|1649938464334|Boatman|false|male|609984000000|India|Rohtak
28587302322800|1668599084291|Mohede|false|male|479865600000|Italy|Florence
10995116278385|1615394652024|Talamayan|false|female|429840000000|Philippines|Legazpi
21990232556146|1646645045461|James|false|male|826934400000|Belgium|Canterbury
4398046511731|1597236585244|Blissett|false|female|702691200000|China|Tianjin
17592186045044|1633395939370|Youngblood|false|male|608342400000|China|Baicheng
4398046511733|1592202423924|Taylor|false|male|517881600000|Wales|Swansea
630|1578862322831|Abutalybov|false|male|787017600000|Vietnam|Bà_Rịa
21990232556151|1647350453450|Proskouriakoff|false|female|908064000000|Vietnam|Tam_Kỳ
632|1579054904159|Bukofzer|false|female|892684800000|Brazil|Pelotas
2199023256185|1587189909470|Landsberg|false|male|729561600000|China|Changge
4398046511738|1595860263200|Sheahan|false|male|936489600000|Sri_Lanka|Kandy
13194139533947|1619705411926|Dunant|false|female|559612800000|Dominican_Republic|Santo_Domingo
636|1583256146472|Domingo|false|female|919468800000|Cuba|Havana
4398046511741|1591867385629|Balakumaran|false|male|628041600000|United_States|New_York_City
6597069767294|1601447499225|Dobson|false|male|319766400000|Algeria|Algiers
21990232556159|1648621090436|Zilberstein|false|female|455846400000|Cuba|Jagüey_Grande
640|1578026261401|Menville|false|female|341798400000|Czech_Republic|Moravia
15393162789505|1628605097869|Maropi|false|male|748224000000|India|Gandhinagar
642|1582167806914|Dafydd|false|male|480729600000|India|Bhilai
28587302322819|1667369274742|Pechet|false|female|552268800000|India|Gandhinagar
6597069767300|1602735694392|Torre|false|male|583286400000|Iran|Shiraz
4398046511749|1593812576138|Rogovin|false|female|781574400000|Belarus|Brest
646|1581230067731|Boyes|false|male|789696000000|Peru|Distrito_de_Bellavista
15393162789511|1628006531115|Recha|false|male|596419200000|Tunisia|La_Marsa
648|1579578512939|Akhavan|false|male|367200000000|India|Ghaziabad
24189255811721|1655589214030|Hudgens|false|female|815788800000|Mexico|Mérida
26388279067274|1656897932184|Sky|false|female|790128000000|Egypt|Ramadan_City
24189255811723|1649999044702|Yamadera|false|female|931651200000|South_Africa|Johannesburg
30786325578380|1671511249815|Madejski|false|female|410400000000|Nepal|Lalitpur
17592186045069|1631698526772|Morgan|false|female|567907200000|India|Bareilly
19791209300622|1638089512722|Bateson|false|male|460080000000|Sweden|Borås
26388279067279|1661050967794|Couderc|false|male|421286400000|Japan|Toyota
4398046511760|1593784962209|Barry|false|female|854668800000|India|Dehradun
2199023256209|1586954309803|Paige|false|female|590284800000|Malaysia|Selangor
2199023256210|1586890578377|Kaskeala|false|female|677635200000|India|Palayamkottai
6597069767315|1602193063268|Dogar|false|female|653961600000|Nepal|Kirtipur
2199023256212|1588957965820|Maas|false|male|692755200000|Slovenia|Ljubljana
10995116278421|1616320483549|Bonnot|false|female|346896000000|Sweden|Örebro
19791209300630|1642664583088|von Schamann|false|female|870480000000|Canada|Fredericton
26388279067287|1658728545913|Anderson Imbert|false|male|423100800000|China|Nanning
19791209300632|1639157289992|Schleck|false|female|700185600000|China|Nanchang
24189255811737|1653095779710|Palma|false|male|614476800000|Brazil|Belo_Horizonte
19791209300634|1640260633570|Fleming|false|male|371088000000|Egypt|Beni_Suef
6597069767323|1601032703940|Banachiewicz|false|male|392256000000|Netherlands|Maastricht
668|1584270153486|Horton|false|male|503452800000|Argentina|Presidencia_Roque_Sáenz_Peña
26388279067293|1658998550355|Bretz|false|female|728438400000|China|Anlu
21990232556190|1645863408103|Agren|false|female|941760000000|Romania|Bucharest
17592186045087|1634268851004|Morgans|false|male|423187200000|Moldova|Ungheni
28587302322848|1664690379488|Hildreth|false|male|478742400000|Ethiopia|Mettu
21990232556193|1647631749637|Qadi|false|female|415152000000|Brazil|Poços_de_Caldas
4398046511778|1594666850160|Pigaut|false|female|474595200000|Philippines|Cagayan_de_Oro
675|1580959185410|Moon|false|male|740102400000|China|Nan'an_District
2199023256228|1586739757747|Eaton|false|female|757900800000|China|Dongfang
24189255811749|1651460576568|Ewerlof|false|female|639273600000|China|Luoyang
28587302322854|1667835589561|Biebauw|false|male|508377600000|Sweden|Jönköping
28587302322855|1663390066434|Karachalios|false|male|592704000000|Turkey|Bursa
15393162789544|1626759513576|Ball|false|female|889228800000|Netherlands|Utrecht
6597069767337|1599876561642|Clement|false|female|427248000000|Germany|Mainz
28587302322858|1667033156892|Battaglia|false|male|497404800000|Pakistan|Rawalpindi
19791209300651|1637540858330|Granath|false|male|720403200000|Australia|Perth
684|1583847116641|Alberstein|false|female|467942400000|China|Chengde
21990232556205|1645879277471|Stern|false|female|703296000000|India|Erode
15393162789550|1624334850978|Mactiernan|false|male|855964800000|China|Chibi
28587302322863|1668395318781|Gossard|false|male|658627200000|India|Kandivali
8796093022896|1605936060709|Winterbottom|false|male|368928000000|Japan|Shibuya
19791209300657|1639318347955|Coombs|false|male|662688000000|Papua_New_Guinea|Port_Moresby
10995116278450|1613295790496|Reyes|false|female|384912000000|Mexico|Campeche
19791209300659|1637901253889|Valdez|false|female|603417600000|Germany|Augsburg
19791209300660|1639545007352|Grover-Williams|false|female|392428800000|Peru|Lima
30786325578421|1669531079036|Spicer|false|female|518400000000|Japan|Yokosuka
15393162789558|1624405143226|Abdelli|false|male|728006400000|Poland|Kraków
24189255811767|1653279321396|Morel|false|female|748656000000|Pakistan|Nawabshah
2199023256248|1588615969344|Kuroda|false|female|480211200000|India|Jorhat
2199023256249|1590552886114|Malet|false|female|566179200000|Greece|Patras
24189255811770|1649820999388|Nicon|false|female|438739200000|Ukraine|Kiev
15393162789563|1628252515946|Jakubowska|false|male|576806400000|India|Barrackpore
2199023256252|1587888003006|Haarde|false|male|673401600000|England|Birmingham
13194139534013|1618962809576|Bremer|false|female|662083200000|United_States|Pittsburgh
28587302322878|1667071881193|Kokot|false|male|939254400000|Hungary|Esztergom
13194139534015|1621525405113|Torres|false|female|544060800000|India|Shibpur
6597069767360|1602694683731|Devedjian|false|male|689040000000|Mexico|Campeche
13194139534017|1617641481837|Casady|false|female|867196800000|India|Barasat
2199023256258|1586978678703|Barrell|false|male|851644800000|Brazil|Poços_de_Caldas
13194139534019|1619784688038|Griffiths|false|female|850953600000|India|Bidar
30786325578436|1670714420228|Popplewell|false|male|667267200000|Hungary|Zalaegerszeg
13194139534021|1618380581060|Tutmarc|false|male|845942400000|France|Montpellier
2199023256262|1585922858172|Stephenson|false|male|597456000000|Algeria|Annaba
26388279067335|1661828171210|Shadyac|false|female|510710400000|Pakistan|Peshawar
4398046511816|1595662926267|Boese|false|female|921283200000|Mexico|Santa_Catarina
28587302322889|1665410880329|Vettori|false|male|824601600000|Kazakhstan|Taraz
2199023256266|1589996810227|Ruscha|false|male|346118400000|Afghanistan|Gardēz
15393162789579|1628403847978|Easterbrook|false|female|736646400000|Malaysia|Shah_Alam
15393162789580|1627422493258|Jöhncke|false|male|498096000000|Indonesia|Makassar
19791209300685|1642292150488|Taylor|false|female|318297600000|Angola|Luanda
19791209300686|1641075626385|Cree|false|male|911088000000|Peru|Trujillo
30786325578447|1669941679495|Olmedo|false|male|930182400000|India|Purulia
6597069767376|1602445088018|Gunaratana|false|male|773625600000|Japan|Nisshin
17592186045137|1631614501319|Morales|false|male|825811200000|India|Tirupati
28587302322898|1667141639741|Blanche|false|male|507513600000|India|Navi_Mumbai
19791209300691|1637560880527|Grove|false|female|702172800000|India|Thanjavur
17592186045140|1634226665890|Astall|false|male|866160000000|China|Changzhi
4398046511829|1591284606109|Paakkonen|false|male|457142400000|Senegal|Rufisque
15393162789590|1627265761300|Steed|false|female|532137600000|India|Anantapur
13194139534039|1617624147191|Almeyda|false|male|922665600000|Romania|Oradea
19791209300696|1638658617941|Guttman|false|female|826070400000|India|Kolhapur
729|1578504047273|Rowlands|false|female|896400000000|Philippines|Davao_City
21990232556250|1644709521716|Sample|false|male|469324800000|China|Dazhou
24189255811803|1650104324514|Kadi|false|female|843264000000|Australia|Darlington
8796093022940|1607552311409|Weisz|false|female|322963200000|Moldova|Ungheni
10995116278493|1614352033914|Delbonnel|false|male|818726400000|Kazakhstan|Pavlodar
4398046511838|1593879124099|Starck|false|female|619142400000|Kenya|Kitale
6597069767391|1600359206701|Dinklage|false|female|442713600000|Belgium|Liège
15393162789600|1630096289014|Masters|false|male|930614400000|China|Nanchang
6597069767393|1599836259257|Lee|false|female|348192000000|Germany|Augsburg
10995116278498|1614417490843|Cools|false|male|846979200000|Croatia|Zagreb
19791209300707|1640310992768|Musashiyama|false|female|720144000000|Pakistan|Faisalabad
24189255811812|1654003132912|Goubert|false|female|747100800000|India|Rourkela
21990232556261|1643368428390|Kenji|false|female|892166400000|China|Daqing
13194139534054|1619926781054|Bassey|false|male|730166400000|China|Macau
743|1581441346943|Hergesheimer|false|female|813024000000|Cambodia|Kampong_Speu
13194139534056|1618277256357|Shem-Tov|false|male|606182400000|Germany|Mannheim
21990232556265|1645247202540|Glass|false|female|798249600000|Japan|Toyota
17592186045162|1632528426164|Aghdamski|false|male|633052800000|Tunisia|Kairouan
13194139534059|1619331788857|Johannesson|false|male|622080000000|Czech_Republic|Olomouc
21990232556268|1647982636164|Fong|false|female|351734400000|India|Arambag
2199023256301|1588759449414|Iwatani|false|male|403315200000|China|Baotou
10995116278510|1611107056150|Morrissy|false|male|891734400000|Mexico|Antón_Lizardo
15393162789615|1625136592830|Hand|false|female|779155200000|Greece|Athens
24189255811824|1654093336501|Nordmeyer|false|female|517276800000|Brazil|Lorena
15393162789617|1627578431060|Dalpuget|false|female|429926400000|Japan|Akita_City
21990232556274|1649681232368|Jaffrey|false|male|584755200000|Argentina|Posadas
755|1577902427158|Bertrand|false|male|693273600000|Australia|Adelaide
17592186045172|1631412605389|Foot|false|female|419126400000|India|Delhi
2199023256309|1587703990386|Cumberland|false|male|636076800000|United_Kingdom|Coventry
19791209300726|1636711422196|Rodic|false|male|733968000000|Pakistan|Lahore
19791209300727|1637730597132|Bilyaletdinov|false|female|378000000000|Philippines|Naga
28587302322936|1666700378102|Bellard|false|female|382406400000|China|Yantai
4398046511865|1594743747807|Jez|false|female|347500800000|Brazil|Salvador
17592186045178|1633361111007|Senewiratne|false|male|918345600000|Brazil|Campos_dos_Goytacazes
26388279067387|1661468395170|Seymour|false|male|820540800000|China|Yinchuan
17592186045180|1631581590500|N'Kongue|false|male|361497600000|Japan|Nara
15393162789629|1625240560939|Komroff|false|female|559526400000|India|Visakhapatnam
21990232556286|1644840060276|Torrens|false|male|625968000000|Niger|Niamey
21990232556287|1645695081012|Storme|false|male|450662400000|India|Warangal
13194139534080|1618456624835|Healy|false|female|812678400000|Mexico|Montemorelos
769|1582161346825|Buttiglione|false|male|482371200000|India|Allahabad
2199023256322|1584773202008|Shapiro|false|female|846288000000|Iran|Qom
17592186045187|1632014330822|Kawahara|false|male|556934400000|Turkey|Eskişehir
6597069767428|1598183000694|Boehm|false|male|675561600000|Brazil|Campos_dos_Goytacazes
30786325578501|1669856306174|Terzi|false|male|644284800000|Portugal|Faro
4398046511878|1594027466313|Lister|false|female|434419200000|Madagascar|Antananarivo
775|1582480808456|Bennahmias|false|male|939772800000|United_States|Atlanta
13194139534088|1618106290597|Lord|false|male|322704000000|South_Korea|Gwangju
19791209300745|1636899600378|Brams|false|male|535593600000|Ukraine|Mykolaiv
21990232556298|1648574528827|Alfaro Siqueiros|false|male|710035200000|China|Chizhou
15393162789643|1627386080418|Rasso Of Bavaria|false|female|403488000000|India|Kerala
10995116278540|1616606737634|Holden|false|female|697507200000|Japan|Shimonoseki
4398046511885|1596629692268|Dascenzo|false|female|898128000000|Indonesia|Yogyakarta
21990232556302|1643911411205|Ramirez|false|male|524275200000|India|Namakkal
26388279067407|1660471991709|Grimwood|false|female|636076800000|India|Krishnanagar
4398046511888|1593450706906|Udovenko|false|male|377481600000|India|Patna
785|1582257326026|Gaztañaga|false|female|773366400000|India|Shibpur
4398046511890|1591491733465|Macsorley|false|female|675043200000|Indonesia|Pontianak
10995116278547|1616756680416|Moo|false|male|883612800000|China|Anda
17592186045204|1632120981256|Casanova|false|female|943228800000|India|Thrissur
10995116278549|1613768975044|Shull|false|male|639014400000|China|Nanjing
6597069767446|1598190811057|Zou|false|male|939427200000|Kenya|Thika
2199023256343|1590050784797|Gashimov|false|male|565574400000|South_Korea|Andong
26388279067416|1662128348837|Le Claire|false|male|569462400000|Sweden|Örebro
15393162789657|1628878389495|Coll|false|female|802224000000|Mexico|Oaxaca
6597069767450|1598526466273|Plommer|false|female|842572800000|Afghanistan|Asadabad
8796093023003|1610328481058|Szczyglo|false|female|416793600000|United_States|Gainesville
21990232556316|1646175514063|Mirzaev|false|male|411177600000|Ukraine|Donetsk
26388279067421|1661449965282|Theissen|false|female|736992000000|Philippines|Los_Baños
24189255811870|1655008288896|Bustamante|false|male|542419200000|India|Talcher
26388279067423|1661769531540|Rolfe|false|female|743817600000|England|Sheffield
