companyId|loanId|createTime|org
29|23080948090273828|2020-03-23 19:03:05.567|State Farm Bank
1099511627777|36310271995674626|2020-05-09 14:11:12.092|PNC Bank
43|36310271995674689|2020-05-09 21:11:49.05|Earnest
1099511628000|40813871623045419|2020-05-25 10:20:29.381|RealtyMogul
93|45035996273705071|2020-06-09 14:48:23.534|American Express
2199023255862|55732045388710292|2020-07-17 22:15:34.628|BlueVine
2199023255687|60798594969501870|2020-08-05 02:30:06.195|LightStream
3298534883678|68398419340689866|2020-08-31 07:19:51.388|Fundbox
3298534883645|68679894317400480|2020-09-01 22:14:26.702|OneMain Financial
257|74027918874902872|2020-09-20 13:04:18.093|Fundbox
2199023255737|75153818781745396|2020-09-24 05:56:46.615|Kabbage
1099511628000|79375943432405289|2020-10-09 06:32:50.263|US Bank
3298534883429|80220368362537080|2020-10-13 02:53:49.522|Fundbox
3298534883699|80783318315958770|2020-10-15 04:46:02.963|Peerform
43|82190693199511616|2020-10-20 02:47:17.172|Kabbage
2199023255724|83598068083065056|2020-10-25 05:47:32.152|State Farm Bank
1099511627828|90353467524120648|2020-11-17 13:07:56.933|PNC Bank
4398046511208|90634942500831358|2020-11-18 14:21:26.009|SunTrust
1099511628134|90634942500831702|2020-11-19 06:20:05.068|Wells Fargo
3298534883678|91479367430963656|2020-11-21 13:45:56.66|Upstart
29|95138542128201763|2020-12-05 07:14:58.238|Upstart
365|97953291895308769|2020-12-15 07:37:45.901|LendingPoint
1099511627996|98516241848729892|2020-12-16 13:27:41.168|Peerform
365|103582791429521891|2021-01-03 18:29:54.246|Marcus by Goldman Sachs
1099511627834|105553116266496079|2021-01-10 23:00:27.759|Fundrise
2199023255710|106960491150049485|2021-01-16 01:25:52.318|SoFi
2199023255724|107241966126760161|2021-01-17 02:59:45.411|Avant
4398046511337|108930815987024185|2021-01-22 19:41:00.196|Chase Bank
2199023255862|111745565754130837|2021-02-01 12:04:48.086|Chase Bank
257|113434415614394713|2021-02-07 13:22:26.722|Kabbage
4398046511142|114278840544526394|2021-02-10 17:33:19.85|TD Bank
3298534883429|114841790497947769|2021-02-12 18:35:35.066|Kabbage
353|115967690404790734|2021-02-16 13:39:36.089|Capital One
1099511627889|116530640358211722|2021-02-18 15:36:55.405|Bank of America
2199023255862|116812115334922646|2021-02-20 03:56:43.384|Capital One
5497558139261|117093590311633406|2021-02-20 18:07:46.574|OnDeck
2199023255811|117656540265054556|2021-02-22 19:59:13.325|Patch of Land
2199023255948|119626865102029322|2021-03-01 10:34:58.834|Prosper
4398046511309|119908340078739726|2021-03-02 12:49:12.03|OneMain Financial
5497558139103|121315714962293031|2021-03-08 04:25:16.928|Marcus by Goldman Sachs
2199023255687|121597189939003568|2021-03-09 09:24:45.893|BlueVine
2199023255578|122723089845846047|2021-03-12 22:05:33.921|LendingClub
5497558139243|123286039799267808|2021-03-14 10:11:42.925|Marcus by Goldman Sachs
3298534883698|124130464729399790|2021-03-18 01:49:07.816|Upstart
5497558139067|127508164449927417|2021-03-29 20:21:52.9|Wells Fargo
3298534883629|128352589380059534|2021-04-02 02:31:20.528|Earnest
2199023255777|129197014310191405|2021-04-05 08:30:40.118|Peerform
180|130604389193744622|2021-04-09 16:08:26.956|PNC Bank
5497558139002|130885864170455197|2021-04-11 03:13:24.557|SoFi
5497558138886|131167339147165703|2021-04-11 20:18:45.51|SoFi
365|132574714030719460|2021-04-16 21:29:22.591|Roofstock
2199023255940|132574714030719495|2021-04-16 23:32:22.476|Prosper
5497558139019|132574714030719159|2021-04-17 07:11:03.857|State Farm Bank
6597069766832|133700613937561829|2021-04-21 02:47:58.497|Upstart
180|134545038867693805|2021-04-23 18:40:53.842|Earnest
6597069767042|139048638495064578|2021-05-10 04:31:18.677|Upstart
1099511627905|140174538401906852|2021-05-13 21:49:42.433|TD Bank
5497558139019|140456013378617524|2021-05-15 06:18:38.549|Fundrise
351|141300438308749773|2021-05-17 18:21:26.193|Roofstock
3298534883451|142144863238881438|2021-05-20 13:47:22.771|Fundbox
1099511627870|142426338215592051|2021-05-21 19:09:28.016|Peerform
6597069766919|142989288169013602|2021-05-24 10:17:24.468|Fundrise
5497558138895|143552238122434576|2021-05-25 22:44:11.705|Roofstock
5497558139067|144115188075856122|2021-05-28 09:29:07.142|Roofstock
93|147211412819673200|2021-06-08 00:28:26.395|Wells Fargo
6597069766890|148618787703226684|2021-06-12 19:08:44.074|LendingClub
6597069766890|148900262679937341|2021-06-14 11:22:27.074|Kabbage
7696581394819|150026162586780165|2021-06-17 18:54:09.313|Marcus by Goldman Sachs
3298534883393|150589112540201044|2021-06-19 21:32:55.949|Funding Circle
6597069766832|151715012447043814|2021-06-23 13:48:56.151|Funding Circle
2199023255701|151715012447043776|2021-06-23 23:09:27.149|BlueVine
180|151996487423754476|2021-06-24 20:42:54.637|American Express
3298534883597|151996487423754598|2021-06-24 23:47:08.586|PNC Bank
6597069767042|152277962400465411|2021-06-25 22:41:57.655|BlueVine
1099511627835|152559437377175632|2021-06-26 21:30:02.161|Citibank
5497558139109|153966812260729137|2021-07-01 14:27:04.216|Avant
5497558138885|154248287237439494|2021-07-03 03:23:52.931|LendingPoint
5497558139031|154248287237439683|2021-07-03 04:40:39.701|BlueVine
4398046511157|154811237190860873|2021-07-04 17:13:31.568|Avant
2199023255833|155655662120993139|2021-07-07 12:34:02.124|Avant
1099511627995|156500087051125024|2021-07-10 23:44:06.544|American Express
6597069766809|156500087051124936|2021-07-11 07:57:21.824|Navy Federal Credit Union
1099511628134|156781562027835861|2021-07-11 13:48:41.458|SoFi
4398046511480|156781562027835893|2021-07-11 18:12:34.373|SoFi
2199023255889|157344511981257149|2021-07-14 01:22:50.735|American Express
3298534883673|157625986957967815|2021-07-14 17:55:12.38|Roofstock
5497558139129|157625986957967698|2021-07-14 19:57:02.22|Earnest
2199023255889|157907461934678459|2021-07-16 07:46:05.77|Citibank
6597069766898|158751886864810311|2021-07-18 14:39:41.588|SoFi
5497558139109|158751886864810288|2021-07-18 18:32:33.752|Discover
5497558139028|159033361841520830|2021-07-20 04:29:47.685|Fundbox
4398046511399|159596311794942343|2021-07-21 16:25:25.51|Chase Bank
351|161848111608627660|2021-07-29 14:05:25.465|Upstart
5497558138929|164099911422312517|2021-08-06 21:19:02.743|Patch of Land
5497558139031|164381386399023298|2021-08-07 18:43:54.322|State Farm Bank
1099511627777|164662861375733760|2021-08-09 10:31:40.278|OneMain Financial
4398046511309|167759086119551247|2021-08-19 13:48:20.008|Earnest
7696581394552|168603511049683093|2021-08-23 07:29:46.914|Patch of Land
365|169447935979815394|2021-08-26 03:01:05.296|US Bank
2199023255950|169447935979815435|2021-08-26 12:39:15.042|Kabbage
1099511627905|170010885933236390|2021-08-27 20:42:59.522|BlueVine
7696581394469|171136785840078903|2021-09-01 08:25:57.971|Bank of America
2199023255737|171981210770211061|2021-09-03 14:14:15.365|Citibank
5497558139103|172262685746921768|2021-09-04 22:27:22.452|Rocket Loans
1099511627995|172544160723632419|2021-09-05 16:31:09.614|Citibank
4398046511219|173107110677053579|2021-09-08 10:25:41.99|Peerform
7696581394539|174233010583896192|2021-09-12 13:32:08.079|SunTrust
7696581394469|174514485560606776|2021-09-12 16:41:17.97|US Bank
7696581394539|174795960537317505|2021-09-14 02:02:19.648|BlueVine
1099511627905|175921860444160165|2021-09-17 23:23:47.313|Chase Bank
4398046511371|176203335420871012|2021-09-18 14:15:35.078|Wells Fargo
8796093022227|176484810397581336|2021-09-19 19:41:21.932|TD Bank
2199023255889|176766285374292412|2021-09-21 01:05:28.237|Capital One
4398046511309|177329235327713549|2021-09-23 04:09:56.388|Upstart
6597069766832|177892185281134819|2021-09-25 04:21:09.144|Peerform
3298534883629|179018085187977612|2021-09-29 11:48:09.213|Rocket Loans
5497558138895|179862510118109199|2021-10-02 01:41:55.064|State Farm Bank
5497558139028|181551359978373311|2021-10-07 21:02:45.898|Wells Fargo
6597069766960|181832834955084176|2021-10-09 02:08:39.275|Kabbage
4398046511480|181832834955084279|2021-10-09 11:15:41.094|Peerform
4398046511219|182677259885215884|2021-10-12 12:08:13.127|Upstart
2199023255833|184366109745480050|2021-10-18 04:21:26.429|SoFi
1099511628134|185773484629033431|2021-10-23 13:31:44.392|Best Egg
7696581394560|186336434582454432|2021-10-24 22:12:33.016|LendingClub
3298534883649|187462334489297315|2021-10-29 05:19:44.361|Upstart
6597069766723|188869709372850261|2021-11-03 01:55:51.469|SunTrust
7696581394479|189151184349560898|2021-11-03 20:39:30.449|LendingPoint
6597069766919|190277084256403809|2021-11-07 16:20:33.123|Navy Federal Credit Union
7696581394560|190558559233114274|2021-11-08 21:14:24.464|OnDeck
1099511627777|191121509186535425|2021-11-11 01:05:53.432|Upgrade
6597069766681|191402984163246110|2021-11-11 22:06:54.522|Prosper
5497558139123|191402984163246409|2021-11-11 23:30:49.106|Capital One
7696581394541|191402984163246212|2021-11-12 02:58:51.974|OneMain Financial
3298534883678|191684459139957195|2021-11-13 09:51:44.166|BlueVine
7696581394560|191684459139956897|2021-11-13 14:15:42.603|LendingPoint
7696581394552|191965934116667542|2021-11-13 18:28:17.103|Capital One
5497558139109|192810359046799666|2021-11-17 12:05:55.693|Peerform
3298534883698|193936258953642481|2021-11-21 07:30:48.553|Fundrise
8796093022528|194499208907063713|2021-11-22 18:42:51.842|BlueVine
6597069766819|194499208907063512|2021-11-23 07:57:13.708|Peerform
93|194499208907063409|2021-11-23 08:13:01.94|LendingPoint
4398046511480|196188058767327734|2021-11-29 04:58:14.702|Avant
5497558139002|196469533744038043|2021-11-30 04:50:18.832|Kabbage
2199023255889|198158383604302266|2021-12-05 16:40:13.951|PNC Bank
4398046511436|199002808534434226|2021-12-08 19:07:37.735|TD Bank
8796093022564|199002808534434255|2021-12-09 10:15:31.309|Patch of Land
4398046511399|199565758487855496|2021-12-10 22:43:51.344|Best Egg
2199023255737|199565758487855347|2021-12-11 01:32:44.115|Bank of America
8796093022242|199565758487855151|2021-12-11 14:27:27.678|Peerform
7696581394565|200128708441276587|2021-12-12 19:13:34.844|Peerform
5497558139067|200128708441276667|2021-12-13 15:02:01.467|Upgrade
2199023255836|203506408161804662|2021-12-24 21:04:40.602|Earnest
4398046511157|203506408161804362|2021-12-24 21:54:12.692|Rocket Loans
8796093022466|203787883138515291|2021-12-26 08:47:10.103|American Express
8796093022532|204632308068647333|2021-12-28 16:05:40.134|SoFi
6597069766929|204913783045357932|2021-12-30 09:06:06.264|State Farm Bank
7696581394815|205476732998779392|2022-01-01 15:22:42.562|Kabbage
5497558138929|207447057835753540|2022-01-08 08:39:01.449|Chase Bank
6597069766898|208291482765885766|2022-01-11 00:26:26.986|Roofstock
5497558139219|208291482765885887|2022-01-11 01:52:31.634|Avant
5497558138895|208854432719306769|2022-01-13 11:23:08.993|TD Bank
9895604650271|209135907696017786|2022-01-13 21:37:17.055|Wells Fargo
8796093022528|209135907696017826|2022-01-14 05:25:11.702|OnDeck
2199023255777|209417382672728364|2022-01-15 01:21:44.043|TD Bank
5497558139129|209417382672728403|2022-01-15 02:14:37.731|RealtyMogul
8796093022588|210824757556281852|2022-01-19 20:19:18.146|Citibank
7696581394694|211106232532992351|2022-01-21 06:59:22.718|BlueVine
9895604650281|211106232532992394|2022-01-21 15:14:22.086|Earnest
2199023255578|211669182486413345|2022-01-22 17:52:52.93|OnDeck
8796093022242|212513607416545329|2022-01-26 02:07:47.725|PNC Bank
6597069766809|212795082393256137|2022-01-27 06:06:26.526|Avant
2199023255588|215046882206941235|2022-02-03 20:26:40.383|LendingPoint
2199023255578|215609832160362528|2022-02-06 13:17:05.751|OnDeck
5497558139243|216735732067205599|2022-02-09 20:40:58.306|Earnest
10995116277790|217017207043915813|2022-02-11 11:26:16.987|TD Bank
8796093022577|217298682020626925|2022-02-11 17:27:04.852|SoFi
7696581394819|217298682020626948|2022-02-12 03:27:38.572|Marcus by Goldman Sachs
4398046511115|217298682020626443|2022-02-12 03:40:12.857|LendingPoint
1099511627870|217861631974047858|2022-02-13 21:14:01.709|State Farm Bank
1099511627995|218143106950758689|2022-02-14 18:45:20.233|Best Egg
2199023255687|218143106950758573|2022-02-14 20:42:46.652|American Express
3298534883698|219550481834312175|2022-02-20 08:27:42.133|LightStream
5497558139002|220113431787733146|2022-02-22 14:45:30.733|Citibank
6597069766845|220113431787733247|2022-02-22 14:49:00.37|US Bank
10995116277957|220394906764443909|2022-02-23 12:26:30.479|Patch of Land
4398046511208|220394906764443772|2022-02-23 14:02:58.736|Avant
9895604650341|220676381741154770|2022-02-24 15:08:33.872|TD Bank
9895604650159|220957856717865186|2022-02-24 18:02:29.026|Upstart
8796093022240|220957856717865004|2022-02-25 12:36:32.64|Peerform
2199023255702|221802281647997121|2022-02-28 14:56:12.684|LightStream
344|221802281647997382|2022-02-28 16:31:32.636|US Bank
5497558139019|222365231601418422|2022-03-02 00:55:08.211|Rocket Loans
7696581394694|222646706578129246|2022-03-03 07:49:56.047|Navy Federal Credit Union
4398046511371|223491131508261221|2022-03-06 10:18:00.117|Rocket Loans
7696581394469|223772606484971574|2022-03-07 04:13:35.933|Fundbox
8796093022320|223772606484971657|2022-03-07 06:12:30.362|LendingPoint
3298534883645|224617031415103902|2022-03-10 05:30:47.781|Upgrade
4398046511142|225461456345235513|2022-03-13 08:59:58.484|Wells Fargo
10995116278128|226024406298657258|2022-03-14 18:17:51.492|Best Egg
6597069766960|226305881275367823|2022-03-16 15:40:40.725|Capital One
9895604650341|226868831228789203|2022-03-18 12:56:34.489|TD Bank
6597069766845|227431781182210304|2022-03-20 03:47:01.295|TD Bank
7696581394748|227431781182210461|2022-03-20 06:56:13.485|OneMain Financial
10995116278053|227431781182210436|2022-03-20 11:17:41.386|Fundbox
1099511628000|227431781182210346|2022-03-20 11:47:14.925|Upgrade
3298534883474|227713256158920890|2022-03-21 07:37:16.693|Kabbage
9895604650341|228276206112342481|2022-03-23 07:26:15.5|RealtyMogul
5497558139028|229120631042474173|2022-03-26 07:41:11.56|Citibank
4398046511399|230528005926027653|2022-03-31 03:45:56.659|Funding Circle
3298534883458|231090955879448744|2022-04-02 00:10:23.545|US Bank
6597069766902|231090955879448911|2022-04-02 02:33:42.94|Fundrise
10995116277817|231090955879448654|2022-04-02 08:09:26.043|SoFi
5497558139129|231935380809580884|2022-04-04 20:11:13.796|Upgrade
8796093022320|232498330763001991|2022-04-06 23:09:03.379|US Bank
7696581394807|232498330763002356|2022-04-07 04:04:24.523|RealtyMogul
3298534883369|232498330763001919|2022-04-07 10:58:51.725|LendingPoint
1099511627838|232779805739712595|2022-04-08 03:32:42.039|Kabbage
9895604650180|233061280716423426|2022-04-08 19:35:19.532|RealtyMogul
9895604650231|233061280716423504|2022-04-09 00:28:14.277|LendingClub
8796093022320|233342755693133960|2022-04-09 20:11:06.298|PNC Bank
6597069766864|233342755693134100|2022-04-10 08:11:51.355|Capital One
4398046511399|235031605553398150|2022-04-16 14:57:22.574|American Express
3298534883369|235313080530108477|2022-04-16 21:17:23.511|Patch of Land
8796093022242|237001930390372400|2022-04-23 12:10:19.101|Best Egg
237|237564880343793987|2022-04-25 13:57:58.786|SoFi
9895604650082|237564880343793782|2022-04-25 16:11:56.022|SoFi
7696581394541|237846355320504451|2022-04-26 06:38:00.911|Chase Bank
9895604650271|238409305273926012|2022-04-28 06:09:13.263|Navy Federal Credit Union
12094627905705|238690780250636509|2022-04-29 11:15:41.562|RealtyMogul
1099511627996|238690780250636581|2022-04-29 13:33:14.073|Earnest
8796093022228|238690780250636314|2022-04-29 15:35:44.416|SunTrust
4398046511337|238972255227347259|2022-04-30 07:42:07.928|BlueVine
12094627905705|238972255227347164|2022-04-30 09:43:03.041|Best Egg
5497558138895|239535205180768274|2022-05-02 12:41:39.122|OnDeck
3298534883429|239816680157479034|2022-05-02 22:07:13.041|Chase Bank
9895604650315|240661105087611312|2022-05-06 04:59:16.679|Peerform
9895604650180|240942580064321795|2022-05-06 22:02:16.782|Funding Circle
8796093022480|241224055041032554|2022-05-08 11:06:56.635|Upstart
1099511628006|241505530017743155|2022-05-09 02:10:56.58|State Farm Bank
10995116277939|241505530017743080|2022-05-09 10:00:49.361|Peerform
12094627905851|241787004994453913|2022-05-10 10:32:55.484|OneMain Financial
23|242068479971164187|2022-05-11 04:44:33.703|Capital One
7696581394694|242631429924585824|2022-05-13 00:04:16.312|American Express
5497558139031|242631429924585669|2022-05-13 04:39:20.268|LendingClub
12094627905903|243475854854717927|2022-05-16 01:43:27.867|OneMain Financial
7696581394552|243475854854717588|2022-05-16 14:47:58.781|Fundrise
23|244038804808138780|2022-05-18 00:32:54.945|LightStream
5497558139002|244038804808138908|2022-05-18 04:05:35.354|Best Egg
10995116278005|244601754761560397|2022-05-20 02:59:22.513|Earnest
10995116278137|245727654668403192|2022-05-24 01:03:27.141|Marcus by Goldman Sachs
12094627905705|246009129645113562|2022-05-25 05:43:09.209|State Farm Bank
10995116277817|246290604621824077|2022-05-26 06:05:25.605|Fundrise
8796093022534|246290604621824427|2022-05-26 08:20:25.948|OnDeck
9895604650059|247135029551956065|2022-05-29 14:01:50.804|RealtyMogul
3298534883628|247135029551956363|2022-05-29 14:02:20.51|SoFi
10995116277817|247697979505377355|2022-05-31 02:32:00.049|Kabbage
9895604650105|247697979505377432|2022-05-31 13:52:47.32|LendingClub
6597069766832|248260929458798820|2022-06-01 21:30:33.544|Chase Bank
9895604650015|248260929458798634|2022-06-02 02:46:19.148|BlueVine
12094627905655|248260929458798739|2022-06-02 12:50:58.566|Capital One
9895604650180|248823879412220164|2022-06-04 01:42:54.451|SunTrust
8796093022439|249105354388930870|2022-06-05 01:45:26.2|OneMain Financial
3298534883678|249105354388931017|2022-06-05 14:12:15.816|Earnest
6597069766919|249386829365641571|2022-06-05 23:40:30.932|Fundrise
6597069766755|250512729272483959|2022-06-10 10:21:49.593|Upstart
7696581394664|250794204249194808|2022-06-11 06:08:36.153|OnDeck
4398046511208|250794204249194619|2022-06-11 18:34:39.282|Upgrade
1099511627835|251638629179326545|2022-06-14 04:18:25.353|Best Egg
7696581394467|251920104156037170|2022-06-15 10:14:35.709|Rocket Loans
12094627905848|251920104156037528|2022-06-15 15:40:10.249|Kabbage
10995116277790|251920104156037158|2022-06-15 17:44:01.192|Discover
1099511628006|252483054109458740|2022-06-16 21:39:14.621|US Bank
2199023255833|252483054109458805|2022-06-17 19:24:05.34|Funding Circle
2199023255687|252764529086169263|2022-06-18 09:43:34.145|Earnest
8796093022320|252764529086169222|2022-06-18 17:41:56.743|Best Egg
7696581394552|253046004062879895|2022-06-19 06:59:37.578|Kabbage
1099511627995|253327479039590690|2022-06-19 22:56:41.143|Fundbox
10995116277977|253327479039590683|2022-06-20 15:58:33.221|LendingClub
9895604650141|254171903969722572|2022-06-23 07:42:30.893|TD Bank
8796093022534|254171903969722794|2022-06-23 09:56:56.921|SoFi
10995116277856|254734853923143796|2022-06-25 06:08:48.074|Upstart
5497558138886|255860753829986314|2022-06-29 17:15:00.116|Peerform
5497558138969|256423703783407723|2022-07-01 11:33:42.583|Chase Bank
8796093022419|257268128713539862|2022-07-04 18:28:33.164|OneMain Financial
8796093022480|257831078666961255|2022-07-06 01:32:55.53|Kabbage
192|257831078666961153|2022-07-06 07:02:30.402|Upgrade
257|258394028620382554|2022-07-08 13:04:55.598|OneMain Financial
10995116277977|258675503597093148|2022-07-09 20:08:04.323|Avant
3298534883629|258956978573803917|2022-07-10 11:36:28.24|Peerform
9895604650272|259238453550514558|2022-07-11 02:09:17.597|State Farm Bank
8796093022581|259801403503935987|2022-07-13 11:44:03.764|Kabbage
12094627905696|260082878480646350|2022-07-14 16:43:19.943|Best Egg
6597069766819|260364353457357014|2022-07-15 09:15:32.325|State Farm Bank
5497558139123|260645828434067784|2022-07-16 18:38:48.842|American Express
7696581394560|260927303410778275|2022-07-17 11:57:16.884|American Express
9895604650271|261208778387489147|2022-07-18 09:10:15.53|Earnest
2199023255940|261490253364199942|2022-07-19 01:41:55.449|American Express
12094627905851|262334678294331803|2022-07-22 01:59:59.262|Wells Fargo
10995116278128|262616153271042539|2022-07-23 03:10:34.201|Earnest
12094627905722|262897628247752952|2022-07-23 21:41:58.467|Roofstock
13194139533386|262897628247752797|2022-07-23 22:36:16.498|RealtyMogul
5497558139031|262897628247752900|2022-07-24 00:19:37.125|Navy Federal Credit Union
6597069766906|263460578201174357|2022-07-25 22:10:07.671|Navy Federal Credit Union
8796093022588|263742053177885178|2022-07-27 01:30:52.509|Upgrade
2199023255578|263742053177884706|2022-07-27 08:33:28.499|Wells Fargo
4398046511210|264023528154595455|2022-07-28 05:50:22.682|RealtyMogul
10995116277790|264023528154595367|2022-07-28 14:04:26.16|Fundbox
13194139533430|264586478108016784|2022-07-30 19:12:51.311|BlueVine
13194139533430|265430903038148754|2022-08-02 07:28:37.538|PNC Bank
8796093022240|265712378014859310|2022-08-03 10:06:45.293|Prosper
12094627905679|265993852991570104|2022-08-04 01:54:28.123|LightStream
5497558139205|265993852991570344|2022-08-04 05:36:04.707|Best Egg
6597069766929|265993852991570283|2022-08-04 09:10:58.173|Earnest
13194139533384|265993852991570009|2022-08-04 14:46:33.706|Capital One
10995116277939|266556802944991467|2022-08-06 13:09:18.932|Chase Bank
5497558138886|266838277921701897|2022-08-07 06:16:13.344|BlueVine
12094627905606|267119752898412632|2022-08-07 23:58:56.986|Fundbox
7696581394775|267964177828544965|2022-08-11 10:00:57.691|PNC Bank
12094627905553|267964177828544535|2022-08-11 14:33:06.103|PNC Bank
5497558138929|268808602758676551|2022-08-14 01:17:16.132|Rocket Loans
13194139533386|269371552712097887|2022-08-16 00:25:08.673|PNC Bank
10995116277886|269371552712097951|2022-08-16 05:57:30.929|OnDeck
5497558139019|269371552712097973|2022-08-16 06:34:23.033|Fundbox
12094627905696|269653027688808655|2022-08-17 10:14:38.435|Avant
3298534883458|269653027688808615|2022-08-17 14:13:56.556|Earnest
8796093022248|270215977642229820|2022-08-18 23:11:32.367|Citibank
1099511628006|270215977642230069|2022-08-19 13:41:38.21|LendingClub
5497558138886|271060402572361736|2022-08-22 13:23:44.954|Fundbox
12094627905705|271341877549072603|2022-08-23 10:51:49.484|Avant
10995116278069|271623352525783442|2022-08-23 22:09:41.335|Wells Fargo
8796093022439|271623352525783351|2022-08-24 12:56:04.115|BlueVine
12094627905713|271904827502493927|2022-08-25 02:23:34.297|Funding Circle
13194139533430|271904827502493841|2022-08-25 17:15:25.717|OnDeck
10995116278128|272186302479204844|2022-08-25 21:33:14.357|US Bank
10995116277790|272186302479204392|2022-08-26 00:59:46.993|OneMain Financial
10995116278069|272186302479204755|2022-08-26 10:45:18.362|Earnest
9895604650015|272467777455915049|2022-08-27 00:22:24.54|RealtyMogul
13194139533588|272467777455915375|2022-08-27 04:05:48.358|Funding Circle
4398046511208|272749252432625789|2022-08-28 04:55:23.795|TD Bank
10995116277817|272749252432625740|2022-08-28 15:37:16.549|Citibank
8796093022532|274156627316179367|2022-09-02 17:43:32.051|PNC Bank
7696581394541|274438102292889730|2022-09-03 06:57:58.83|Roofstock
10995116278035|274438102292889965|2022-09-03 13:50:25.244|US Bank
5497558139123|274438102292889930|2022-09-03 15:12:20.434|Upstart
10995116278005|275001052246311244|2022-09-05 18:07:17.712|RealtyMogul
1099511628134|275845477176443348|2022-09-08 10:37:54.458|Fundbox
12094627905696|276126952153153744|2022-09-09 00:11:20.934|Avant
4398046511337|276126952153153850|2022-09-09 01:43:19.66|Upstart
12094627905538|276126952153153539|2022-09-09 06:53:04.996|Marcus by Goldman Sachs
8796093022294|276126952153153641|2022-09-09 15:21:17.161|LendingClub
10995116278128|276408427129864681|2022-09-10 02:02:53.198|TD Bank
12094627905617|276689902106574947|2022-09-11 13:58:59.049|SunTrust
13194139533384|276971377083285594|2022-09-12 11:23:21.954|Patch of Land
12094627905851|277252852059996570|2022-09-13 21:36:36.466|TD Bank
8796093022534|277815802013417900|2022-09-15 13:58:43.405|Capital One
10995116278005|278097276990128462|2022-09-16 10:26:37.701|Avant
8796093022227|278378751966838809|2022-09-17 11:10:47.105|OnDeck
10995116278119|278378751966839257|2022-09-17 13:03:34.529|LendingPoint
9895604650105|278660226943549593|2022-09-18 00:14:19.631|BlueVine
13194139533597|279786126850392440|2022-09-21 23:50:31.291|Citibank
8796093022588|280067601827103227|2022-09-23 07:34:32.374|Bank of America
12094627905797|280349076803813725|2022-09-23 23:04:46.246|Earnest
7696581394469|280349076803813429|2022-09-24 12:32:13.863|Bank of America
10995116277939|280912026757234921|2022-09-26 12:44:27.28|Navy Federal Credit Union
13194139533567|281193501733945687|2022-09-27 06:19:35.881|Prosper
2199023255941|281193501733945864|2022-09-27 13:33:44.707|Capital One
6597069767042|281474976710656513|2022-09-28 02:26:38.148|Rocket Loans
13194139533588|281756451687367024|2022-09-29 14:18:18.319|Best Egg
13194139533597|282037926664077689|2022-09-30 05:20:15.362|Marcus by Goldman Sachs
9895604650341|282319401640788432|2022-10-01 00:38:57.64|RealtyMogul
7696581394549|282319401640788110|2022-10-01 16:11:29.708|Navy Federal Credit Union
6597069766809|282600876617498823|2022-10-01 22:30:25.86|RealtyMogul
3298534883698|282600876617499120|2022-10-02 01:47:54.453|Best Egg
7696581394748|282600876617499036|2022-10-02 19:13:47.328|Chase Bank
8796093022534|282882351594209705|2022-10-03 17:56:08.68|OneMain Financial
10995116277939|283445301547630826|2022-10-05 03:33:04.965|Peerform
13194139533466|284008251501052106|2022-10-07 01:50:06.753|Discover
8796093022519|284289726477762967|2022-10-08 02:50:52.82|Rocket Loans
8796093022276|284289726477762646|2022-10-08 02:59:02.995|Marcus by Goldman Sachs
9895604650082|284289726477762677|2022-10-08 15:26:36.717|Peerform
9895604650281|284571201454473609|2022-10-09 19:59:51.274|LendingPoint
14293651161270|284852676431184113|2022-10-10 00:55:04|Citibank
14293651161377|284852676431184257|2022-10-10 18:11:20.115|Avant
12094627905722|285978576338026742|2022-10-14 04:33:29.258|Funding Circle
10995116278035|286541526291448174|2022-10-16 06:12:06.901|Chase Bank
12094627905553|286541526291447829|2022-10-16 08:57:50.833|US Bank
13194139533459|286823001268158652|2022-10-17 00:13:15.119|RealtyMogul
9895604650315|287667426198290862|2022-10-20 01:17:11.77|Bank of America
9895604650015|288230376151711787|2022-10-22 13:55:35.855|OnDeck
14293651161249|288230376151711953|2022-10-22 18:43:59.448|Funding Circle
12094627905617|288511851128422498|2022-10-22 23:02:24.319|Upstart
13194139533448|288793326105133234|2022-10-24 17:21:47.163|Kabbage
5497558139102|289074801081844006|2022-10-24 23:59:47.547|Navy Federal Credit Union
12094627905903|289074801081844198|2022-10-25 11:49:01.477|Bank of America
4398046511436|289637751035265457|2022-10-27 03:29:26.802|Chase Bank
14293651161421|289637751035265461|2022-10-27 09:19:05.824|Fundbox
14293651161249|289637751035265236|2022-10-27 16:53:55.568|Best Egg
14293651161450|289919226011976156|2022-10-27 23:59:53.647|Discover
14293651161377|290200700988686722|2022-10-28 23:40:01.373|American Express
6597069766826|290200700988686558|2022-10-29 17:43:28.984|SunTrust
12094627905538|290482175965396996|2022-10-29 23:30:47.87|RealtyMogul
14293651161423|290482175965397433|2022-10-30 16:41:37.287|Upgrade
10995116278052|291045125918818691|2022-11-01 07:46:15.709|Avant
6597069766809|291045125918818502|2022-11-01 22:14:04.378|Upgrade
8796093022532|291608075872240038|2022-11-03 11:38:34.647|OneMain Financial
14293651161315|292452500802371887|2022-11-06 17:36:31.005|LightStream
14293651161249|292733975779082450|2022-11-07 02:22:47.888|Navy Federal Credit Union
12094627905746|292733975779082517|2022-11-07 07:45:48.784|Prosper
8796093022588|292733975779082749|2022-11-07 14:20:03.041|LendingClub
14293651161289|292733975779082505|2022-11-07 20:45:24.615|TD Bank
7696581394549|293015450755793037|2022-11-08 05:45:09.836|PNC Bank
12094627905606|293015450755792983|2022-11-08 09:43:35.903|Roofstock
9895604650272|293015450755793279|2022-11-08 15:02:28.714|LendingPoint
8796093022370|293296925732503765|2022-11-09 21:07:36.822|LightStream
12094627905553|293578400709214230|2022-11-10 09:23:40.837|Upgrade
9895604650008|293578400709214237|2022-11-10 18:15:14.78|SoFi
7696581394549|293578400709214351|2022-11-10 19:05:20.067|RealtyMogul
9895604650315|293859875685925293|2022-11-11 12:44:37.725|TD Bank
14293651161294|293859875685925139|2022-11-11 17:47:56.164|Kabbage
13194139533459|294141350662635707|2022-11-12 01:36:12.755|Navy Federal Credit Union
6597069766788|294141350662635689|2022-11-12 10:03:36.058|LightStream
14293651161294|294422825639346450|2022-11-13 20:29:31.296|Avant
2199023255724|294704300616057055|2022-11-14 08:22:18.484|SoFi
10995116278119|294985775592767960|2022-11-15 17:04:36.749|BlueVine
3298534883645|295267250569478559|2022-11-16 02:59:57.595|Best Egg
13194139533597|295267250569478519|2022-11-16 10:32:34.919|Marcus by Goldman Sachs
2199023255833|295267250569478516|2022-11-16 11:02:51.439|Patch of Land
10995116278119|295267250569478618|2022-11-16 16:00:54.84|OneMain Financial
14293651161450|295548725546189277|2022-11-17 08:37:30.983|Chase Bank
7696581394565|295548725546188970|2022-11-17 19:24:33.443|Fundbox
9895604650231|295548725546189137|2022-11-17 20:56:23.197|American Express
13194139533446|295830200522899628|2022-11-18 20:26:37.765|Prosper
14293651161171|296111675499610215|2022-11-19 08:52:41.154|LendingClub
14293651161423|296674625453031864|2022-11-21 03:43:37.038|Prosper
14293651161421|296674625453031860|2022-11-21 13:15:50.074|Navy Federal Credit Union
14293651161289|296674625453031690|2022-11-21 22:47:20.765|Fundrise
14293651161171|296956100429742182|2022-11-22 22:04:43.807|American Express
9895604650151|297237575406452953|2022-11-23 07:46:33.359|Best Egg
13194139533510|297519050383163655|2022-11-24 02:53:18.07|Upgrade
14293651161323|297519050383163710|2022-11-24 04:38:21.886|Chase Bank
14293651161421|297519050383163827|2022-11-24 04:42:16.37|SunTrust
4398046511192|297519050383163498|2022-11-24 08:49:24.022|Fundbox
14293651161450|297519050383163867|2022-11-24 22:45:17.439|Prosper
13194139533448|298363475313295537|2022-11-27 01:16:22.012|State Farm Bank
12094627905646|298363475313295493|2022-11-27 06:38:15.423|RealtyMogul
9895604650238|298363475313295702|2022-11-27 08:05:47.817|Best Egg
9895604650315|298363475313295791|2022-11-27 10:17:47.823|SoFi
14293651161100|298363475313295374|2022-11-27 20:38:25.545|Upstart
2199023255568|298644950290006035|2022-11-28 01:18:54.983|Avant
