mediumId|mediumType|isBlocked|createTime|lastLoginTime|riskLevel
356|PHONE|false|2020-01-01 13:44:29.852|1656275376736|Moderate risk
367|NFC|false|2020-01-03 20:28:17.097|1594313070020|Very high risk
474|IPv4|false|2020-01-05 06:19:10.597|1605429285431|Significant risk
639|MAC|false|2020-01-08 15:52:00.043|1624823652986|Low risk
440|ATM|false|2020-01-11 14:47:44.237|1628752284418|Critical risk
928|IPv4|false|2020-01-12 15:14:36.754|1622465642701|Low risk
397|IPv4|false|2020-01-12 23:46:57.958|1630090378712|Severe risk
240|RFID|false|2020-01-14 09:41:01.037|1609201824732|Extreme risk
884|MAC|false|2020-01-14 12:45:03.753|1619778000072|High risk
633|ATM|false|2020-01-15 11:43:41.691|1598911939263|High risk
159|QRCode|true|2020-01-16 01:29:15.046|1653763787182|Critical risk
467|POS|false|2020-01-17 00:02:19.569|1593075100481|Moderate risk
648|RFID|false|2020-01-17 01:18:06.459|1592174106206|Severe risk
182|WIFI|false|2020-01-18 01:09:55.577|1651467931555|High risk
904|QRCode|false|2020-01-18 14:27:15.782|1670953984142|High risk
568|IPv6|false|2020-01-20 19:52:09.681|1603068510003|Severe risk
897|IPv6|false|2020-01-21 18:11:38.194|1638500395186|Very high risk
184|WIFI|false|2020-01-24 04:09:21.307|1606397218224|Moderate risk
20|QRCode|false|2020-01-26 01:04:09.683|1591665115007|Extreme risk
582|QRCode|false|2020-01-26 03:09:39.154|1658415008593|Moderate risk
573|NFC|false|2020-01-26 19:41:19.446|1667061633680|Significant risk
699|PHONE|false|2020-01-28 02:25:03.88|1635878385301|Significant risk
318|RFID|false|2020-01-29 02:39:08.167|1591893964389|High risk
282|WIFI|true|2020-01-29 07:23:13.702|1643305579682|Severe risk
95|QRCode|true|2020-01-30 20:58:52.11|1667824691327|High risk
630|PHONE|false|2020-01-31 13:09:56.582|1632232210975|Low risk
344|NFC|true|2020-01-31 13:31:33.795|1640017947480|Critical risk
772|IPv6|false|2020-02-01 00:18:40.461|1604230592763|Very high risk
758|NFC|false|2020-02-01 03:33:01.857|1593787106810|Severe risk
675|POS|false|2020-02-01 07:23:09.956|1621021821851|Very high risk
640|QRCode|false|2020-02-02 07:21:53.064|1616345097225|Low risk
236|QRCode|false|2020-02-02 08:00:59.429|1658045755184|Critical risk
986|NFC|false|2020-02-02 18:04:07.827|1623072845426|Critical risk
804|WIFI|false|2020-02-03 06:04:49.95|1618907333017|Extreme risk
294|ATM|false|2020-02-03 13:27:17.474|1658303107169|Significant risk
481|QRCode|false|2020-02-05 15:54:19.967|1623672421020|Minimal risk
530|POS|false|2020-02-06 05:51:04.454|1624551951295|Moderate risk
576|IPv4|false|2020-02-06 13:24:45.983|1592980606761|Severe risk
946|QRCode|false|2020-02-08 21:24:06.856|1662999179220|Critical risk
134|NFC|false|2020-02-11 04:08:59.488|1621603008679|High risk
189|MAC|false|2020-02-11 07:39:27.654|1629190568093|Low risk
0|WIFI|false|2020-02-14 01:42:00.946|1634539431777|Low risk
768|PHONE|false|2020-02-14 17:06:48.618|1658299076260|Significant risk
413|POS|false|2020-02-15 01:52:36.083|1636728519902|High risk
700|IPv6|false|2020-02-15 03:42:34.639|1654183144542|Very high risk
219|ATM|false|2020-02-15 14:35:33.709|1602273166355|Very high risk
93|QRCode|false|2020-02-19 15:55:49.302|1653000936824|High risk
456|ATM|false|2020-02-19 19:28:04.406|1657812493342|Critical risk
96|IPv4|false|2020-02-20 00:38:03.697|1670318412818|Minimal risk
703|ATM|false|2020-02-23 17:57:06.224|1631495429205|Critical risk
127|QRCode|false|2020-02-24 04:10:16.797|1645677901381|Extreme risk
207|ATM|false|2020-02-25 01:21:32.332|1615213758260|Moderate risk
868|IPv4|false|2020-02-25 23:48:27.88|1596066599165|Low risk
502|WIFI|false|2020-02-26 21:50:10.195|1622175581146|Low risk
423|RFID|false|2020-02-27 14:49:06.725|1587118203061|Significant risk
645|RFID|false|2020-02-29 04:29:26.771|1615372813128|Minimal risk
170|ATM|false|2020-03-04 08:02:49.994|1645785747888|Minimal risk
323|PHONE|false|2020-03-05 05:32:38.026|1634189621373|Moderate risk
477|RFID|false|2020-03-07 11:32:17.4|1630844704175|Extreme risk
719|IPv6|false|2020-03-10 19:36:36.977|1630327603584|Extreme risk
13|RFID|true|2020-03-10 20:32:37.353|1661940289236|Significant risk
847|IPv4|false|2020-03-11 10:03:39.383|1648506055913|Very high risk
547|MAC|false|2020-03-16 14:07:38.104|1589566063692|Significant risk
4398046511418|NFC|false|2020-03-16 23:17:16.53|1590460343552|Critical risk
4398046511382|MAC|false|2020-03-18 15:03:39.028|1626134340657|Minimal risk
4398046511457|MAC|false|2020-03-19 06:24:41.866|1586570532236|Minimal risk
4398046511253|MAC|false|2020-03-19 22:09:50.339|1645947898077|Critical risk
4398046511185|PHONE|false|2020-03-20 07:35:39.248|1605393185455|Extreme risk
4398046511163|IPv6|false|2020-03-22 05:40:01.914|1603128898539|Low risk
4398046511945|NFC|false|2020-03-23 02:00:01.472|1615931280479|Low risk
4398046511189|PHONE|false|2020-03-23 04:10:21.535|1602246061383|Very high risk
4398046512065|NFC|false|2020-03-23 18:31:59.167|1594700068724|Critical risk
4398046511990|POS|false|2020-03-23 19:59:19.237|1650803225478|Critical risk
4398046511514|ATM|false|2020-03-24 18:21:11.121|1653965731743|Moderate risk
4398046512079|PHONE|false|2020-03-25 10:21:17.658|1648069302022|Significant risk
4398046511761|ATM|false|2020-03-26 15:39:21.562|1616731349810|Critical risk
4398046511605|IPv6|false|2020-04-04 13:52:43.67|1628337531708|High risk
4398046511423|POS|false|2020-04-04 20:00:15.743|1608084101667|Minimal risk
4398046512048|QRCode|false|2020-04-07 02:53:59.901|1634006544686|Minimal risk
4398046511421|PHONE|false|2020-04-07 05:04:11.839|1639784968149|Minimal risk
4398046511621|ATM|false|2020-04-07 11:01:23.7|1601737480341|Critical risk
4398046512102|IPv6|false|2020-04-07 16:06:37.792|1598055728990|Significant risk
4398046511955|IPv4|false|2020-04-07 18:03:06.85|1671280899980|Very high risk
4398046511663|NFC|false|2020-04-11 08:05:56.895|1653705901257|Extreme risk
4398046511687|RFID|false|2020-04-16 23:45:58.841|1590961228256|Moderate risk
4398046511610|MAC|false|2020-04-18 01:23:13.608|1647534963490|Very high risk
4398046511740|WIFI|false|2020-04-18 09:56:58.026|1667440611573|Extreme risk
4398046511894|MAC|false|2020-04-19 08:20:35.233|1604293969088|Moderate risk
4398046511334|MAC|false|2020-04-19 17:52:34.915|1589978579352|Extreme risk
4398046511237|MAC|false|2020-04-19 19:21:57.985|1628987423988|Severe risk
4398046511343|PHONE|false|2020-04-21 14:16:22.99|1628326164232|High risk
4398046511360|PHONE|false|2020-04-21 16:48:38.164|1662603027703|Severe risk
4398046511861|NFC|false|2020-04-23 17:23:01.571|1656792816247|High risk
4398046511589|PHONE|false|2020-04-24 07:53:55.759|1652000739078|Critical risk
4398046511463|NFC|false|2020-04-25 23:39:44.358|1666210657697|Critical risk
4398046511625|RFID|false|2020-04-26 22:08:28.392|1648170262211|Significant risk
4398046511715|ATM|false|2020-04-27 05:15:38.276|1621779739658|Significant risk
4398046511261|IPv6|false|2020-04-28 11:43:58.743|1658133300527|Critical risk
4398046511415|ATM|false|2020-04-28 17:02:48.973|1627290320831|Low risk
4398046511436|PHONE|false|2020-04-29 12:41:26.696|1640092330724|Low risk
4398046511913|POS|false|2020-04-29 13:11:40|1620239222761|High risk
4398046511296|POS|false|2020-04-30 03:58:36.735|1643250729642|Extreme risk
4398046512045|IPv6|false|2020-04-30 20:37:35.283|1590693028718|Severe risk
4398046511220|ATM|false|2020-05-01 13:11:07.454|1627151871665|Low risk
4398046511700|NFC|false|2020-05-03 14:37:29.456|1597269912080|High risk
4398046511178|POS|false|2020-05-06 18:03:37.51|1633599792642|Extreme risk
4398046511613|IPv4|false|2020-05-07 13:32:20.149|1668904240996|Critical risk
4398046511664|IPv4|false|2020-05-08 08:14:54.15|1651843723461|Low risk
4398046511938|IPv4|false|2020-05-08 08:57:50.16|1594615626560|Significant risk
4398046511349|IPv4|false|2020-05-08 12:18:56.605|1657363081463|Significant risk
4398046511765|QRCode|false|2020-05-08 16:56:12.789|1615794823554|Moderate risk
4398046511336|WIFI|false|2020-05-09 17:56:55.051|1663178110490|Very high risk
4398046511769|PHONE|false|2020-05-09 20:06:25.27|1660894464337|Moderate risk
4398046511759|PHONE|true|2020-05-09 23:04:24.184|1668831839005|Minimal risk
4398046512026|MAC|false|2020-05-10 18:48:01.347|1649576516538|Severe risk
4398046511495|POS|false|2020-05-13 16:17:21.168|1665223510540|Low risk
4398046511973|MAC|false|2020-05-14 07:42:16.057|1603358251638|Severe risk
4398046511594|QRCode|false|2020-05-14 12:20:03.104|1614477577932|Moderate risk
4398046511987|QRCode|false|2020-05-14 23:35:27.178|1666108615727|Minimal risk
4398046511511|NFC|false|2020-05-15 06:30:25.269|1654444409580|Very high risk
4398046511695|QRCode|false|2020-05-15 17:19:01.46|1667747311662|Low risk
4398046511920|MAC|false|2020-05-17 05:49:05.137|1600392282684|Minimal risk
4398046511620|PHONE|false|2020-05-17 11:48:14.641|1609756205815|Severe risk
4398046511113|NFC|false|2020-05-20 00:28:00.802|1599421010176|Critical risk
4398046511419|IPv4|false|2020-05-20 13:00:13.927|1605973089629|Extreme risk
4398046511627|POS|false|2020-05-23 03:51:08.208|1636478695994|Low risk
4398046511229|NFC|false|2020-05-24 20:38:09.466|1604088653519|Low risk
4398046511120|PHONE|false|2020-05-26 14:39:11.141|1652190875226|Low risk
4398046511850|IPv6|false|2020-05-30 21:23:31.18|1657985113601|Very high risk
4398046511230|QRCode|false|2020-05-31 02:10:52.017|1656152232981|Critical risk
8796093022553|NFC|false|2020-06-01 02:24:29.809|1612436143737|Low risk
8796093022637|QRCode|false|2020-06-04 03:32:45.362|1599367231961|Critical risk
8796093022433|WIFI|false|2020-06-04 10:34:39.314|1605160500660|High risk
8796093022269|PHONE|false|2020-06-04 21:52:20.835|1617181757555|Minimal risk
8796093022881|POS|false|2020-06-06 06:01:46.79|1619216449228|Significant risk
8796093022422|IPv6|false|2020-06-06 07:28:16.345|1636918027729|Minimal risk
8796093023200|IPv6|false|2020-06-06 11:04:57.089|1638138295885|Extreme risk
8796093022407|NFC|false|2020-06-08 18:53:57.31|1606520178175|High risk
8796093022252|IPv4|false|2020-06-09 08:39:58.441|1634266138602|Low risk
8796093023113|IPv4|false|2020-06-10 16:38:22.78|1634140066280|Moderate risk
8796093022428|POS|false|2020-06-11 17:59:43.243|1628403017463|Very high risk
8796093023141|PHONE|false|2020-06-12 06:15:08.853|1628703300956|Moderate risk
8796093022373|PHONE|false|2020-06-12 19:31:14.873|1668604442057|Moderate risk
8796093022743|QRCode|false|2020-06-18 16:05:07.768|1663470362177|High risk
8796093022818|WIFI|false|2020-06-19 08:26:16.606|1650431207661|Significant risk
8796093023088|MAC|false|2020-06-22 09:56:45.173|1627947990891|Minimal risk
8796093022511|MAC|false|2020-06-25 02:25:22.172|1622081525309|Severe risk
8796093023038|ATM|false|2020-06-25 06:23:42.309|1610442645633|Significant risk
8796093023099|QRCode|false|2020-06-26 03:10:29.833|1623885032510|Significant risk
8796093022601|ATM|false|2020-06-26 06:05:41.437|1669777997694|Critical risk
8796093023114|QRCode|false|2020-06-27 11:31:18.75|1616185953019|Very high risk
8796093022421|RFID|false|2020-06-27 23:13:55.764|1665024156731|Severe risk
8796093022475|RFID|false|2020-06-28 13:15:36.13|1628861911349|Very high risk
8796093022291|ATM|true|2020-06-30 13:07:00.856|1672132567418|High risk
8796093022702|RFID|false|2020-07-01 04:55:09.663|1606622791062|Moderate risk
8796093022545|RFID|false|2020-07-01 20:05:39.639|1636710035873|Moderate risk
8796093022351|POS|false|2020-07-02 17:09:11.554|1614373689916|Significant risk
8796093022295|RFID|true|2020-07-03 17:34:20.518|1652726039452|High risk
8796093022504|NFC|true|2020-07-05 13:29:26.97|1657623961880|Significant risk
8796093022596|MAC|false|2020-07-05 15:06:55.122|1664073579778|High risk
8796093022494|PHONE|false|2020-07-09 01:58:26.628|1650427879857|Severe risk
8796093022807|RFID|false|2020-07-09 08:49:09.554|1650546867751|Very high risk
8796093023111|WIFI|false|2020-07-09 12:56:09.8|1604132664194|Critical risk
8796093022918|NFC|false|2020-07-15 07:01:32.133|1614596835345|Moderate risk
8796093022674|WIFI|false|2020-07-18 10:25:39.812|1650961742082|Extreme risk
8796093023084|MAC|false|2020-07-18 16:21:53.445|1645884378989|Critical risk
8796093022443|MAC|false|2020-07-19 10:23:38.59|1598054415018|Low risk
8796093022320|NFC|true|2020-07-20 13:48:03.367|1641133849942|Minimal risk
8796093022953|QRCode|false|2020-07-21 21:25:27.05|1648389013566|High risk
8796093022638|IPv6|false|2020-07-22 02:56:43.684|1672131419161|Severe risk
8796093022237|NFC|false|2020-07-22 04:43:23.789|1612838948969|Severe risk
8796093022597|IPv4|false|2020-07-22 18:55:22.745|1647588005610|Significant risk
8796093022978|ATM|false|2020-07-22 21:03:33.311|1655337702106|Critical risk
8796093022255|ATM|false|2020-07-23 22:21:07.297|1651042152319|Low risk
8796093022775|ATM|false|2020-07-25 16:43:52.815|1624493807849|Low risk
8796093022924|RFID|false|2020-07-27 10:33:36.79|1632695118453|Severe risk
8796093022379|IPv4|false|2020-07-27 22:46:24.477|1633863100274|Very high risk
8796093022411|ATM|false|2020-07-28 15:53:00.834|1622343177719|Severe risk
8796093023003|MAC|false|2020-07-29 12:30:57.529|1609100858609|Very high risk
8796093023145|IPv6|false|2020-08-03 21:48:35.603|1636880191673|High risk
8796093022363|PHONE|false|2020-08-05 10:35:20.205|1621540273311|Significant risk
8796093022281|IPv6|true|2020-08-05 22:49:01.411|1672068866923|Minimal risk
8796093022318|POS|false|2020-08-06 07:10:38.601|1651488484865|Significant risk
8796093023205|WIFI|false|2020-08-07 07:05:13.364|1619787107240|Moderate risk
8796093022541|WIFI|false|2020-08-07 07:14:52.097|1606949387052|Significant risk
8796093022271|IPv6|false|2020-08-07 23:46:21.13|1634961249765|Extreme risk
8796093022971|QRCode|false|2020-08-08 11:46:44.409|1635246653896|Low risk
8796093022677|QRCode|false|2020-08-09 06:14:26.753|1602320954889|Moderate risk
8796093023021|IPv4|false|2020-08-09 10:29:07.13|1639504504531|Low risk
8796093022747|POS|false|2020-08-12 09:19:42.974|1619202200325|Low risk
8796093023008|MAC|false|2020-08-12 11:41:38.026|1598111480090|Minimal risk
8796093023116|ATM|false|2020-08-14 11:19:02.182|1638277887779|Low risk
13194139533613|MAC|false|2020-08-16 02:14:31.534|1610833680595|Significant risk
13194139534049|WIFI|false|2020-08-16 18:14:51.637|1671979973983|Extreme risk
13194139534068|QRCode|false|2020-08-17 16:13:43.959|1640700278923|Minimal risk
13194139533410|ATM|false|2020-08-17 21:21:51.179|1622805551885|Critical risk
13194139533690|IPv4|false|2020-08-19 02:03:24.66|1615070468703|Severe risk
13194139533617|QRCode|false|2020-08-19 13:58:52.086|1624242646451|Low risk
13194139533550|IPv6|false|2020-08-21 05:11:25.311|1670208912863|Extreme risk
13194139533416|PHONE|true|2020-08-21 13:10:28.644|1635574150801|Extreme risk
13194139533875|POS|false|2020-08-22 06:33:59.071|1639660350731|Extreme risk
13194139534280|ATM|false|2020-08-22 19:15:31.943|1601689049192|Severe risk
13194139534235|IPv6|false|2020-08-23 12:08:06.174|1600240206753|Extreme risk
13194139534083|QRCode|false|2020-08-24 20:26:44.732|1631802167100|Critical risk
13194139533442|IPv6|false|2020-08-25 03:53:17.414|1616837075329|Severe risk
13194139533541|POS|false|2020-08-26 07:12:53.245|1615009201404|Extreme risk
13194139534214|WIFI|false|2020-08-26 14:53:11.491|1626082196953|Low risk
13194139533352|ATM|false|2020-08-26 18:04:52.187|1616112506946|Very high risk
13194139533530|QRCode|false|2020-08-28 10:42:23.65|1633298400266|High risk
13194139533798|RFID|false|2020-08-28 12:38:51.92|1633348961404|Critical risk
13194139533418|QRCode|false|2020-08-28 21:00:37.86|1663103176340|High risk
13194139533914|ATM|false|2020-08-29 03:03:13.391|1633555189490|Low risk
13194139533338|IPv6|false|2020-08-29 15:34:12.615|1601490651249|Moderate risk
13194139533824|PHONE|false|2020-08-29 19:09:58.337|1650976501346|Minimal risk
13194139533994|PHONE|false|2020-08-30 01:09:00.935|1613721073725|Very high risk
13194139534052|NFC|false|2020-08-30 10:15:42.319|1647884038322|Critical risk
13194139534293|ATM|false|2020-09-01 16:11:20.639|1607620513131|Low risk
13194139533876|MAC|false|2020-09-01 19:56:30.306|1638301286556|Severe risk
13194139533335|NFC|false|2020-09-02 22:46:05.768|1635409056288|High risk
13194139533406|ATM|false|2020-09-03 11:17:55.785|1669425891228|Severe risk
13194139533607|IPv4|false|2020-09-04 14:08:13.137|1613200158589|Extreme risk
13194139533810|MAC|false|2020-09-06 01:26:30.966|1646432545700|Moderate risk
13194139533901|PHONE|false|2020-09-06 14:58:01.479|1670214608353|Critical risk
13194139534208|PHONE|false|2020-09-07 02:40:29.231|1653615177695|Significant risk
13194139534136|ATM|false|2020-09-07 06:38:57.69|1600349518343|Minimal risk
13194139533749|NFC|false|2020-09-08 08:17:35.335|1633070543349|Very high risk
13194139533646|POS|false|2020-09-10 21:58:41.339|1601634882180|Very high risk
13194139533517|POS|true|2020-09-12 05:15:10.974|1603979316437|Very high risk
13194139533870|POS|true|2020-09-14 11:54:42.41|1647716448875|Critical risk
13194139533760|ATM|false|2020-09-16 00:02:37.635|1651726661745|Critical risk
13194139533953|IPv6|false|2020-09-17 03:06:26.865|1650829239431|Significant risk
13194139533344|ATM|false|2020-09-17 15:40:58.846|1625650704763|Extreme risk
13194139533661|MAC|false|2020-09-22 12:01:05.57|1619146972679|Very high risk
13194139534291|WIFI|false|2020-09-24 15:13:38.058|1640040107652|Minimal risk
13194139533681|WIFI|false|2020-09-24 15:22:58.887|1614492608531|Extreme risk
13194139534275|WIFI|false|2020-09-24 19:35:29.728|1648686938289|High risk
13194139533562|IPv6|false|2020-09-24 21:31:26.521|1669526128671|Severe risk
13194139533734|QRCode|false|2020-09-25 21:00:13.674|1655263255570|Severe risk
13194139533862|NFC|false|2020-09-28 04:53:30.542|1644891382226|Minimal risk
13194139533776|POS|false|2020-09-30 00:13:55.599|1612275546605|Minimal risk
13194139533850|MAC|false|2020-09-30 19:25:27.952|1609451971866|Very high risk
13194139533486|MAC|false|2020-10-01 11:48:42.859|1649194414292|Moderate risk
13194139533492|QRCode|false|2020-10-03 09:02:09.563|1619998475898|High risk
13194139533390|ATM|false|2020-10-04 13:28:45.725|1667143462828|Severe risk
13194139533662|ATM|false|2020-10-05 09:15:26.795|1656329628062|Critical risk
13194139534254|QRCode|false|2020-10-05 14:03:01.892|1614821288476|Minimal risk
13194139533470|POS|false|2020-10-05 17:28:29.315|1664010169362|Minimal risk
13194139533642|IPv6|true|2020-10-09 11:14:40.22|1670933301790|Critical risk
13194139533417|IPv4|false|2020-10-10 00:25:14.503|1622755188331|Extreme risk
13194139533447|IPv4|false|2020-10-10 08:43:12.572|1610843906787|Extreme risk
13194139533745|RFID|false|2020-10-10 15:31:48.524|1621718705107|Very high risk
13194139533738|QRCode|false|2020-10-10 17:02:55.462|1615682672580|Significant risk
13194139533913|QRCode|false|2020-10-11 15:59:07.323|1615656892994|Moderate risk
13194139534108|NFC|false|2020-10-12 02:20:16.79|1653159240621|Significant risk
13194139533513|RFID|false|2020-10-12 18:01:49.21|1604883711524|Critical risk
13194139533902|RFID|false|2020-10-15 19:47:20.282|1608873186200|High risk
13194139534175|POS|false|2020-10-16 10:36:57.881|1653994409431|Low risk
13194139533346|RFID|false|2020-10-16 16:44:52.396|1616234677612|Moderate risk
13194139534035|IPv4|false|2020-10-17 14:42:11.026|1631484647609|High risk
13194139534122|IPv6|false|2020-10-18 12:24:21.989|1639913178615|Minimal risk
13194139533757|IPv4|false|2020-10-20 02:02:27.641|1639019361471|Very high risk
13194139534054|IPv4|true|2020-10-20 19:52:44.804|1631635588245|Severe risk
13194139533315|IPv4|false|2020-10-21 03:52:26.654|1661451268007|Severe risk
13194139533832|PHONE|false|2020-10-22 03:05:21.848|1653932086875|Minimal risk
13194139534061|PHONE|false|2020-10-22 10:24:33.377|1668160702082|Severe risk
13194139534295|IPv6|false|2020-10-22 14:26:24.235|1652707991708|High risk
13194139533639|WIFI|false|2020-10-24 06:59:25.304|1622777016773|Very high risk
13194139533589|WIFI|false|2020-10-26 03:34:59.449|1630137725794|Significant risk
13194139533997|NFC|false|2020-10-27 17:24:56.791|1635773960419|Extreme risk
13194139533434|NFC|false|2020-10-28 08:44:21.553|1643882502209|Severe risk
17592186045040|RFID|false|2020-10-31 00:16:47.013|1609481171011|Significant risk
17592186044782|RFID|false|2020-11-02 15:20:54.718|1659006481466|Low risk
17592186045243|NFC|false|2020-11-03 12:08:19.797|1624903668282|Significant risk
17592186044527|WIFI|false|2020-11-03 21:57:41.08|1664969949178|Critical risk
17592186044582|QRCode|false|2020-11-04 03:33:07.316|1612069895039|Moderate risk
17592186045301|NFC|true|2020-11-05 08:06:31.396|1630982079832|Moderate risk
17592186045277|PHONE|false|2020-11-05 12:33:14.652|1623017947558|Extreme risk
17592186044579|MAC|false|2020-11-06 05:45:00.851|1658903048370|Very high risk
17592186044828|IPv6|false|2020-11-06 08:37:18.075|1635343357875|Critical risk
17592186045117|ATM|false|2020-11-07 16:19:13.059|1634377534116|Significant risk
17592186044421|POS|false|2020-11-07 19:08:51.664|1606079207344|Significant risk
17592186044950|IPv4|false|2020-11-08 11:50:25.945|1641593280988|Very high risk
17592186044476|RFID|false|2020-11-08 17:57:26.434|1605578616922|Significant risk
17592186044443|IPv6|false|2020-11-09 02:34:29.764|1638589847552|Critical risk
17592186044837|IPv4|false|2020-11-09 08:23:52.097|1627180573430|Significant risk
17592186044525|NFC|false|2020-11-09 11:23:53.102|1636521963423|Minimal risk
17592186044879|QRCode|false|2020-11-09 17:41:11.206|1611111056706|Critical risk
17592186044929|WIFI|false|2020-11-10 09:15:46.471|1669859927124|High risk
17592186044457|WIFI|false|2020-11-12 12:16:57.952|1612024395829|High risk
17592186045085|RFID|true|2020-11-12 14:21:09.155|1642686686231|Critical risk
17592186045154|WIFI|false|2020-11-14 04:45:27.249|1672012931407|Critical risk
17592186044622|IPv6|false|2020-11-14 14:41:53.633|1643055413672|High risk
17592186044796|WIFI|false|2020-11-17 00:47:36.396|1610489640789|Critical risk
17592186045326|QRCode|false|2020-11-18 10:30:50.582|1655097544054|Low risk
17592186044868|ATM|true|2020-11-23 02:11:28.137|1658741448263|Critical risk
17592186044778|ATM|false|2020-11-23 21:03:33.672|1651186275988|Severe risk
17592186045255|IPv4|false|2020-11-23 21:50:23.147|1607558859065|Minimal risk
17592186044449|PHONE|false|2020-11-27 14:04:24.688|1624492926721|Minimal risk
17592186045131|IPv4|false|2020-11-27 23:23:43.602|1631875761801|Minimal risk
17592186044920|IPv6|false|2020-11-28 07:17:55.18|1630686056425|Severe risk
17592186045113|ATM|false|2020-11-29 04:20:07.246|1617616615634|Severe risk
17592186045332|NFC|false|2020-11-30 00:59:59.761|1650039510364|Significant risk
17592186045354|ATM|false|2020-12-02 01:03:49.431|1608670325557|Minimal risk
17592186044776|NFC|false|2020-12-02 02:05:40.791|1648557083900|High risk
17592186044701|IPv4|false|2020-12-02 11:34:21.528|1626186274974|Minimal risk
17592186044786|IPv4|false|2020-12-04 01:21:28.097|1645159403374|Very high risk
17592186044720|IPv6|true|2020-12-04 16:16:40.163|1657575675674|Moderate risk
17592186045258|PHONE|true|2020-12-06 17:27:19.18|1608515676474|High risk
17592186044610|QRCode|false|2020-12-08 01:05:32.956|1634621379143|Low risk
17592186045410|IPv4|false|2020-12-08 01:41:11.062|1665003576593|Severe risk
17592186045333|NFC|false|2020-12-08 21:29:23.554|1661101923743|High risk
17592186045094|IPv6|false|2020-12-09 08:29:55.58|1643546248407|Extreme risk
17592186045359|QRCode|false|2020-12-12 06:53:39.596|1649013446051|Very high risk
17592186044576|MAC|false|2020-12-15 23:45:57.234|1620505043605|Critical risk
17592186044471|IPv6|false|2020-12-16 09:57:49.58|1636452483237|Minimal risk
17592186044437|RFID|false|2020-12-17 16:22:43.761|1617189742577|Very high risk
17592186044834|WIFI|false|2020-12-21 15:58:34.71|1650397455532|Minimal risk
17592186045366|NFC|false|2020-12-22 00:21:07.371|1640804862864|Severe risk
17592186045008|ATM|false|2020-12-23 08:18:09.05|1615492628579|Very high risk
17592186045037|WIFI|false|2020-12-24 05:47:18.67|1662972412457|Significant risk
17592186045254|IPv6|false|2020-12-25 17:33:03.136|1631035436007|Low risk
17592186044987|RFID|false|2020-12-26 03:24:51.137|1644126035793|Significant risk
17592186045269|ATM|false|2020-12-27 03:43:27.334|1659872154590|Extreme risk
17592186045016|POS|false|2020-12-30 17:30:31.118|1665297137131|Minimal risk
17592186045125|QRCode|false|2020-12-30 22:31:08.252|1646460384124|High risk
17592186045217|ATM|false|2021-01-03 07:45:24.774|1646005080659|Critical risk
17592186044819|PHONE|false|2021-01-04 05:33:22.427|1666001200659|Extreme risk
17592186045305|IPv4|false|2021-01-06 18:24:46.489|1615249457616|Moderate risk
17592186045069|IPv4|false|2021-01-07 22:04:43.932|1612549492722|High risk
17592186044592|QRCode|false|2021-01-09 07:01:23.141|1659514158923|Extreme risk
17592186044956|PHONE|false|2021-01-10 02:40:30.944|1670759278289|Moderate risk
17592186045314|MAC|false|2021-01-11 00:59:17.204|1634021980326|Low risk
17592186044465|WIFI|false|2021-01-12 05:03:04.046|1626130081212|Low risk
21990232556375|IPv6|false|2021-01-14 01:22:31.525|1636666095790|Moderate risk
21990232555790|PHONE|false|2021-01-15 10:26:03.595|1659617698853|Critical risk
21990232556101|MAC|false|2021-01-15 12:41:07.867|1649314294185|Significant risk
21990232555538|ATM|false|2021-01-15 17:34:52.837|1640198125414|Critical risk
21990232556452|ATM|false|2021-01-16 05:17:31.023|1618758324157|Minimal risk
21990232555799|RFID|false|2021-01-18 13:10:23.478|1625520429087|Moderate risk
21990232556281|RFID|false|2021-01-19 02:43:37.527|1627297336505|Very high risk
21990232555574|IPv4|false|2021-01-21 00:21:12.362|1661867171789|Very high risk
21990232556287|PHONE|false|2021-01-22 00:31:54.163|1649762162982|Extreme risk
21990232555905|NFC|false|2021-01-22 18:26:50.944|1652503018884|Minimal risk
21990232556342|QRCode|false|2021-01-23 05:02:55.778|1665998141161|Very high risk
21990232555606|IPv4|false|2021-01-23 19:24:03.357|1618511203193|Moderate risk
21990232556275|IPv6|false|2021-01-24 12:27:21.741|1636814127355|Moderate risk
21990232556076|IPv4|false|2021-01-26 11:13:08.588|1629446113239|Very high risk
21990232555671|NFC|false|2021-01-26 16:55:09.558|1628226345365|Very high risk
21990232556345|IPv4|false|2021-01-26 20:21:58.013|1666885132606|High risk
21990232556064|MAC|false|2021-01-27 03:38:49.527|1653929624508|Moderate risk
21990232555970|RFID|false|2021-01-27 11:47:56.852|1663977832285|Significant risk
21990232556007|IPv4|false|2021-01-29 08:34:24.188|1637835477059|Very high risk
21990232556203|POS|false|2021-02-01 06:33:54.997|1649562838765|Minimal risk
21990232556171|QRCode|false|2021-02-03 03:40:33.136|1624213031558|Very high risk
21990232556323|RFID|false|2021-02-04 08:43:25.347|1671224342342|Low risk
21990232556433|NFC|false|2021-02-05 17:59:42.273|1664448989646|Extreme risk
21990232555807|NFC|false|2021-02-06 22:34:51.123|1668287573343|Moderate risk
21990232556402|IPv6|true|2021-02-08 12:22:20.685|1640082141112|High risk
21990232555912|MAC|false|2021-02-10 09:58:59.861|1667307482825|High risk
21990232555918|WIFI|false|2021-02-11 21:59:15.022|1643482521486|Severe risk
21990232556212|WIFI|false|2021-02-13 18:12:20.886|1668209650581|Extreme risk
21990232555830|PHONE|false|2021-02-14 07:57:24.507|1653047160055|High risk
21990232555534|WIFI|false|2021-02-14 22:08:41.977|1663698445264|Critical risk
21990232556129|IPv4|false|2021-02-15 08:51:22|1641482262821|Low risk
21990232556252|QRCode|false|2021-02-15 21:21:54.972|1628971676201|Low risk
21990232555673|RFID|false|2021-02-17 09:27:38.442|1647809834435|High risk
21990232556008|IPv4|false|2021-02-17 12:44:45.935|1620326829954|Low risk
21990232556509|IPv4|false|2021-02-20 09:00:48.325|1632299879347|Critical risk
21990232555527|MAC|false|2021-02-21 03:42:58.912|1671163088185|Moderate risk
21990232556201|QRCode|false|2021-02-21 15:02:53.695|1619003462145|Significant risk
21990232555867|ATM|false|2021-02-22 11:36:43.865|1656337007503|Extreme risk
21990232556039|NFC|false|2021-02-23 05:56:55.372|1627934643962|Critical risk
21990232556174|MAC|false|2021-02-23 12:06:16.545|1662554993565|Minimal risk
21990232556132|ATM|false|2021-02-23 12:14:13.46|1631711987204|Low risk
21990232556487|PHONE|false|2021-02-24 11:15:18.432|1648892963174|Very high risk
21990232555753|RFID|false|2021-02-26 08:43:52.99|1647492081542|Critical risk
21990232555791|QRCode|false|2021-02-26 18:11:54.464|1670883310490|Very high risk
21990232556369|ATM|false|2021-02-27 17:38:04.371|1653669995608|Critical risk
21990232556075|POS|false|2021-02-28 02:05:57.26|1629885956650|High risk
21990232556190|QRCode|false|2021-02-28 12:33:41.804|1652278099640|Severe risk
21990232555991|POS|false|2021-02-28 13:52:23.696|1649704313735|Minimal risk
21990232556042|PHONE|false|2021-02-28 21:12:12.897|1648802327469|Severe risk
21990232556397|NFC|false|2021-03-03 04:56:11.033|1665119656454|Low risk
21990232556038|WIFI|true|2021-03-04 18:26:14.689|1623924393778|Minimal risk
21990232555829|QRCode|false|2021-03-04 20:26:19.738|1618757818319|Significant risk
21990232555800|QRCode|false|2021-03-05 05:03:40.191|1641844812549|Very high risk
21990232556057|ATM|false|2021-03-05 12:16:07.646|1648574595967|Severe risk
21990232556137|IPv4|false|2021-03-06 04:05:33.329|1671356861989|Severe risk
21990232555846|MAC|false|2021-03-06 15:08:41.678|1619200970756|High risk
21990232556427|RFID|false|2021-03-08 01:42:26.426|1664666039120|Severe risk
21990232556215|NFC|false|2021-03-11 04:56:45.87|1655071002369|Extreme risk
21990232555952|NFC|false|2021-03-13 02:09:32.737|1627185473898|Severe risk
21990232556136|IPv4|false|2021-03-13 20:43:23.721|1646269233306|Low risk
21990232556385|QRCode|false|2021-03-14 20:15:07.849|1669006415084|Very high risk
21990232556372|IPv6|false|2021-03-14 21:22:37.512|1636047031181|Significant risk
21990232555732|QRCode|false|2021-03-16 11:52:14.329|1641800794042|Critical risk
21990232556114|WIFI|false|2021-03-16 12:58:58.401|1620813595493|Moderate risk
21990232555577|RFID|false|2021-03-17 02:36:16.842|1621124971589|Significant risk
21990232556516|ATM|false|2021-03-17 16:14:08.561|1630562366151|Moderate risk
21990232555804|IPv6|false|2021-03-18 04:58:28.962|1667202292755|Significant risk
21990232556491|MAC|false|2021-03-20 05:09:03.384|1628217730127|Low risk
21990232555666|MAC|false|2021-03-21 14:17:02.681|1620983526894|Very high risk
21990232556019|NFC|false|2021-03-21 14:29:21.115|1671533864230|Moderate risk
21990232555737|WIFI|false|2021-03-23 00:00:28.846|1668855489718|Critical risk
21990232556011|QRCode|false|2021-03-23 13:30:43.44|1649026160638|Severe risk
21990232555705|ATM|false|2021-03-24 03:33:29.264|1651645052420|Significant risk
21990232555555|WIFI|true|2021-03-24 10:40:15.129|1672323462594|Significant risk
21990232555661|RFID|false|2021-03-25 16:53:53.495|1654394439473|Minimal risk
21990232556247|PHONE|false|2021-03-28 10:06:32.502|1666260133777|High risk
21990232555539|PHONE|false|2021-03-28 12:14:18.718|1628343353991|Severe risk
21990232555840|ATM|false|2021-03-29 07:14:45.282|1621761447491|Minimal risk
26388279067612|MAC|false|2021-03-31 20:32:20.522|1647515329022|Severe risk
26388279067581|ATM|false|2021-04-01 17:41:50.906|1667640666367|Severe risk
26388279067229|ATM|false|2021-04-02 00:12:03.597|1659332839227|Moderate risk
26388279066802|MAC|false|2021-04-02 23:05:29.146|1629922335063|Low risk
26388279067107|WIFI|false|2021-04-03 23:00:14.546|1659596190352|Moderate risk
26388279066774|NFC|false|2021-04-05 05:30:42.145|1624820497677|Moderate risk
26388279067085|WIFI|false|2021-04-07 07:33:47.178|1621358886872|Significant risk
26388279066739|RFID|false|2021-04-08 11:05:02.254|1620630906277|Moderate risk
26388279066937|IPv6|false|2021-04-11 23:16:34.317|1646012139824|Moderate risk
26388279067601|MAC|false|2021-04-13 00:01:49.418|1621560914042|Minimal risk
26388279066632|POS|false|2021-04-13 06:19:20.553|1641056257135|Significant risk
26388279067120|PHONE|false|2021-04-13 19:20:27.986|1633254720940|Very high risk
26388279067255|ATM|false|2021-04-14 02:58:02.276|1625294693974|Minimal risk
26388279066824|NFC|false|2021-04-15 05:28:19.567|1660236921815|High risk
26388279066930|IPv4|false|2021-04-15 14:53:50.901|1643504969385|Moderate risk
26388279066724|WIFI|false|2021-04-15 19:10:44.145|1638505475063|High risk
26388279066987|ATM|false|2021-04-16 15:08:46.924|1670508387174|High risk
26388279066669|PHONE|false|2021-04-16 20:32:45.288|1626989131363|Low risk
26388279067390|NFC|false|2021-04-17 21:38:48.32|1636420358784|Severe risk
26388279067554|ATM|false|2021-04-18 22:20:14.564|1647793110128|Significant risk
26388279067181|NFC|false|2021-04-21 01:23:03.435|1652108333394|Low risk
26388279067344|QRCode|false|2021-04-23 00:37:12.26|1631516884181|Extreme risk
26388279066865|MAC|true|2021-04-23 05:58:26.498|1636889044998|Extreme risk
26388279067378|RFID|true|2021-04-24 05:13:24.252|1671411236996|Critical risk
26388279067176|WIFI|false|2021-04-25 06:29:55.457|1658936661549|High risk
26388279066912|ATM|false|2021-04-25 12:53:01.49|1619621691767|Severe risk
26388279066978|PHONE|false|2021-04-25 13:55:16.492|1625010242844|Very high risk
26388279067514|ATM|false|2021-04-26 02:58:37.974|1642769220546|Extreme risk
26388279067079|WIFI|false|2021-04-28 02:42:03.65|1620034936782|Low risk
26388279066796|IPv4|false|2021-04-29 14:43:15.196|1644936991851|Critical risk
26388279067329|MAC|false|2021-04-30 11:52:42.186|1638189665611|Significant risk
26388279066744|ATM|false|2021-04-30 18:39:18.784|1641367240351|Severe risk
26388279067445|IPv4|false|2021-05-01 20:40:18.592|1651833138227|Significant risk
26388279067082|NFC|false|2021-05-01 21:42:52.21|1644336771031|Significant risk
26388279067304|RFID|false|2021-05-02 12:50:54.882|1651438618231|Low risk
26388279067560|POS|false|2021-05-04 22:59:55.782|1636763788841|High risk
26388279067564|PHONE|true|2021-05-05 04:20:08.531|1628392913266|Critical risk
26388279067499|QRCode|false|2021-05-07 10:32:28.01|1641099252698|Low risk
26388279067589|ATM|false|2021-05-07 16:19:33.131|1667330785679|High risk
26388279067455|PHONE|false|2021-05-07 19:11:00.088|1650717345172|High risk
26388279067376|ATM|false|2021-05-08 12:12:52.171|1641780076716|Low risk
26388279067345|WIFI|false|2021-05-08 17:12:36.229|1621348655227|High risk
26388279067276|ATM|false|2021-05-08 22:05:04.941|1659429450875|Extreme risk
26388279066761|QRCode|false|2021-05-09 17:53:39.082|1623395870871|Very high risk
26388279067063|ATM|false|2021-05-09 23:13:52.884|1644522083276|Extreme risk
26388279066646|POS|false|2021-05-13 06:24:04.058|1643145567974|Severe risk
26388279067453|IPv4|false|2021-05-13 07:25:47.246|1639861510038|Moderate risk
26388279066936|MAC|false|2021-05-15 15:52:13.515|1632968934093|Low risk
26388279067598|RFID|false|2021-05-15 20:40:53.391|1641575948604|Significant risk
26388279067421|WIFI|false|2021-05-17 05:43:51.268|1621565428832|Minimal risk
26388279066680|MAC|false|2021-05-18 04:24:06.158|1652372400575|Extreme risk
26388279067283|NFC|false|2021-05-18 04:54:24.112|1659584649467|Significant risk
26388279066989|WIFI|false|2021-05-19 01:41:47.934|1638407080156|Critical risk
26388279067338|POS|false|2021-05-19 14:03:31.053|1629446890724|Extreme risk
26388279067230|PHONE|false|2021-05-19 16:08:38.553|1628824183649|Significant risk
26388279067131|MAC|false|2021-05-19 17:51:01.923|1651217415826|Minimal risk
26388279067511|RFID|false|2021-05-21 00:56:27.98|1637010533137|Significant risk
26388279066949|NFC|false|2021-05-22 03:26:43.551|1636900806649|Very high risk
26388279066760|PHONE|false|2021-05-22 11:48:40.861|1638085105173|Very high risk
26388279067251|IPv6|false|2021-05-23 17:30:42.085|1638934955497|Very high risk
26388279067408|IPv4|false|2021-05-24 01:54:28.085|1659697296765|High risk
26388279067026|WIFI|false|2021-05-26 18:05:03.494|1624802904566|Critical risk
26388279066900|PHONE|false|2021-05-26 19:37:49.58|1654151026929|Very high risk
26388279067023|QRCode|false|2021-05-27 15:28:59.459|1637304666707|Minimal risk
26388279067252|ATM|false|2021-05-28 21:50:15.495|1671453309712|Minimal risk
26388279067256|QRCode|false|2021-05-29 07:42:00.913|1665529005804|Minimal risk
26388279066801|WIFI|true|2021-05-29 16:57:35.16|1666609550881|Very high risk
26388279066932|WIFI|true|2021-05-31 18:52:00.312|1667640702743|Moderate risk
26388279067336|IPv6|false|2021-06-03 04:15:03.583|1630043168288|Low risk
26388279067549|IPv4|false|2021-06-03 21:59:12.343|1668799825982|Moderate risk
26388279067337|WIFI|false|2021-06-04 00:45:37.385|1658512237563|Severe risk
26388279067267|RFID|false|2021-06-04 11:45:13.994|1623336304227|Very high risk
26388279067221|ATM|false|2021-06-05 10:26:05.769|1650434851364|High risk
26388279067287|IPv4|false|2021-06-06 13:15:40.318|1628473942978|Critical risk
26388279067614|ATM|false|2021-06-07 07:55:59.325|1659397622657|Very high risk
26388279067551|WIFI|false|2021-06-07 11:21:29.19|1656853832654|Moderate risk
26388279067124|PHONE|true|2021-06-09 10:41:27.453|1670120258819|Severe risk
26388279066626|RFID|false|2021-06-10 15:14:06.022|1646695589177|Low risk
26388279067550|WIFI|false|2021-06-11 23:01:58.97|1659182874438|Minimal risk
30786325578104|POS|false|2021-06-15 08:53:48.807|1647792960432|Significant risk
30786325578621|NFC|false|2021-06-16 04:42:16.551|1653884387543|Significant risk
30786325578517|IPv4|false|2021-06-16 06:07:15.653|1643379024672|Low risk
30786325578701|NFC|false|2021-06-16 17:11:31.677|1639880889116|Severe risk
30786325577949|IPv4|true|2021-06-17 02:13:29.088|1634696029023|Significant risk
30786325578203|ATM|false|2021-06-17 12:21:02.443|1644034407010|Extreme risk
30786325577943|NFC|false|2021-06-17 13:24:50.78|1659101689219|Severe risk
30786325578306|RFID|false|2021-06-20 01:29:56.846|1657307632053|Low risk
30786325577876|QRCode|false|2021-06-21 00:18:33.593|1664430874420|Moderate risk
30786325578252|RFID|false|2021-06-21 09:27:41.113|1664924367976|Severe risk
30786325578446|ATM|false|2021-06-21 16:34:19.883|1642901052811|Significant risk
30786325578547|MAC|false|2021-06-22 11:31:19.871|1669482218929|Moderate risk
30786325577971|ATM|false|2021-06-24 02:04:31.107|1635597450964|Significant risk
30786325578719|WIFI|false|2021-06-25 16:15:30.516|1649254172565|Significant risk
30786325578467|WIFI|false|2021-06-26 19:07:20.074|1653447840854|Moderate risk
30786325577873|RFID|false|2021-06-26 20:33:37.524|1646866887421|Severe risk
30786325577954|QRCode|false|2021-06-26 21:19:09.534|1661914199092|Significant risk
30786325578598|WIFI|false|2021-06-27 02:54:21.841|1626663667040|Critical risk
30786325578418|PHONE|false|2021-06-27 05:39:53.269|1659821679143|Low risk
30786325578501|MAC|false|2021-06-29 12:40:30.237|1645958058223|Moderate risk
30786325578332|RFID|false|2021-07-01 08:48:27.541|1646298431319|Extreme risk
30786325577982|IPv6|false|2021-07-02 18:12:40.278|1650678801921|Severe risk
30786325578026|ATM|false|2021-07-03 10:01:32.052|1645743867439|Significant risk
30786325577923|MAC|false|2021-07-04 01:21:24.047|1633921629761|Minimal risk
30786325578416|POS|false|2021-07-04 13:48:56.235|1660145515331|Moderate risk
30786325577872|PHONE|false|2021-07-05 14:17:42.855|1670583779926|Significant risk
30786325578277|ATM|false|2021-07-07 10:12:58.191|1658256173192|Extreme risk
30786325578481|MAC|false|2021-07-07 11:09:16.024|1649965974118|Low risk
30786325577786|MAC|false|2021-07-07 11:37:40.437|1660216028857|High risk
30786325578564|PHONE|false|2021-07-07 12:06:35.405|1657882797719|Very high risk
30786325577988|ATM|false|2021-07-11 07:16:46.241|1647556696405|Low risk
30786325578305|WIFI|false|2021-07-11 21:40:32.467|1629464495754|Minimal risk
30786325578185|IPv6|true|2021-07-11 23:45:56.091|1655883033518|Severe risk
30786325577779|QRCode|false|2021-07-13 11:22:10.515|1628716662068|Minimal risk
30786325578662|WIFI|false|2021-07-14 19:49:41.51|1637108219800|Moderate risk
30786325578461|RFID|false|2021-07-17 10:36:32.254|1659879976700|Minimal risk
30786325578174|IPv4|false|2021-07-17 22:59:57.271|1647725608677|Moderate risk
30786325578110|IPv4|true|2021-07-18 02:28:35.17|1654226668853|Moderate risk
30786325578153|ATM|false|2021-07-18 10:59:33.695|1633125879250|Low risk
30786325578293|PHONE|false|2021-07-18 21:40:50.362|1639063292534|Critical risk
30786325578667|MAC|false|2021-07-19 19:43:38.413|1662059320453|Minimal risk
30786325577765|PHONE|false|2021-07-20 05:06:22.676|1639417794725|Extreme risk
30786325578107|MAC|false|2021-07-21 23:56:46.232|1629982596628|Low risk
30786325578546|ATM|false|2021-07-23 17:49:50.343|1630699432690|Minimal risk
30786325577896|IPv4|false|2021-07-24 13:11:29.668|1629805273082|Moderate risk
30786325578510|NFC|false|2021-07-25 01:36:29.033|1642075996856|Low risk
30786325578124|IPv6|false|2021-07-26 07:25:09.402|1656188935452|Very high risk
30786325577776|QRCode|false|2021-07-26 10:29:58.464|1638651630539|Minimal risk
30786325578471|PHONE|true|2021-07-29 12:19:03.748|1642215603911|Moderate risk
30786325578554|IPv4|false|2021-07-30 13:48:46.508|1667292930509|Very high risk
30786325577792|QRCode|false|2021-07-30 14:52:49.355|1631840710639|Moderate risk
30786325577803|WIFI|false|2021-07-31 02:21:27.601|1664548167752|Moderate risk
30786325577819|IPv4|false|2021-08-04 06:37:20.264|1669736637729|High risk
30786325578111|RFID|false|2021-08-05 13:06:15.753|1656066998112|Minimal risk
30786325578502|QRCode|true|2021-08-05 18:13:34.494|1647443597082|Extreme risk
30786325578347|POS|false|2021-08-07 13:37:21.444|1637832455463|Very high risk
30786325578462|POS|false|2021-08-07 18:02:08.968|1634588485698|High risk
30786325578207|PHONE|false|2021-08-08 20:52:55.705|1669662666936|Moderate risk
30786325578159|ATM|false|2021-08-09 00:32:47.198|1642640143417|High risk
30786325577860|RFID|false|2021-08-09 10:15:48.726|1633337330134|Critical risk
30786325577781|ATM|true|2021-08-11 16:50:26.024|1633689528876|Minimal risk
30786325578684|RFID|false|2021-08-13 14:21:32.303|1659871319060|High risk
30786325578374|IPv4|false|2021-08-15 03:36:14.863|1664467497933|Moderate risk
30786325577800|PHONE|false|2021-08-17 19:04:40.174|1666996928011|Severe risk
30786325577829|PHONE|false|2021-08-18 10:02:02.947|1643105364736|Significant risk
30786325578469|ATM|false|2021-08-19 14:07:58.946|1630895438699|Critical risk
30786325578478|MAC|false|2021-08-20 06:48:06.372|1640725214576|High risk
30786325578399|QRCode|false|2021-08-20 06:50:30.001|1641344185015|Critical risk
30786325577939|WIFI|false|2021-08-21 06:12:48.529|1646557261119|High risk
30786325578336|NFC|true|2021-08-21 12:47:04.167|1633822370574|High risk
30786325578450|IPv6|false|2021-08-22 22:13:58.477|1637122693251|Minimal risk
30786325578694|WIFI|false|2021-08-25 07:39:48.273|1669454561460|Extreme risk
30786325578445|WIFI|false|2021-08-25 23:24:49.867|1647143725362|High risk
30786325578297|QRCode|false|2021-08-27 01:08:43.34|1637713736639|Critical risk
30786325578587|IPv6|false|2021-08-27 12:24:06.258|1664854379041|Severe risk
30786325577799|WIFI|true|2021-08-27 20:52:50.915|1651686461192|Extreme risk
35184372088871|ATM|false|2021-08-28 06:25:08.083|1646584537274|Severe risk
35184372089042|IPv6|false|2021-08-29 13:14:59.979|1664090787123|Severe risk
35184372089241|RFID|false|2021-08-29 18:53:39.995|1668660110832|Very high risk
35184372089260|MAC|true|2021-08-30 07:09:18.559|1645184692296|Very high risk
35184372088924|IPv6|false|2021-08-30 19:16:58.8|1649674645199|Minimal risk
35184372089644|PHONE|false|2021-09-02 19:54:16.765|1638792518436|Low risk
35184372088920|ATM|false|2021-09-03 16:37:44.999|1660891369610|Minimal risk
35184372089560|ATM|false|2021-09-05 04:06:34.831|1639699463110|Minimal risk
35184372089363|MAC|false|2021-09-05 07:09:12.054|1668174936676|Minimal risk
35184372089029|ATM|false|2021-09-06 19:42:50.913|1652278054109|Moderate risk
35184372089804|POS|false|2021-09-08 23:20:33.478|1650582881722|Moderate risk
35184372089407|MAC|false|2021-09-09 09:57:43.442|1664338095323|Very high risk
35184372089300|QRCode|false|2021-09-09 12:05:58.477|1639036631232|High risk
35184372089692|MAC|false|2021-09-11 06:38:53.284|1634493007224|Moderate risk
35184372089419|QRCode|false|2021-09-14 08:08:13.588|1669656339338|Severe risk
35184372089063|PHONE|false|2021-09-14 10:17:15.201|1647724622859|Very high risk
35184372089783|QRCode|false|2021-09-14 20:03:02.889|1658766913751|Severe risk
35184372089048|PHONE|false|2021-09-15 00:44:20.842|1646185151692|Very high risk
35184372088979|PHONE|false|2021-09-17 15:15:26.909|1638173983786|High risk
35184372089675|PHONE|false|2021-09-18 20:01:03.657|1649112794820|Significant risk
35184372088953|IPv4|false|2021-09-19 04:31:56.912|1667530449483|Low risk
35184372089445|WIFI|false|2021-09-19 11:56:38.912|1659600738656|Significant risk
35184372089640|RFID|false|2021-09-22 03:40:09.194|1661542926735|Extreme risk
35184372089417|RFID|false|2021-09-22 10:44:55.198|1643216645084|Critical risk
35184372089148|RFID|false|2021-09-23 19:40:21.71|1646931304626|Very high risk
35184372089226|MAC|false|2021-09-23 23:24:40.932|1660223451255|Severe risk
35184372089825|IPv4|false|2021-09-24 06:13:40.662|1640604475000|Low risk
35184372089076|IPv6|false|2021-09-25 03:01:52.011|1667121248974|Very high risk
35184372089753|RFID|false|2021-09-26 20:22:38.543|1671076136872|High risk
35184372088916|QRCode|false|2021-09-27 03:40:46.121|1648115809553|Significant risk
35184372089490|MAC|false|2021-09-27 05:07:18.891|1642104073829|Severe risk
35184372089174|QRCode|false|2021-09-27 19:06:14.989|1655699661882|Low risk
35184372089561|QRCode|false|2021-09-28 01:47:43.972|1642963669420|Moderate risk
35184372089784|IPv4|false|2021-09-28 04:40:07.849|1672522024329|Very high risk
35184372088878|IPv6|true|2021-09-30 23:06:41.781|1667474748618|Moderate risk
35184372089074|WIFI|false|2021-10-01 01:59:20.572|1648189480933|Severe risk
35184372089669|ATM|false|2021-10-01 04:41:19.196|1649513441595|Minimal risk
35184372088836|RFID|false|2021-10-01 11:43:15.191|1649679204225|Severe risk
35184372089167|MAC|false|2021-10-03 23:24:26.543|1646977514710|Very high risk
35184372089827|RFID|false|2021-10-05 13:49:33.151|1654274094296|Very high risk
35184372089461|IPv4|false|2021-10-05 19:26:11.456|1663275101772|Low risk
35184372089321|IPv6|false|2021-10-07 03:32:26.323|1637205536651|Minimal risk
35184372089418|WIFI|false|2021-10-07 18:50:48.674|1635460859494|Low risk
35184372089568|QRCode|false|2021-10-09 20:30:54.78|1658602032069|Significant risk
35184372088935|WIFI|false|2021-10-13 16:51:16.371|1652279151265|Very high risk
35184372089596|RFID|false|2021-10-14 17:56:53.493|1666513314754|Minimal risk
35184372089259|PHONE|false|2021-10-15 05:45:51.458|1660851000648|Critical risk
35184372089404|MAC|false|2021-10-15 14:08:39.159|1671772523472|Very high risk
35184372088874|NFC|false|2021-10-15 14:44:39.243|1646395172285|Extreme risk
35184372089091|QRCode|false|2021-10-15 15:35:20.97|1653168110886|Moderate risk
35184372089243|PHONE|false|2021-10-16 11:17:43.511|1638813319438|Moderate risk
35184372088994|RFID|false|2021-10-17 23:28:45.613|1666905714578|High risk
35184372089752|PHONE|false|2021-10-19 08:00:47.856|1658975412689|Very high risk
35184372089496|QRCode|false|2021-10-20 14:05:56.129|1641193890935|Extreme risk
35184372089171|WIFI|false|2021-10-21 03:28:05.147|1639352196229|Minimal risk
35184372089667|IPv4|false|2021-10-21 08:51:10.952|1635488395847|Very high risk
35184372089481|POS|false|2021-10-22 08:18:45.814|1643532291707|Extreme risk
35184372089779|ATM|false|2021-10-23 20:02:10.776|1666257159598|Severe risk
35184372088945|IPv4|false|2021-10-24 01:29:10.132|1655554966136|Low risk
35184372089066|RFID|false|2021-10-26 14:31:23.669|1646806987954|Severe risk
35184372089609|QRCode|false|2021-10-26 19:12:53.596|1653745157968|Low risk
35184372089273|WIFI|false|2021-10-27 07:29:48.456|1653237763483|Extreme risk
35184372089196|ATM|false|2021-10-30 06:07:42.841|1645586654170|Low risk
35184372089304|PHONE|false|2021-10-30 11:09:45.808|1671156945562|Extreme risk
35184372089750|MAC|false|2021-10-30 20:07:28.476|1649786141100|Very high risk
35184372089617|POS|false|2021-10-30 22:16:45.725|1649661812099|Moderate risk
35184372089540|ATM|false|2021-11-02 03:04:07.004|1653937923348|Severe risk
35184372089660|QRCode|false|2021-11-04 03:17:41.15|1643907943097|High risk
35184372089814|NFC|false|2021-11-04 19:28:20.259|1664599580799|Minimal risk
35184372089543|PHONE|false|2021-11-05 16:06:33.7|1655056895600|Severe risk
35184372089327|IPv4|false|2021-11-06 22:32:17.886|1641452761484|Low risk
35184372089297|WIFI|false|2021-11-07 01:37:09.681|1672111208401|Critical risk
35184372089713|IPv4|false|2021-11-08 06:12:03.103|1671949385828|Severe risk
35184372089090|ATM|false|2021-11-08 14:34:23.173|1640688443122|Significant risk
35184372089790|PHONE|false|2021-11-09 19:52:59.199|1660599264620|Severe risk
35184372089780|ATM|false|2021-11-10 10:23:31.961|1643661844637|High risk
39582418600634|IPv4|false|2021-11-11 22:45:27.154|1652170495648|Severe risk
39582418600276|POS|true|2021-11-12 19:12:39.128|1646630181636|Minimal risk
39582418600800|RFID|false|2021-11-15 07:16:19.745|1644229269533|Moderate risk
39582418600001|POS|false|2021-11-16 10:08:32.694|1671439658314|Critical risk
39582418599974|NFC|false|2021-11-20 05:17:25.691|1643927808987|High risk
39582418600627|ATM|false|2021-11-21 02:09:10.755|1650129253385|Significant risk
39582418600219|RFID|false|2021-11-21 05:38:12.848|1672395162554|Severe risk
39582418600885|WIFI|false|2021-11-22 07:03:09.732|1668039713563|Severe risk
39582418600064|PHONE|false|2021-11-22 12:33:58.107|1647804614701|Minimal risk
39582418600274|RFID|false|2021-11-26 02:51:27.986|1671232858402|Very high risk
39582418600450|RFID|false|2021-11-26 05:21:00.739|1659597293542|Moderate risk
39582418600554|WIFI|false|2021-11-29 06:44:56.069|1656906945990|Significant risk
39582418600698|PHONE|false|2021-11-29 14:04:42.734|1666829205469|Extreme risk
39582418600122|RFID|false|2021-12-02 03:05:33.715|1672488147636|Minimal risk
39582418600127|NFC|false|2021-12-03 07:39:06.155|1641619766143|Severe risk
39582418600756|NFC|true|2021-12-04 10:26:46.967|1666522696722|Very high risk
39582418600807|WIFI|false|2021-12-05 07:16:40.531|1671939723616|Critical risk
39582418600898|WIFI|false|2021-12-05 10:32:22.062|1654835347480|Low risk
39582418600603|WIFI|false|2021-12-06 11:41:21.215|1642707438259|Extreme risk
39582418600209|WIFI|false|2021-12-06 22:36:29.974|1663650372676|Critical risk
39582418600735|WIFI|false|2021-12-07 12:03:07.603|1654081028179|Very high risk
39582418600638|PHONE|false|2021-12-11 04:08:34.934|1648714999053|Critical risk
39582418600889|MAC|false|2021-12-13 07:43:35.736|1665273258770|Minimal risk
39582418600506|POS|false|2021-12-13 19:23:00.043|1645592857198|Moderate risk
39582418600078|POS|false|2021-12-14 20:24:13.624|1645435060810|Minimal risk
39582418600158|WIFI|false|2021-12-15 17:50:18.912|1643751212539|Low risk
39582418600814|IPv6|false|2021-12-16 01:05:06.769|1668722322928|Minimal risk
39582418600033|NFC|false|2021-12-16 01:47:43.458|1669721172950|Low risk
39582418600558|MAC|false|2021-12-18 17:51:22.779|1646508579879|Very high risk
39582418600810|QRCode|false|2021-12-19 00:02:28.616|1659003955895|Severe risk
39582418600055|IPv6|false|2021-12-19 14:11:56.369|1645217667016|Severe risk
39582418600310|PHONE|false|2021-12-21 19:15:10.999|1663468012007|High risk
39582418600768|RFID|false|2021-12-23 00:28:33.744|1644402442099|Minimal risk
39582418600728|NFC|false|2021-12-23 13:18:39.27|1648237204030|Low risk
39582418600387|RFID|false|2021-12-25 04:43:10.959|1651230621536|Extreme risk
39582418600848|QRCode|false|2021-12-25 09:08:43.298|1666450744200|Extreme risk
39582418600551|IPv4|false|2021-12-26 12:48:06.081|1671540538642|Significant risk
39582418600895|NFC|false|2021-12-27 11:19:06.032|1663166299465|Very high risk
39582418600378|IPv6|false|2021-12-27 15:55:13.587|1649972451379|Extreme risk
39582418600260|POS|false|2021-12-27 23:32:19.938|1659978416280|Low risk
39582418600227|RFID|false|2021-12-28 12:25:45.71|1645238247780|Critical risk
39582418600342|RFID|false|2021-12-28 17:28:05.194|1668726183306|Critical risk
39582418600790|NFC|false|2021-12-29 06:49:58.099|1670263941185|Significant risk
39582418600144|IPv4|false|2021-12-30 19:45:06.585|1660257940207|High risk
39582418600586|ATM|false|2022-01-01 23:31:50.874|1645427011837|Low risk
39582418600667|NFC|false|2022-01-02 18:36:22.757|1664826407746|Significant risk
39582418600472|WIFI|false|2022-01-03 21:17:56.608|1654284037475|High risk
39582418599947|MAC|false|2022-01-04 01:09:22.438|1645772385680|Significant risk
39582418600742|IPv6|false|2022-01-07 19:53:34.816|1645311653375|Low risk
39582418600890|QRCode|false|2022-01-10 03:00:17.325|1659033827769|Severe risk
39582418600469|IPv4|false|2022-01-11 06:15:11.877|1655083859793|Very high risk
39582418599964|MAC|false|2022-01-11 10:41:18.071|1647089289722|Significant risk
39582418600727|POS|false|2022-01-12 17:34:24.534|1660246515980|Minimal risk
39582418600297|PHONE|false|2022-01-12 19:57:38.113|1658123079892|Minimal risk
39582418599960|IPv6|false|2022-01-14 13:43:13.316|1664664516162|Low risk
39582418600337|MAC|false|2022-01-14 15:24:22.476|1658149345842|Moderate risk
39582418600468|IPv6|false|2022-01-16 02:25:48.849|1653225092564|High risk
39582418600451|IPv6|false|2022-01-17 03:35:07.546|1644516513197|Extreme risk
39582418600510|QRCode|false|2022-01-19 21:22:04.954|1662385041884|Very high risk
39582418600896|IPv6|false|2022-01-20 02:41:36.331|1651545760176|Significant risk
39582418600497|IPv6|false|2022-01-21 08:12:26.588|1653404206140|Low risk
39582418600294|IPv4|false|2022-01-23 12:18:30.722|1667749085133|Minimal risk
39582418600784|MAC|false|2022-01-25 14:03:44.704|1656229952259|Minimal risk
43980465111677|POS|false|2022-01-26 07:18:59.061|1655352667826|Critical risk
43980465111108|MAC|false|2022-01-26 17:25:11.76|1668850498165|Severe risk
43980465111052|QRCode|false|2022-01-27 11:42:15.501|1646799269973|Extreme risk
43980465111674|MAC|false|2022-01-28 21:15:09.217|1653902195144|Severe risk
43980465111524|NFC|false|2022-01-30 08:03:33.01|1664840573486|Significant risk
43980465111716|PHONE|false|2022-02-01 20:21:34.701|1647038429052|Minimal risk
43980465111457|RFID|false|2022-02-02 02:52:55.683|1666569582162|Critical risk
43980465111665|NFC|false|2022-02-02 04:11:05.889|1668241956488|Minimal risk
43980465111303|POS|true|2022-02-04 07:05:35.58|1652902219251|Significant risk
43980465111880|ATM|false|2022-02-04 21:57:25.298|1660286034979|Extreme risk
43980465111834|NFC|false|2022-02-05 20:12:26.113|1644930316070|Severe risk
43980465112024|WIFI|false|2022-02-05 22:42:23.065|1654152334526|Critical risk
43980465111415|MAC|true|2022-02-06 11:07:03.071|1654954330297|Moderate risk
43980465111119|ATM|false|2022-02-07 02:36:25.264|1645687847209|High risk
43980465111207|MAC|false|2022-02-11 03:10:13.965|1661275290937|Extreme risk
43980465111201|MAC|false|2022-02-11 13:33:45.769|1666760928820|Extreme risk
43980465111550|PHONE|false|2022-02-12 14:19:44.696|1670768671855|Very high risk
43980465111219|ATM|false|2022-02-12 17:41:43.004|1664450349987|Moderate risk
43980465111727|POS|false|2022-02-14 01:20:37.376|1660857271271|Critical risk
43980465111308|POS|false|2022-02-14 17:00:26.498|1654593340438|Minimal risk
43980465111070|RFID|false|2022-02-15 05:31:16.794|1666580933488|Moderate risk
43980465111845|PHONE|false|2022-02-15 15:54:11.258|1666678901796|Critical risk
43980465111180|IPv6|false|2022-02-16 16:57:38.594|1670956896187|Significant risk
43980465111510|PHONE|false|2022-02-17 21:03:45.597|1654593093252|High risk
43980465111421|MAC|false|2022-02-18 21:26:36.112|1655701979461|Significant risk
43980465111475|POS|false|2022-02-20 09:35:17.457|1656424413464|High risk
43980465111516|RFID|false|2022-02-20 10:46:59.561|1668140734999|Moderate risk
43980465111666|POS|false|2022-02-20 11:56:10.468|1662598816457|Extreme risk
43980465111249|QRCode|false|2022-02-23 15:49:21.817|1664015291734|High risk
43980465111585|QRCode|false|2022-02-25 21:55:51.043|1659618647684|Significant risk
43980465111902|ATM|false|2022-02-26 01:39:18.634|1649768796227|Critical risk
43980465111164|ATM|false|2022-02-27 00:20:34.366|1662644056369|Critical risk
43980465111764|POS|false|2022-02-28 16:33:48.262|1658901008713|Very high risk
43980465111734|IPv6|false|2022-03-01 01:33:17.563|1661868825506|Moderate risk
43980465111919|PHONE|false|2022-03-01 06:34:24.9|1655322649701|Moderate risk
43980465111726|PHONE|false|2022-03-02 01:58:48.588|1661463889408|Minimal risk
43980465111408|MAC|false|2022-03-02 02:17:02.75|1671976236932|Very high risk
43980465111227|RFID|false|2022-03-03 00:47:11.487|1656265313793|Low risk
43980465111076|PHONE|false|2022-03-03 15:03:31.807|1662727614360|Moderate risk
43980465111907|NFC|false|2022-03-05 16:04:58.498|1653012521021|Low risk
43980465111934|IPv6|true|2022-03-06 15:15:14.377|1657068928033|Severe risk
43980465111304|WIFI|true|2022-03-07 04:14:32.099|1659058402419|Very high risk
43980465111819|ATM|false|2022-03-08 01:36:33.777|1649126897904|Severe risk
43980465112020|WIFI|false|2022-03-10 22:13:03.176|1654782486919|High risk
43980465111660|MAC|true|2022-03-11 08:05:56.032|1668020376892|Extreme risk
43980465111302|RFID|false|2022-03-13 01:34:29.361|1672111949200|Low risk
43980465111985|NFC|false|2022-03-13 02:50:03.488|1650042053099|Severe risk
43980465111821|POS|false|2022-03-13 12:09:03.973|1663534767796|Extreme risk
43980465111791|NFC|true|2022-03-16 03:08:22.608|1653701831987|Severe risk
43980465111483|RFID|false|2022-03-17 19:26:33.837|1648558544728|Significant risk
43980465111142|QRCode|false|2022-03-18 23:00:06.492|1662749202506|Significant risk
43980465111545|RFID|false|2022-03-19 04:31:21.6|1663301988861|Extreme risk
43980465111158|IPv4|false|2022-03-19 22:31:18.56|1668625621404|High risk
43980465111606|RFID|false|2022-03-20 02:31:44.566|1670443209572|High risk
43980465111799|IPv6|false|2022-03-21 03:22:17.904|1657653763868|Extreme risk
43980465111289|QRCode|false|2022-03-23 09:51:00.341|1665956064801|Critical risk
43980465111678|POS|false|2022-03-23 21:48:36.003|1655748924150|Very high risk
43980465111297|IPv4|false|2022-03-24 09:04:04.447|1668630395688|Extreme risk
43980465111041|IPv6|false|2022-03-24 20:10:44.958|1664619220788|Severe risk
43980465111820|MAC|false|2022-03-24 21:55:40.76|1669820309886|Low risk
43980465111412|POS|false|2022-03-26 01:35:32.632|1662956716447|Severe risk
43980465111230|PHONE|false|2022-03-28 06:37:50.95|1658668049303|High risk
43980465111647|POS|false|2022-03-28 19:32:31.489|1660098876256|High risk
43980465111747|RFID|false|2022-03-29 08:31:14.139|1672493090691|Extreme risk
43980465111474|WIFI|false|2022-03-29 12:34:46.436|1671904235629|Significant risk
43980465111178|WIFI|false|2022-03-29 15:49:34.574|1660625182361|Low risk
43980465111242|NFC|false|2022-03-29 22:42:25.421|1671303053536|Significant risk
43980465111233|IPv4|false|2022-04-04 00:38:02.116|1657590892624|Very high risk
43980465111244|MAC|false|2022-04-04 23:00:50.126|1651652018816|Very high risk
43980465111288|PHONE|false|2022-04-05 19:42:49.089|1668433788558|Very high risk
43980465111192|RFID|false|2022-04-11 05:54:13.061|1669271259151|Moderate risk
43980465111826|RFID|false|2022-04-11 08:57:00.768|1658300912060|Extreme risk
48378511622932|RFID|false|2022-04-11 22:10:21.299|1662289875439|Severe risk
48378511622652|NFC|false|2022-04-12 11:52:27.631|1657106322006|Moderate risk
48378511622892|ATM|false|2022-04-13 10:42:13.273|1654489413119|Moderate risk
48378511623108|POS|false|2022-04-14 16:54:36.318|1652681308737|Very high risk
48378511622425|IPv4|false|2022-04-16 16:40:03.855|1666341466225|Low risk
48378511622791|QRCode|false|2022-04-16 17:54:04.085|1662791781115|Low risk
48378511622671|WIFI|false|2022-04-17 12:02:11.935|1657830620746|Minimal risk
48378511622273|NFC|true|2022-04-17 22:43:03.967|1665636214017|Low risk
48378511622325|NFC|false|2022-04-20 14:41:56.121|1666712017221|Severe risk
48378511623039|QRCode|false|2022-04-20 14:44:43.439|1657353590457|High risk
48378511622977|IPv6|false|2022-04-21 02:58:34.985|1651640552552|High risk
48378511622988|IPv4|false|2022-04-21 10:46:49.707|1665141712873|Severe risk
48378511622823|RFID|false|2022-04-23 08:16:05.768|1653358274375|Extreme risk
48378511622937|IPv4|false|2022-04-23 20:54:46.18|1661848649031|Low risk
48378511623058|WIFI|false|2022-04-23 21:04:42.174|1662772092046|Critical risk
48378511622233|NFC|false|2022-04-23 22:45:28.905|1672171381776|Critical risk
48378511622728|NFC|false|2022-04-25 19:10:44.197|1661163315358|Low risk
48378511622531|MAC|false|2022-04-30 10:05:10.163|1666025575769|Extreme risk
48378511622418|WIFI|false|2022-05-01 11:27:17.355|1662680507592|Critical risk
48378511622342|ATM|false|2022-05-06 00:34:35.353|1657808868866|Low risk
48378511622226|ATM|false|2022-05-07 03:16:07.443|1658753904393|Significant risk
48378511622367|WIFI|false|2022-05-07 15:39:11.831|1652344768233|Critical risk
48378511622692|IPv4|false|2022-05-08 19:36:43.506|1671206426466|Severe risk
48378511622641|PHONE|false|2022-05-09 08:43:18.558|1665400673483|Critical risk
48378511622821|NFC|false|2022-05-10 06:30:09.138|1664139655767|High risk
48378511623059|IPv4|false|2022-05-12 01:34:53.269|1659722803839|Extreme risk
48378511622396|QRCode|false|2022-05-16 03:28:02.552|1660601858679|High risk
48378511623129|ATM|false|2022-05-16 11:56:37.402|1662298211594|Low risk
48378511622558|IPv4|false|2022-05-17 14:51:27.655|1655908225667|Minimal risk
48378511622308|QRCode|false|2022-05-17 15:20:30.039|1662920350362|Moderate risk
48378511622221|IPv6|false|2022-05-19 01:59:58.029|1655976100192|Minimal risk
48378511622220|NFC|false|2022-05-20 10:42:13.098|1663813698205|Extreme risk
48378511622563|WIFI|false|2022-05-21 02:32:46.995|1667249891892|Critical risk
48378511622549|PHONE|false|2022-05-21 19:34:18.469|1659606003820|Very high risk
48378511622685|NFC|false|2022-05-23 13:28:01.773|1659453220569|Severe risk
48378511622528|MAC|false|2022-05-24 09:56:37.514|1670814642756|Significant risk
48378511622946|POS|true|2022-05-24 14:01:53.301|1664151913453|Low risk
48378511622603|ATM|false|2022-05-24 21:16:54.539|1667842500172|Low risk
48378511622317|IPv4|false|2022-05-25 09:00:11.454|1659403759241|Significant risk
48378511622582|IPv4|false|2022-05-25 13:19:06.622|1656625886471|Severe risk
48378511622695|NFC|false|2022-05-28 04:54:14.654|1658591234068|Low risk
48378511622298|NFC|false|2022-05-29 07:48:15.285|1654647876912|Minimal risk
48378511622922|IPv4|false|2022-05-29 17:09:13.914|1654565990594|High risk
48378511622211|ATM|false|2022-05-30 15:46:26.894|1658361942865|Extreme risk
48378511623010|QRCode|false|2022-06-01 06:32:00.056|1656029783383|Extreme risk
48378511622690|WIFI|false|2022-06-05 12:05:01.988|1669474379870|High risk
48378511622234|ATM|false|2022-06-06 06:23:05.378|1655870479268|Severe risk
48378511622697|RFID|false|2022-06-06 22:46:53.58|1656293464708|Very high risk
48378511623131|PHONE|false|2022-06-08 10:28:25.946|1670835827469|Significant risk
48378511622539|ATM|false|2022-06-11 04:16:23.839|1671477256126|Significant risk
48378511622597|RFID|false|2022-06-11 11:14:48.179|1661470756926|Low risk
48378511623068|RFID|false|2022-06-11 20:20:02.855|1668729739982|Extreme risk
48378511622395|POS|false|2022-06-12 00:08:42.409|1662608401748|Severe risk
48378511623113|RFID|false|2022-06-13 01:51:16.721|1656567877502|Severe risk
48378511622559|PHONE|false|2022-06-13 12:26:19.646|1669657666720|Minimal risk
48378511622150|POS|false|2022-06-15 08:43:19.639|1669197472494|Moderate risk
48378511622724|ATM|false|2022-06-16 11:50:47.713|1669056690473|Significant risk
48378511622767|ATM|false|2022-06-18 14:38:32.027|1657197434883|Moderate risk
48378511622800|RFID|false|2022-06-19 22:07:06.105|1664204673414|Critical risk
48378511622371|PHONE|false|2022-06-22 06:15:49.972|1658731916345|Minimal risk
48378511622604|ATM|false|2022-06-23 12:09:15.334|1657871882258|Significant risk
48378511622686|PHONE|false|2022-06-24 20:38:58.114|1658279909446|Significant risk
48378511622501|PHONE|false|2022-06-25 05:56:38.102|1669270233773|Critical risk
52776558134062|QRCode|false|2022-06-27 00:08:07.125|1657616417780|Extreme risk
52776558133503|QRCode|false|2022-06-28 00:26:05.377|1666811508277|Moderate risk
52776558133417|MAC|false|2022-07-01 11:10:35.328|1667728291207|Minimal risk
52776558133514|IPv6|false|2022-07-03 18:04:52.206|1657428896221|Extreme risk
52776558133541|PHONE|false|2022-07-04 03:35:23.931|1658286378250|Critical risk
52776558133476|NFC|false|2022-07-07 10:59:07.228|1666845327667|High risk
52776558134008|PHONE|false|2022-07-07 22:34:15.579|1670400382707|Extreme risk
52776558133423|IPv4|false|2022-07-10 01:39:14.238|1658876961898|Severe risk
52776558133791|QRCode|false|2022-07-11 13:06:46.252|1668682755675|Severe risk
52776558134159|RFID|false|2022-07-11 18:23:46.66|1660603485146|Low risk
52776558133547|IPv4|false|2022-07-12 06:20:06.187|1667334253400|Low risk
52776558133310|IPv6|false|2022-07-14 13:55:31.717|1664390476747|Low risk
52776558133910|QRCode|false|2022-07-19 13:58:17.173|1664119386936|Very high risk
52776558133328|POS|false|2022-07-21 12:01:15.52|1668420336766|Extreme risk
52776558133983|QRCode|false|2022-07-26 03:56:47.799|1659525044405|Low risk
52776558134105|QRCode|true|2022-07-26 10:01:10.546|1667621659652|Critical risk
52776558134157|QRCode|false|2022-07-27 11:25:28.699|1667653389401|Extreme risk
52776558133776|RFID|false|2022-07-28 17:03:12.966|1663683338159|Minimal risk
52776558134136|WIFI|false|2022-08-01 12:04:01.386|1668776393829|Very high risk
52776558133356|RFID|false|2022-08-01 15:28:05.436|1672125994327|Very high risk
52776558133371|MAC|false|2022-08-02 02:13:50.487|1663291894280|Critical risk
52776558133836|RFID|false|2022-08-05 07:30:44.423|1671129973908|Very high risk
52776558134147|POS|false|2022-08-06 09:42:09.328|1671025387381|Extreme risk
52776558134226|RFID|false|2022-08-07 17:05:44.852|1666321798033|Severe risk
52776558133751|QRCode|false|2022-08-08 04:02:47.47|1664743231023|Very high risk
52776558134031|QRCode|false|2022-08-09 03:59:46.678|1669717396396|Low risk
52776558133570|PHONE|false|2022-08-09 12:03:33.182|1670588040883|Low risk
52776558133591|NFC|false|2022-08-09 17:49:26.096|1664089274438|Minimal risk
52776558133621|POS|false|2022-08-09 21:30:34.758|1669453513341|Critical risk
52776558133520|RFID|false|2022-08-09 22:38:46.6|1663891309476|Low risk
52776558133862|MAC|false|2022-08-11 17:55:48.692|1663372227305|Very high risk
52776558133652|NFC|false|2022-08-12 02:35:22.217|1672267077138|Critical risk
52776558133555|WIFI|false|2022-08-12 14:13:51.307|1662924684790|Significant risk
52776558133548|ATM|false|2022-08-13 19:33:06.032|1665461962750|High risk
52776558134149|PHONE|false|2022-08-18 22:06:47.186|1669785023728|Extreme risk
52776558133584|IPv6|false|2022-08-19 19:12:58.629|1665084889772|High risk
52776558133495|ATM|false|2022-08-20 04:52:26.348|1668815577812|Significant risk
52776558134148|ATM|false|2022-08-20 16:38:03.086|1670083148935|Severe risk
52776558133851|QRCode|false|2022-08-21 13:40:01.058|1669897950714|Moderate risk
52776558134218|POS|false|2022-08-21 13:49:41.399|1668557701792|High risk
52776558133625|QRCode|false|2022-08-21 15:24:11.551|1668270379984|Low risk
52776558133379|QRCode|false|2022-08-23 22:36:56.255|1668445070235|Extreme risk
52776558133697|MAC|false|2022-08-23 23:59:40.929|1661513194825|Severe risk
52776558133513|WIFI|false|2022-08-24 04:45:20.437|1661853003817|Low risk
52776558134059|IPv6|false|2022-08-24 12:34:27.683|1668356869806|Very high risk
52776558133538|ATM|false|2022-08-24 15:16:45.771|1661787199549|High risk
52776558133347|IPv4|false|2022-08-24 15:43:39.156|1672039705934|Severe risk
52776558134121|QRCode|false|2022-08-26 10:31:54.666|1667041233992|Low risk
52776558133721|WIFI|false|2022-08-26 12:29:34.271|1666616303267|High risk
52776558133974|PHONE|false|2022-08-26 18:26:42.737|1663544957348|Critical risk
52776558133634|POS|false|2022-08-26 20:26:48.253|1666590329556|Moderate risk
52776558133258|NFC|false|2022-08-27 01:56:57.811|1664572028614|Severe risk
52776558133664|PHONE|false|2022-08-28 10:28:14.443|1662428306312|Low risk
52776558133318|POS|false|2022-08-29 03:50:11.857|1665672526000|Moderate risk
52776558133431|WIFI|false|2022-08-29 14:57:55.197|1669641782288|Significant risk
52776558133579|POS|false|2022-08-30 20:03:32.045|1666340348454|High risk
52776558134247|MAC|false|2022-08-31 22:01:35.042|1663369276666|Extreme risk
52776558134203|QRCode|false|2022-09-01 10:27:06.162|1672493624927|Low risk
52776558134065|MAC|false|2022-09-01 13:17:21.87|1665421642879|Extreme risk
52776558133759|QRCode|false|2022-09-02 09:11:03.491|1662730512146|Severe risk
52776558133279|RFID|false|2022-09-02 15:17:39.193|1668511159745|Extreme risk
52776558133922|PHONE|false|2022-09-03 00:48:21.815|1671857776224|Significant risk
52776558133954|NFC|false|2022-09-03 17:02:02.588|1662497037061|Minimal risk
52776558133387|ATM|false|2022-09-03 21:19:20.908|1668086609105|Moderate risk
52776558133841|WIFI|true|2022-09-04 04:47:44.733|1667650126136|Significant risk
52776558134094|NFC|false|2022-09-06 07:55:16.014|1671663935641|Critical risk
52776558133827|NFC|false|2022-09-07 17:27:31.312|1667227932056|Severe risk
52776558133978|IPv6|false|2022-09-10 00:30:54.444|1663178243889|Low risk
57174604644906|MAC|false|2022-09-11 00:10:29.716|1664712915977|High risk
57174604644832|QRCode|false|2022-09-12 01:44:24.015|1666070505012|Extreme risk
57174604645045|RFID|false|2022-09-12 05:12:31.132|1671228665467|Extreme risk
57174604645036|ATM|false|2022-09-14 19:06:53.325|1665421967122|Moderate risk
57174604645271|IPv6|false|2022-09-15 00:44:57.128|1663887984222|Critical risk
57174604644878|WIFI|false|2022-09-16 17:30:08.238|1669001348704|Significant risk
57174604645139|PHONE|false|2022-09-17 15:26:40.643|1667949537843|Low risk
57174604644418|POS|false|2022-09-19 12:23:58.418|1671094141112|Minimal risk
57174604644776|IPv4|false|2022-09-20 08:16:01.761|1666473552185|Critical risk
57174604644654|IPv6|false|2022-09-21 00:46:55.178|1672288763940|Significant risk
57174604644589|POS|false|2022-09-24 06:54:37.944|1665615578843|Significant risk
57174604645244|NFC|false|2022-09-24 12:29:05.751|1664601178490|Extreme risk
57174604645121|QRCode|false|2022-09-24 12:45:40.789|1664955056921|Minimal risk
57174604645077|QRCode|false|2022-09-24 13:13:56.903|1670388223470|Moderate risk
57174604644402|IPv6|false|2022-09-24 19:29:53.192|1671336783472|Minimal risk
57174604644950|MAC|false|2022-09-24 20:47:50.001|1666693230870|Extreme risk
57174604644788|WIFI|false|2022-09-25 15:36:49.171|1672351168149|Significant risk
57174604645096|IPv4|false|2022-09-26 16:32:01.964|1672172818020|High risk
57174604644605|IPv4|false|2022-09-26 17:19:03.441|1665753089422|High risk
57174604644698|IPv6|true|2022-09-26 21:33:32.21|1668243899594|Low risk
57174604644994|ATM|false|2022-09-27 11:48:54.429|1672194223474|High risk
57174604644723|RFID|false|2022-09-28 21:18:29.434|1668996421368|High risk
57174604644404|IPv6|false|2022-09-29 03:08:28.82|1666922503128|Severe risk
57174604645048|PHONE|false|2022-09-29 21:42:57.986|1667830222233|Severe risk
57174604644395|WIFI|false|2022-10-02 08:13:48.024|1666254824419|Significant risk
57174604644996|NFC|false|2022-10-02 13:04:00.191|1670907682935|Very high risk
57174604645056|IPv6|false|2022-10-02 14:05:03.357|1666424796290|High risk
57174604644421|ATM|false|2022-10-02 15:40:21.302|1670524118475|Very high risk
57174604645281|MAC|false|2022-10-02 22:52:41.433|1664775725233|Significant risk
57174604645202|POS|false|2022-10-04 12:34:30.773|1666453894306|Very high risk
57174604645128|IPv6|false|2022-10-04 18:03:04.077|1668170852352|Critical risk
57174604644700|RFID|false|2022-10-04 22:47:07.876|1668894868508|Low risk
57174604644772|POS|false|2022-10-05 13:00:25.426|1667049673669|Very high risk
57174604644508|RFID|false|2022-10-05 13:45:35.025|1671387459317|Extreme risk
57174604645283|IPv4|false|2022-10-05 14:43:43.182|1669376211445|Minimal risk
57174604644644|ATM|false|2022-10-06 23:24:08.816|1666675748283|High risk
57174604645224|RFID|false|2022-10-09 10:22:25.877|1667212828051|Extreme risk
57174604645197|IPv4|false|2022-10-09 12:02:42.46|1668027489745|Minimal risk
57174604644830|RFID|false|2022-10-13 07:44:11.58|1666758336137|Very high risk
57174604644693|NFC|false|2022-10-15 08:44:43.429|1668514909648|High risk
57174604644469|POS|false|2022-10-17 01:28:16.432|1668962143982|Low risk
57174604644796|POS|false|2022-10-18 10:49:34.66|1671960249199|Severe risk
57174604645099|QRCode|false|2022-10-20 05:47:47.969|1668149842813|High risk
57174604644540|POS|true|2022-10-20 20:17:10.207|1670806492323|Severe risk
57174604645159|RFID|false|2022-10-22 00:58:29.126|1667263654392|Severe risk
57174604644649|WIFI|false|2022-10-22 05:27:59.579|1667888314468|Critical risk
57174604644703|NFC|false|2022-10-22 07:38:04.151|1667729683393|Very high risk
57174604644742|POS|false|2022-10-23 06:49:50.003|1667956509934|Low risk
57174604644707|RFID|false|2022-10-25 19:02:41.498|1667393505694|Severe risk
57174604645012|QRCode|false|2022-10-28 14:05:05.231|1668888579776|Significant risk
57174604644627|WIFI|false|2022-11-04 01:40:31.241|1671929212192|Extreme risk
57174604644377|PHONE|false|2022-11-04 04:19:53.588|1670991622256|Significant risk
57174604645041|QRCode|false|2022-11-05 17:48:05.275|1669638125567|Significant risk
57174604645018|QRCode|false|2022-11-09 12:00:36.12|1669486435819|Critical risk
57174604644760|POS|false|2022-11-12 17:31:16.107|1671271157636|Moderate risk
57174604644367|IPv6|false|2022-11-13 21:30:27.746|1671914780944|Severe risk
57174604645287|WIFI|false|2022-11-15 07:16:29.759|1668617507546|High risk
57174604644621|RFID|false|2022-11-17 03:38:57.704|1669769665765|Moderate risk
57174604645024|RFID|false|2022-11-18 11:13:22.074|1669595653584|Extreme risk
57174604644834|WIFI|false|2022-11-18 16:20:30.397|1669587589422|Moderate risk
57174604645175|MAC|false|2022-11-18 19:27:38.955|1671557996010|Moderate risk
57174604644459|NFC|false|2022-11-19 21:18:38.861|1671062130643|Severe risk
57174604644799|IPv4|false|2022-11-21 09:44:30.16|1669747103048|Minimal risk
57174604644548|NFC|false|2022-11-22 19:00:41.726|1670164400241|Low risk
57174604644704|RFID|false|2022-11-24 12:43:43.16|1671210956768|Moderate risk
61572651155784|RFID|false|2022-11-26 01:31:55.702|1669780059284|Severe risk
61572651156091|IPv6|false|2022-11-26 04:15:51.116|1669768461186|High risk
61572651155717|RFID|false|2022-11-27 12:01:44.667|1671832124782|Very high risk
61572651155981|NFC|false|2022-11-28 09:28:21.012|1670284299024|Significant risk
61572651156018|PHONE|false|2022-11-28 20:29:20.794|1669736366374|Very high risk
